swipesPerHour,spamLinkCount,reportCount,profileCompleteness,hasProfilePhoto,isFaceVerified,bioHasContact,label
5.4136501168671485,0.0,0.0,0.5818155308133611,1.0,0.0,0.0,1
55.68371860726233,0.0,1.0,0.6087090400618472,1.0,0.0,0.0,0
12.999249187368365,1.0,0.0,0.632907101234517,1.0,1.0,0.0,0
119.70867171706213,0.0,4.0,0.4343945678626019,1.0,0.0,0.0,0
0.0,1.0,0.0,0.5316666067748038,1.0,0.0,1.0,0
34.17826008741171,1.0,1.0,0.35203469829342393,1.0,0.0,1.0,1
0.0,1.0,1.0,0.44153197004428507,1.0,1.0,1.0,0
77.65372309833292,1.0,0.0,0.23899989926943266,1.0,0.0,1.0,1
19.29428411101859,1.0,0.0,0.6765582643379447,1.0,1.0,1.0,0
45.35449576909459,0.0,1.0,0.6700988117938189,1.0,0.0,0.0,0
0.0,1.0,2.0,0.4872071450151409,1.0,1.0,1.0,0
46.403363795036725,0.0,1.0,0.6886302379506782,1.0,0.0,0.0,0
4.641781528812212,0.0,0.0,0.7096718359715731,1.0,1.0,0.0,0
92.39760757285474,0.0,2.0,0.7078188990030116,1.0,0.0,0.0,0
8.903521191936541,0.0,2.0,0.5214819240836243,1.0,1.0,0.0,0
0.0,0.0,0.0,0.42195932683395637,1.0,0.0,1.0,0
59.03719902634462,0.0,2.0,0.25125494103053536,1.0,0.0,0.0,0
28.726965792711226,1.0,1.0,0.32960987876778547,1.0,1.0,0.0,0
67.78311349492847,1.0,2.0,0.9549811539812476,0.0,1.0,0.0,1
13.884321389205477,0.0,2.0,0.7924588839104607,1.0,0.0,1.0,0
42.10897433049964,2.0,0.0,0.9911612806141494,1.0,0.0,0.0,1
4.541751650390866,0.0,0.0,0.6331927476914168,1.0,0.0,0.0,0
143.46919062072868,2.0,1.0,0.3573020529606683,0.0,0.0,1.0,1
27.021799945078847,1.0,2.0,0.6785268851708297,1.0,1.0,0.0,1
26.772742427734322,0.0,1.0,0.3145951057643588,1.0,0.0,0.0,0
0.0,1.0,1.0,0.4851816654958338,1.0,0.0,1.0,1
43.80816049937442,0.0,1.0,0.856017745897614,1.0,0.0,0.0,0
43.76258214844852,1.0,0.0,0.9201295297480806,1.0,0.0,0.0,0
6.191449465465112,0.0,0.0,0.2693162922224517,1.0,1.0,0.0,0
0.6999150204771585,1.0,1.0,0.7042437194343217,1.0,1.0,0.0,0
91.7883642800281,3.0,1.0,0.2853174408138869,0.0,0.0,1.0,1
52.82961771726585,1.0,0.0,0.8597153492912515,1.0,1.0,1.0,0
35.69927888632263,6.0,3.0,0.1824246008176818,0.0,0.0,1.0,0
93.73439373672606,0.0,1.0,0.17150422766629358,1.0,0.0,0.0,1
35.81473254920391,1.0,0.0,0.3222084419202405,0.0,1.0,1.0,0
41.89405554705353,2.0,0.0,0.5532722733360358,1.0,1.0,0.0,0
106.6666035028324,2.0,1.0,0.7174142269998018,0.0,0.0,1.0,1
88.74280106579648,0.0,3.0,0.5019478339507777,0.0,1.0,1.0,0
20.564823301402036,0.0,3.0,0.6657718938280944,1.0,1.0,0.0,0
11.054863868812108,1.0,0.0,0.2742131631099522,1.0,1.0,0.0,0
43.664051650940124,2.0,0.0,0.22922631336399282,1.0,1.0,1.0,0
139.85514209152268,2.0,3.0,0.24925238505943156,0.0,0.0,0.0,1
50.11186350655535,0.0,0.0,0.8245777733626972,1.0,0.0,0.0,0
64.29444346870672,1.0,0.0,0.5535280010319458,1.0,0.0,1.0,1
91.69610560776903,0.0,0.0,0.5307493364563383,1.0,0.0,1.0,0
60.51424908792132,0.0,1.0,0.46579161528614715,1.0,1.0,0.0,0
6.307755900457275,0.0,1.0,0.808336750629072,1.0,0.0,0.0,1
33.68263909150622,5.0,1.0,0.13197489751811367,1.0,0.0,1.0,1
119.69647562062393,0.0,1.0,0.4866809262272404,1.0,0.0,0.0,0
14.782162090224766,2.0,0.0,0.7920135688812715,1.0,0.0,0.0,1
7.347188353198976,0.0,0.0,0.5333159045585307,1.0,1.0,1.0,0
70.57874974738448,2.0,3.0,0.7641908077840721,1.0,0.0,1.0,0
31.437487305196466,0.0,1.0,0.785045196449397,1.0,0.0,1.0,0
31.361959917346955,0.0,3.0,0.258819939580707,1.0,1.0,1.0,1
79.28048636545923,1.0,2.0,0.8405207670702016,1.0,0.0,1.0,0
4.760228769691032,1.0,1.0,0.6296961627148132,1.0,0.0,0.0,0
35.386421906967236,1.0,1.0,0.4749097429716896,1.0,0.0,0.0,1
66.93460582523136,1.0,2.0,0.4461378692022273,1.0,0.0,1.0,1
25.977729685945135,1.0,2.0,0.3956981476663222,1.0,0.0,1.0,1
84.09391412674908,4.0,2.0,0.33109741738573656,1.0,0.0,0.0,1
4.522173131093276,0.0,1.0,0.46023140113987876,0.0,0.0,1.0,0
40.881658198376286,2.0,0.0,0.5182897068536255,1.0,1.0,0.0,0
29.660604914560995,0.0,0.0,0.8575003288498276,0.0,1.0,1.0,1
36.663400836845895,2.0,0.0,0.5074108969837642,1.0,0.0,0.0,0
54.66987991374123,1.0,3.0,0.47656186018580554,1.0,0.0,1.0,1
63.825122341141864,0.0,0.0,0.5769547246840658,1.0,0.0,0.0,0
3.037153097480676,0.0,2.0,0.42996612589014643,0.0,0.0,0.0,1
16.59930271348312,0.0,0.0,0.8927251888340907,1.0,1.0,0.0,0
0.0,0.0,3.0,0.7140831534722236,1.0,0.0,0.0,0
64.60895683561363,2.0,1.0,0.5585224960800592,1.0,0.0,0.0,1
0.0,0.0,2.0,0.7939883712032754,1.0,0.0,0.0,0
14.002172373847392,1.0,0.0,0.4199231399218682,1.0,0.0,1.0,0
76.10866323017825,4.0,1.0,0.5296333232439184,1.0,0.0,1.0,0
49.0084934781641,0.0,0.0,0.6400660723584635,1.0,0.0,1.0,0
41.86446620469122,0.0,1.0,0.25830711360967074,1.0,0.0,0.0,0
11.34050830635293,0.0,1.0,0.5505771607445904,1.0,0.0,0.0,0
101.85670713608363,0.0,1.0,0.061312195672180346,0.0,1.0,0.0,1
87.96636215526287,6.0,0.0,0.13771927830892156,1.0,0.0,1.0,0
30.436592922398383,1.0,2.0,0.37751156600706676,1.0,0.0,0.0,0
21.440247062341232,2.0,0.0,0.6205427869610615,1.0,1.0,0.0,0
20.635161317088208,2.0,0.0,0.3651931498997549,1.0,1.0,0.0,0
57.68213006607216,0.0,3.0,0.5266821960025758,1.0,1.0,1.0,0
36.106999947969925,0.0,1.0,0.5631932290736282,1.0,1.0,0.0,0
73.15816196065327,0.0,0.0,0.5857128894997349,1.0,1.0,0.0,0
95.98533838673839,0.0,2.0,0.19883304724426423,1.0,0.0,0.0,0
68.97500049978838,0.0,0.0,0.03358847464106536,1.0,0.0,1.0,1
15.287444486957185,0.0,2.0,0.8305976470994018,1.0,0.0,1.0,1
33.509831841501494,0.0,0.0,0.651966554057812,1.0,1.0,0.0,0
18.816399505882345,1.0,0.0,0.46318240202490774,1.0,0.0,0.0,0
5.5768702927462535,0.0,0.0,0.24418415519981418,1.0,1.0,1.0,0
14.61802576774852,0.0,1.0,0.5555078231598125,1.0,0.0,0.0,0
26.550133120557327,0.0,3.0,0.8758539275721211,1.0,0.0,1.0,1
14.15342690226323,2.0,1.0,0.7388018203702695,0.0,0.0,1.0,1
67.91239162725256,1.0,2.0,0.06647524931458329,1.0,0.0,1.0,1
134.08998144936297,2.0,1.0,0.333721017150054,1.0,0.0,0.0,0
31.71343348620801,2.0,0.0,0.77905514584116,1.0,1.0,0.0,1
29.542406021491068,0.0,2.0,0.5837859197431522,1.0,1.0,0.0,1
21.4435009679672,5.0,1.0,0.8147303059521008,1.0,0.0,0.0,1
28.659171458549856,0.0,1.0,0.6717049631691067,1.0,1.0,1.0,0
45.80630496411149,0.0,1.0,0.6404514146131551,1.0,0.0,0.0,0
4.625755898273315,0.0,0.0,0.2449100235237964,1.0,0.0,0.0,0
74.63179758939769,2.0,4.0,0.6740407601233452,1.0,0.0,1.0,1
69.39456821017373,0.0,2.0,0.46977128247218813,1.0,0.0,0.0,1
0.0,0.0,2.0,0.35772045192219193,1.0,1.0,0.0,0
16.28385670697116,1.0,0.0,0.8329222435683992,1.0,0.0,0.0,0
41.160639932113554,0.0,1.0,0.5890672234261328,0.0,0.0,1.0,0
12.195086513635102,0.0,3.0,0.5129515484312295,1.0,1.0,0.0,0
119.44332485484941,1.0,1.0,0.21700809764565515,0.0,0.0,0.0,1
3.4722898096322865,0.0,3.0,0.6321771990465909,1.0,0.0,1.0,1
31.80169195012252,0.0,1.0,0.7088523221429415,1.0,1.0,0.0,0
0.0,1.0,2.0,0.5895481013359782,0.0,0.0,0.0,1
23.662319637684885,1.0,1.0,0.3444728997262645,1.0,0.0,0.0,0
0.0,0.0,2.0,0.33444373161115887,1.0,1.0,0.0,0
0.0,0.0,1.0,0.7700773597396087,1.0,1.0,0.0,0
20.296404021219757,1.0,0.0,0.7583021487493123,1.0,1.0,1.0,0
0.0,1.0,0.0,0.7056505438828894,1.0,0.0,0.0,0
6.056655004036422,2.0,1.0,0.38890167058743597,1.0,0.0,1.0,0
49.79775165252783,1.0,1.0,0.5452968444297296,1.0,0.0,0.0,0
48.360045266923834,0.0,1.0,0.6403658151188586,1.0,0.0,0.0,0
85.11942092354657,1.0,1.0,0.45101282317981717,1.0,0.0,0.0,0
32.206118006519475,1.0,0.0,0.4450108601347461,1.0,0.0,1.0,0
29.412231657214317,1.0,1.0,0.4581098734253438,1.0,0.0,1.0,1
0.0,0.0,1.0,0.5987747132889107,1.0,1.0,1.0,0
0.0,0.0,0.0,0.1150876479147826,1.0,1.0,0.0,1
42.25264560998984,3.0,1.0,0.4887845851210715,1.0,0.0,1.0,1
33.048320425958664,0.0,0.0,0.3065416264069482,1.0,1.0,1.0,0
2.5381435369252863,0.0,1.0,0.6389308675094443,1.0,0.0,0.0,0
7.914048757662403,1.0,1.0,0.31577904309995786,1.0,1.0,0.0,0
41.13077668280582,0.0,2.0,0.20823623700324775,1.0,0.0,1.0,1
27.44918552838265,0.0,0.0,0.6819107155800266,1.0,0.0,0.0,1
22.341488123744764,2.0,0.0,0.6614522447961586,1.0,0.0,1.0,0
7.1368837805258885,5.0,2.0,0.38338381507478203,0.0,0.0,0.0,1
36.45842121343738,1.0,5.0,0.33361614086302016,1.0,0.0,0.0,1
116.85514042760772,0.0,0.0,0.5388194472211054,1.0,1.0,0.0,0
4.340243977674688,1.0,1.0,0.8895566309075631,1.0,1.0,0.0,0
44.89423569263593,0.0,1.0,0.7689936084883111,1.0,1.0,0.0,0
20.10906599636713,1.0,2.0,0.3577850562421942,1.0,1.0,0.0,0
30.50502128960651,1.0,2.0,0.5167732544221627,1.0,0.0,0.0,1
0.0,1.0,0.0,0.5119924680707023,1.0,1.0,0.0,0
0.0,2.0,0.0,0.7385767248977724,1.0,1.0,0.0,0
4.664842415649359,1.0,0.0,0.517059166827651,1.0,1.0,1.0,0
67.91500003867863,0.0,0.0,0.2113637906676866,1.0,1.0,0.0,0
10.892855694139719,0.0,2.0,0.5695503741454632,1.0,0.0,0.0,0
77.31716934228484,4.0,1.0,0.21950789385755967,0.0,0.0,1.0,1
4.020149083826383,1.0,0.0,0.926472418481874,1.0,0.0,0.0,0
0.0,1.0,0.0,0.21391326369225447,1.0,1.0,0.0,0
34.17247143740924,0.0,2.0,0.09335898574383676,1.0,1.0,0.0,0
73.58937348459703,4.0,1.0,0.27345902616849677,1.0,0.0,1.0,0
5.400088133021427,0.0,0.0,0.10610300120417535,1.0,0.0,0.0,1
19.383474269704024,0.0,0.0,0.529303973736186,1.0,0.0,0.0,0
25.05319781290774,1.0,2.0,0.6023937598987097,1.0,1.0,0.0,0
2.3229714655847538,5.0,3.0,0.570206305520143,1.0,0.0,0.0,1
39.567712591638376,2.0,2.0,0.2704623570826578,0.0,0.0,0.0,1
0.0,1.0,0.0,0.7560183096814104,1.0,1.0,1.0,0
13.956478793659969,2.0,1.0,0.31099836106197776,1.0,1.0,1.0,1
5.7005928302839575,1.0,0.0,0.6299801732946133,1.0,1.0,0.0,0
0.0,1.0,0.0,0.46256002569119326,1.0,1.0,1.0,0
36.47426237613752,1.0,2.0,0.7037541061305224,1.0,0.0,0.0,0
0.0,1.0,2.0,0.30156081517952427,1.0,0.0,1.0,1
6.039361287528106,1.0,1.0,0.45154960517403675,1.0,1.0,0.0,0
11.796175179707294,0.0,1.0,0.4853847070010362,0.0,1.0,0.0,0
0.0,0.0,1.0,0.7633580022523208,1.0,1.0,0.0,0
79.817415579298,1.0,0.0,0.39418961949670894,1.0,1.0,0.0,1
0.0,1.0,2.0,0.8569579370489501,1.0,1.0,0.0,1
0.0,0.0,1.0,0.290746881430388,1.0,0.0,0.0,0
13.775265016169712,1.0,0.0,0.4985122722714375,1.0,1.0,0.0,1
0.0,1.0,0.0,0.6828516331841074,1.0,1.0,0.0,0
2.422455063085497,0.0,0.0,0.6233993591396432,1.0,0.0,0.0,0
0.0,0.0,1.0,0.7147612807983803,0.0,0.0,0.0,0
34.59166568635145,0.0,1.0,0.1850999447103678,1.0,1.0,0.0,0
17.030120543409204,0.0,1.0,0.6714926870606703,1.0,0.0,1.0,0
0.0,1.0,0.0,0.8082573105236208,1.0,1.0,0.0,0
102.5212102091942,3.0,5.0,0.10339858135924909,1.0,0.0,0.0,1
27.562146917257,1.0,0.0,0.335307033565601,1.0,0.0,0.0,0
10.641605909474723,0.0,2.0,0.4410876813665927,1.0,0.0,0.0,1
65.89480728093992,1.0,0.0,0.42652116645606747,1.0,0.0,1.0,0
14.310002331299785,0.0,0.0,0.5423668138814918,1.0,0.0,1.0,0
27.946610464807122,1.0,1.0,0.558392763535302,1.0,0.0,0.0,1
20.50574562538345,1.0,0.0,0.7685999842394918,1.0,1.0,0.0,0
0.0,0.0,0.0,0.8242484397809032,1.0,0.0,1.0,0
47.778083634436896,1.0,0.0,0.7335880243421583,1.0,1.0,0.0,0
38.00227972595977,0.0,1.0,0.630287230067293,1.0,1.0,1.0,0
10.012568735937727,0.0,0.0,0.46276324137888913,1.0,1.0,0.0,0
62.40795185601188,0.0,2.0,0.3571639020280944,1.0,0.0,1.0,1
35.98457101958668,1.0,1.0,0.8130539822771979,1.0,1.0,1.0,1
0.0,0.0,0.0,0.7417273660694335,1.0,1.0,0.0,0
0.0,0.0,0.0,0.8716291765378358,1.0,0.0,1.0,0
15.05859213108651,0.0,3.0,0.6562317009718259,1.0,0.0,0.0,1
122.23714163195815,3.0,1.0,0.2616061468964468,1.0,0.0,0.0,1
15.518225338572085,2.0,1.0,0.9399082595764916,1.0,0.0,0.0,0
2.26306300853653,2.0,0.0,0.5386763794300206,1.0,1.0,0.0,0
0.0,0.0,1.0,0.4561817292668747,1.0,1.0,0.0,0
0.0,1.0,0.0,0.9095964867792964,1.0,0.0,0.0,0
10.67890596496901,1.0,1.0,0.3866504419141865,1.0,0.0,0.0,0
0.0,0.0,2.0,0.6526619771283858,1.0,1.0,1.0,0
58.01164579018895,0.0,2.0,0.6821780614947447,1.0,1.0,0.0,0
0.0,0.0,1.0,0.5809662846304329,1.0,0.0,1.0,0
27.96640427931711,3.0,0.0,0.5482733820699474,1.0,0.0,1.0,1
0.0,0.0,1.0,0.6295007894017913,1.0,0.0,0.0,0
45.81736539211886,0.0,1.0,0.7143994790160089,1.0,1.0,0.0,0
6.968872398296398,0.0,1.0,0.4365562533517896,1.0,0.0,0.0,0
0.0,1.0,1.0,0.8827089133657731,1.0,1.0,0.0,0
61.55133355012691,0.0,1.0,0.6224348068402303,1.0,0.0,0.0,0
53.20231692509329,2.0,1.0,0.15168483163026775,1.0,1.0,1.0,1
61.79362368342517,3.0,1.0,0.35328458422499254,1.0,0.0,1.0,1
5.969422568408815,0.0,0.0,0.8966255377719548,1.0,1.0,0.0,0
0.0,1.0,0.0,0.6430152133225218,1.0,1.0,0.0,0
21.484824299246682,0.0,1.0,0.39166534500819244,1.0,1.0,0.0,0
26.98601874172231,0.0,0.0,0.8276889249357692,1.0,1.0,0.0,0
28.41740204341319,0.0,0.0,0.42376998851634234,1.0,0.0,1.0,0
58.10809185181658,0.0,1.0,0.7862690416817386,1.0,0.0,1.0,0
0.0,0.0,1.0,0.20529065526270063,0.0,1.0,0.0,0
0.0,0.0,2.0,0.39034384198076183,1.0,1.0,0.0,0
2.0479056920009255,0.0,0.0,0.9145095383492708,1.0,0.0,0.0,0
22.17593072545397,0.0,0.0,0.26438233336757117,1.0,0.0,0.0,0
9.436988949217405,0.0,0.0,0.7984252321885965,1.0,0.0,0.0,0
0.0,0.0,0.0,0.46616015992705606,0.0,1.0,0.0,0
0.0,3.0,1.0,0.33022455767387326,1.0,1.0,0.0,0
32.52267906792282,3.0,0.0,0.7063688232337196,1.0,0.0,1.0,0
40.89691975906222,0.0,0.0,0.4092866004814845,0.0,1.0,0.0,0
0.0,0.0,0.0,0.8640686243503316,1.0,1.0,0.0,0
62.75866009770584,1.0,1.0,0.2496345969749838,1.0,1.0,0.0,1
103.25264774011734,3.0,1.0,0.1159990536742545,1.0,0.0,0.0,1
30.598664565820513,1.0,1.0,0.6504962199109604,1.0,0.0,0.0,1
15.66781764938765,0.0,3.0,0.14596458097320905,0.0,1.0,0.0,1
37.40452026012411,0.0,0.0,0.6726596600980761,1.0,0.0,1.0,0
21.05567083027094,1.0,1.0,0.8046085479487909,0.0,1.0,1.0,0
41.426373356244326,2.0,2.0,0.05940235452639598,0.0,0.0,1.0,1
5.65307562378133,1.0,1.0,0.42699289438104665,1.0,1.0,0.0,0
5.755306101393814,0.0,1.0,0.7122504420904292,1.0,0.0,0.0,0
54.52802470178888,1.0,0.0,0.5719328681685181,1.0,0.0,0.0,1
123.24048036223586,2.0,1.0,0.42498802833113236,1.0,0.0,1.0,1
91.73323605261878,0.0,1.0,0.48851388096580795,1.0,1.0,0.0,1
86.17584555411543,0.0,2.0,0.2838251087068288,0.0,0.0,0.0,1
114.58390835778525,2.0,1.0,0.5204218907717547,1.0,0.0,1.0,1
21.58806700603285,0.0,0.0,0.4475042377548358,1.0,1.0,0.0,0
21.785929707634125,0.0,1.0,0.6819433371877135,1.0,1.0,1.0,0
0.0,3.0,2.0,0.29253887396771855,1.0,0.0,1.0,0
13.815083010756641,1.0,2.0,0.5072086545056497,1.0,1.0,1.0,0
41.28647683880996,2.0,1.0,0.48481715958087074,1.0,0.0,0.0,0
11.024955577553639,0.0,0.0,0.9634919117856816,1.0,0.0,0.0,0
17.498356198165258,1.0,2.0,0.4727779841806703,1.0,1.0,0.0,0
37.57526959949249,2.0,3.0,0.8851661584627862,1.0,0.0,1.0,1
120.09086634137326,1.0,3.0,0.07848388888095784,1.0,0.0,1.0,1
54.90246444842763,4.0,3.0,0.7127236184856353,1.0,0.0,1.0,1
28.882599683403214,2.0,2.0,0.5429936799372471,0.0,0.0,0.0,1
13.360886222616863,1.0,0.0,0.8493850703475181,1.0,1.0,1.0,0
25.03661701074335,3.0,2.0,0.20654681813263753,1.0,0.0,1.0,1
4.242290773014217,1.0,1.0,0.8479704682105712,1.0,0.0,1.0,0
13.397073465035108,0.0,0.0,0.38089956827971927,1.0,0.0,1.0,0
43.689974249754414,0.0,0.0,0.2413379306065497,1.0,0.0,0.0,0
0.0,0.0,0.0,0.623612891396518,1.0,1.0,0.0,0
2.1566273586000198,0.0,1.0,0.738320193869648,0.0,1.0,0.0,0
30.956724648039515,0.0,0.0,0.9714032390092309,1.0,1.0,0.0,0
18.03273328033317,0.0,0.0,0.389783927198025,1.0,0.0,0.0,0
17.718447932588237,2.0,0.0,0.4457438808176773,1.0,0.0,0.0,0
23.82018820254941,1.0,2.0,0.6054319177620117,1.0,1.0,1.0,0
41.66004139343801,0.0,1.0,0.6207215005094189,1.0,1.0,0.0,0
0.0,0.0,0.0,0.9622439546345235,1.0,1.0,1.0,0
0.0,0.0,1.0,0.4198898114347236,1.0,1.0,1.0,0
95.08741704065449,4.0,1.0,0.2678423033241828,1.0,0.0,1.0,1
29.478332048811723,0.0,0.0,0.7577477276015815,1.0,0.0,0.0,0
8.609656452515505,0.0,0.0,0.5897447793850703,1.0,0.0,1.0,0
39.2997723049097,1.0,1.0,0.7727481652079847,1.0,0.0,0.0,0
0.0,1.0,0.0,0.46932166506904965,1.0,1.0,0.0,1
30.250235932566664,2.0,1.0,0.6277935492175127,1.0,1.0,0.0,0
37.47672950375491,2.0,1.0,0.7301317947613236,1.0,0.0,1.0,1
37.53868203282845,1.0,1.0,0.5549748296114327,0.0,0.0,0.0,1
61.000976243579366,1.0,1.0,0.6297632463609769,1.0,0.0,0.0,0
88.05064016876821,3.0,2.0,0.4651447959908997,1.0,0.0,0.0,0
0.0,0.0,1.0,0.552452512920412,1.0,0.0,0.0,0
25.64898746009185,0.0,1.0,0.7460712781779913,1.0,1.0,0.0,0
2.9613903558852366,1.0,3.0,0.8850161629645567,1.0,1.0,0.0,0
0.0,2.0,1.0,0.8260316400028295,1.0,0.0,0.0,0
21.23625838091438,0.0,1.0,0.7715012403952975,1.0,1.0,0.0,0
65.18453265071001,0.0,2.0,0.9401155007885174,1.0,0.0,0.0,0
0.0,1.0,1.0,0.43740252569805604,1.0,0.0,1.0,0
49.35297321360415,2.0,2.0,0.15294558362642532,1.0,0.0,1.0,0
40.33149475960648,0.0,5.0,0.7978440985650411,1.0,0.0,1.0,1
47.51558683797144,0.0,0.0,0.7159814242868305,1.0,1.0,1.0,0
9.692235473157233,0.0,2.0,0.660874031334917,1.0,1.0,0.0,0
65.17749701228222,0.0,1.0,0.5043110863575341,1.0,0.0,0.0,0
27.473151189989114,1.0,1.0,0.7271545930564206,1.0,0.0,0.0,1
19.34568753110107,2.0,1.0,0.4729422608190532,1.0,1.0,1.0,1
26.08945804947827,0.0,1.0,0.8339611769567569,0.0,0.0,1.0,0
21.380934117655272,0.0,1.0,0.5088649565653006,1.0,0.0,1.0,0
0.0,1.0,1.0,0.6351023865291583,1.0,0.0,0.0,0
37.65731449808487,0.0,1.0,0.46608027232139,1.0,1.0,0.0,0
0.0,1.0,0.0,0.6326150568421645,0.0,0.0,0.0,0
52.696732315984036,0.0,0.0,0.9069730737158341,1.0,0.0,1.0,1
37.655278966893015,2.0,0.0,0.1577653257104687,1.0,0.0,1.0,1
98.3655887510206,2.0,2.0,0.45189318985293914,1.0,0.0,0.0,1
19.61446103874419,0.0,2.0,0.7954266621990107,1.0,1.0,0.0,0
62.94100873042628,1.0,2.0,0.5453304203554594,1.0,0.0,0.0,1
0.0,1.0,1.0,0.30747571319596356,1.0,0.0,1.0,0
30.090114394158164,1.0,1.0,0.18146401377176966,1.0,1.0,0.0,0
4.809403512742678,0.0,0.0,0.5946419224143932,1.0,1.0,0.0,0
64.16214361758756,1.0,1.0,0.558066799160923,1.0,1.0,0.0,1
25.058842662336097,2.0,2.0,0.39349957461221247,1.0,1.0,0.0,0
0.0,1.0,0.0,0.6433166009822625,1.0,0.0,0.0,0
22.12102528892435,2.0,1.0,0.5879199786728041,1.0,1.0,0.0,0
0.0,0.0,0.0,0.7830344265344901,1.0,1.0,1.0,0
14.706248576503683,0.0,0.0,0.4663995501539192,1.0,1.0,0.0,0
37.42702731945429,0.0,3.0,0.5504855864382844,1.0,1.0,1.0,0
47.35075925024705,2.0,2.0,0.15681361776386413,1.0,0.0,1.0,1
25.503483574623424,0.0,0.0,0.8443389657817923,1.0,1.0,0.0,1
22.068203666471042,0.0,0.0,0.7075047763209625,1.0,0.0,1.0,0
99.47468577726671,0.0,2.0,0.6441502789747529,1.0,1.0,1.0,1
18.613412168667164,1.0,1.0,0.5577693725751469,1.0,1.0,0.0,0
34.711280618802064,1.0,0.0,0.3869947553948685,1.0,1.0,1.0,0
19.856920040616988,0.0,0.0,0.320043757440342,1.0,0.0,1.0,0
4.635008870685766,0.0,1.0,0.3890254824135525,1.0,1.0,0.0,0
46.78330548441018,1.0,1.0,0.7077083877558955,1.0,0.0,0.0,0
0.0,1.0,0.0,0.699373324642759,1.0,1.0,0.0,0
0.0,2.0,1.0,0.7543290887194908,1.0,1.0,0.0,0
15.428069805868283,0.0,1.0,0.6578690555304774,1.0,1.0,0.0,0
0.0,0.0,0.0,0.4272795917334078,1.0,0.0,1.0,1
20.288623856141612,0.0,0.0,0.7894681482071508,1.0,1.0,0.0,1
19.40706226432708,1.0,1.0,0.8205956905124004,1.0,0.0,0.0,1
29.413759294971932,1.0,1.0,0.875241081286478,1.0,0.0,1.0,1
47.588955805038175,1.0,0.0,0.48251159666062765,1.0,1.0,1.0,0
9.830341665452671,1.0,0.0,0.6911424333401708,1.0,1.0,1.0,0
0.0,2.0,1.0,0.8202883917918184,1.0,0.0,0.0,0
12.308175115819186,0.0,1.0,0.5914372444880522,1.0,0.0,0.0,0
13.21658746682986,1.0,2.0,0.19749955877036987,1.0,1.0,1.0,1
26.982561951577576,1.0,1.0,0.8041248067154143,1.0,0.0,0.0,1
64.05088401187336,3.0,1.0,0.38559185200610646,0.0,0.0,1.0,1
6.249236709478442,3.0,1.0,0.18584864658316852,1.0,0.0,1.0,1
34.503044171208515,1.0,2.0,0.7222892545767196,1.0,0.0,1.0,1
66.07921334097016,0.0,0.0,0.2937794316897085,1.0,0.0,1.0,0
131.8457127165548,2.0,1.0,0.2333324280164438,1.0,0.0,0.0,1
31.99629442930356,2.0,2.0,0.5260411504926402,1.0,1.0,0.0,1
17.148176054254627,0.0,0.0,0.6294156001645671,1.0,1.0,0.0,0
52.63393138915501,0.0,3.0,0.8745921067489852,1.0,0.0,1.0,1
0.0,1.0,0.0,0.7637495140266705,1.0,0.0,0.0,0
0.0,0.0,1.0,0.17108050343105044,1.0,0.0,0.0,0
73.30303281319348,0.0,2.0,0.5574312541762814,1.0,0.0,1.0,0
61.31791691571028,1.0,1.0,0.217875099588154,1.0,0.0,0.0,1
41.258192956452746,0.0,0.0,0.5584637325717282,1.0,1.0,0.0,0
67.82919491140649,0.0,2.0,0.6522616921347262,1.0,1.0,1.0,0
64.1464091078906,1.0,1.0,0.6742387580229539,1.0,1.0,0.0,0
1.1185621891276076,1.0,1.0,0.5129859759529543,1.0,0.0,1.0,0
0.0,0.0,2.0,0.8687163221765853,1.0,1.0,1.0,0
0.0,0.0,0.0,0.5393381034784003,0.0,1.0,0.0,1
61.07873249189452,0.0,0.0,0.7186252289764948,1.0,1.0,0.0,0
27.2772627875396,0.0,1.0,0.4545131366398659,0.0,1.0,0.0,0
6.3244670336853535,0.0,2.0,0.38793541150621935,1.0,0.0,1.0,0
25.647767085898668,0.0,0.0,0.6198163829554107,1.0,1.0,0.0,0
5.208567248246525,1.0,2.0,0.2695331312669558,1.0,0.0,1.0,1
0.0,2.0,1.0,0.9333155099413727,0.0,1.0,0.0,0
38.99968088505987,1.0,0.0,0.5867971767719847,1.0,1.0,1.0,0
0.0,1.0,1.0,0.9371826718024305,1.0,0.0,1.0,0
1.0381778456659134,0.0,0.0,0.6061608813257162,1.0,0.0,1.0,1
9.625449309408001,1.0,0.0,0.06550244981362856,1.0,1.0,0.0,0
10.86892163341006,1.0,0.0,0.6051658667057219,1.0,0.0,0.0,0
77.47662834744337,1.0,0.0,0.300805040345678,1.0,0.0,0.0,0
74.00574028616775,0.0,1.0,0.45026682864977063,1.0,0.0,0.0,0
0.0,1.0,0.0,0.816319211879604,1.0,0.0,1.0,0
35.32188413255983,0.0,1.0,0.1880087521099382,1.0,1.0,0.0,0
20.27927942501981,0.0,1.0,0.36842113058187237,1.0,1.0,0.0,0
0.7357231177129044,0.0,0.0,0.5089191772338161,1.0,1.0,0.0,0
77.25165983099761,4.0,3.0,0.08623539458717742,1.0,0.0,1.0,1
33.642934779917084,0.0,0.0,0.43547786112889303,1.0,1.0,0.0,0
0.0,0.0,1.0,0.6856922502678229,1.0,1.0,0.0,0
34.08552956202512,0.0,1.0,0.6652039751684978,1.0,1.0,0.0,0
48.26102501443219,0.0,0.0,0.5265340625768546,1.0,0.0,1.0,0
64.16778026951107,2.0,2.0,0.8154564195886538,1.0,0.0,1.0,1
21.896613689058817,2.0,0.0,0.7067804858106838,1.0,1.0,0.0,1
0.0,0.0,0.0,0.4504357455686637,1.0,1.0,1.0,0
95.03113638436672,1.0,2.0,0.5146451399913564,0.0,1.0,1.0,1
0.0,0.0,2.0,0.3044939751110137,1.0,1.0,0.0,1
166.09959344693468,1.0,2.0,0.4178206430298658,1.0,0.0,1.0,0
14.48331926781929,2.0,0.0,0.7358326736358827,1.0,0.0,1.0,0
17.092620986988713,1.0,2.0,0.5875714408710968,1.0,0.0,0.0,1
17.788504194201852,1.0,2.0,0.3669294511662261,1.0,1.0,1.0,0
25.410962239197584,0.0,2.0,0.1458735938372723,0.0,0.0,0.0,1
14.785029748478195,0.0,0.0,0.2725637904431696,1.0,0.0,0.0,0
19.214190374593496,2.0,3.0,0.6629769538327159,1.0,1.0,1.0,1
17.971466617707193,0.0,0.0,0.6298501477747303,1.0,1.0,0.0,0
13.661268327922915,1.0,4.0,0.7840783951906392,1.0,0.0,0.0,0
28.541658972934165,1.0,0.0,0.4953657159690754,1.0,0.0,0.0,0
0.0,0.0,1.0,0.6028822527056499,1.0,0.0,0.0,0
53.68803236708396,0.0,0.0,0.4050308813463683,1.0,1.0,0.0,0
41.983143806282825,0.0,0.0,0.6275161182611247,1.0,0.0,1.0,0
50.86682167054637,2.0,3.0,0.30293766550186385,1.0,0.0,1.0,0
16.56037271283004,1.0,0.0,0.3366405621522865,1.0,1.0,0.0,0
31.82791985463229,2.0,0.0,0.5223341300554253,1.0,0.0,1.0,1
27.521818987028936,3.0,0.0,0.42285710945835414,0.0,0.0,0.0,0
8.63235601866942,2.0,8.0,0.6455399471272262,1.0,0.0,1.0,1
0.0,0.0,3.0,0.6295795172660328,1.0,0.0,0.0,0
65.73882064507372,0.0,1.0,0.4215299564124258,0.0,1.0,0.0,0
16.329982106165943,0.0,0.0,0.42524942601508436,1.0,0.0,0.0,0
28.416404097903573,0.0,2.0,0.2455942563636414,1.0,0.0,0.0,0
44.32335996241696,2.0,0.0,0.5976330076134371,1.0,1.0,0.0,0
37.76589570667285,0.0,0.0,0.781104850105654,1.0,0.0,0.0,1
61.30201112860939,3.0,1.0,0.0795685014064893,1.0,1.0,0.0,1
0.0,0.0,0.0,0.3840722453451533,1.0,0.0,1.0,0
20.98995337045481,1.0,0.0,0.4620123189550102,1.0,0.0,0.0,0
4.746608010316411,0.0,1.0,0.6793273737501856,1.0,0.0,0.0,0
11.631605045244772,1.0,1.0,0.7805365457890996,1.0,1.0,0.0,0
18.932592269646115,1.0,3.0,0.5566086527259936,1.0,0.0,1.0,1
43.07777272331218,0.0,2.0,0.844028263285051,1.0,1.0,0.0,1
17.69830774765021,1.0,4.0,0.42677638137669976,1.0,0.0,0.0,0
71.74478836409718,5.0,0.0,0.3540341075415064,1.0,0.0,1.0,1
0.0,0.0,2.0,0.37094141764676125,1.0,1.0,0.0,0
10.108897123301979,0.0,2.0,0.8657646744654838,1.0,0.0,1.0,0
0.0,1.0,2.0,0.4291331160455071,1.0,1.0,0.0,1
0.0,2.0,2.0,0.3058212622795161,1.0,1.0,0.0,0
36.87309864025816,0.0,0.0,0.7285564102680522,1.0,0.0,1.0,0
0.0,1.0,0.0,0.40924372860485064,1.0,0.0,0.0,0
50.62255838711897,0.0,1.0,0.5865271316671682,1.0,0.0,1.0,0
3.7022630798903506,0.0,2.0,0.6845581318175175,1.0,1.0,0.0,0
47.13911197782943,1.0,2.0,0.6210291132185075,1.0,0.0,1.0,1
11.621316963639256,0.0,0.0,0.830044490438421,1.0,1.0,0.0,0
19.560163588241736,3.0,0.0,0.6228721280806899,1.0,1.0,0.0,0
6.122767345442234,2.0,2.0,0.961880616510445,1.0,1.0,0.0,0
15.633671071914925,2.0,0.0,0.7423867774280934,1.0,0.0,0.0,1
16.296757913358455,0.0,1.0,0.6865421841460015,1.0,0.0,0.0,1
0.0,1.0,1.0,0.45887614631675144,1.0,0.0,0.0,0
48.94655442695087,1.0,0.0,0.6663731118781405,1.0,1.0,1.0,0
19.308978928508893,0.0,0.0,0.8184655119417096,1.0,1.0,0.0,0
49.0450093006756,1.0,0.0,0.22913191391824467,1.0,1.0,0.0,0
65.08545402749905,1.0,1.0,0.23285763853675384,0.0,0.0,1.0,1
5.802397987102834,0.0,0.0,0.44437657298948857,1.0,1.0,0.0,0
23.456565099403164,1.0,5.0,0.285711764072721,0.0,0.0,1.0,1
6.385418481652328,0.0,1.0,0.49689277402415455,1.0,1.0,1.0,0
55.16524886997108,0.0,3.0,0.4488274239671331,1.0,1.0,1.0,1
5.965754086303301,0.0,0.0,0.7593295788349214,1.0,0.0,1.0,0
34.45600135930449,2.0,2.0,0.4038165342978437,1.0,0.0,1.0,1
6.794479829953222,1.0,2.0,0.4873850200033478,1.0,0.0,1.0,0
5.814342924453712,0.0,0.0,0.5508114203972627,1.0,1.0,1.0,1
1.9696166978384602,0.0,2.0,0.8389003244718526,1.0,0.0,0.0,0
0.0,2.0,0.0,0.7483276325810381,1.0,0.0,1.0,0
72.3015553324362,2.0,2.0,0.4574895729625343,1.0,0.0,1.0,1
38.797129817101904,0.0,0.0,0.7696730104143102,1.0,0.0,0.0,0
58.67031968146006,1.0,3.0,0.5879942199402193,1.0,0.0,0.0,1
20.8141630514112,0.0,1.0,0.6659996967254824,1.0,1.0,0.0,0
43.64278134974206,0.0,1.0,0.3342476574994815,1.0,1.0,0.0,0
26.78072571817857,0.0,1.0,0.3156310966075817,1.0,0.0,1.0,0
41.64785301999117,2.0,2.0,0.2743722368012064,1.0,0.0,1.0,1
0.0,0.0,1.0,0.6926255661108313,1.0,0.0,0.0,0
76.55806197346536,2.0,0.0,0.26573298094689,1.0,0.0,0.0,1
0.9309458195211882,0.0,0.0,0.8880488318814853,1.0,0.0,1.0,0
72.68461789821511,0.0,0.0,0.5611324296809382,1.0,0.0,0.0,1
21.461562555861565,1.0,1.0,0.6393784355816104,1.0,0.0,1.0,1
6.128309867015566,0.0,1.0,0.8612218536826882,1.0,0.0,0.0,1
1.7617555647411365,0.0,0.0,0.7106491606064916,1.0,0.0,1.0,0
0.0,0.0,0.0,0.7243465650779163,1.0,0.0,0.0,0
28.67486425591298,0.0,1.0,0.6804945082922255,1.0,0.0,0.0,0
4.077534710120158,1.0,1.0,0.9350217221455553,1.0,0.0,0.0,1
124.23687175859222,2.0,1.0,0.15393851042922432,1.0,0.0,0.0,1
35.73625864512453,4.0,5.0,0.10797781406669613,1.0,0.0,1.0,1
20.949194943238766,0.0,3.0,0.8484455214130832,1.0,1.0,0.0,1
10.92381771644661,1.0,1.0,0.4377574413058561,1.0,1.0,0.0,0
21.021656914226014,0.0,1.0,0.606197077246017,1.0,0.0,0.0,0
0.0,0.0,1.0,0.40892003267193217,0.0,0.0,0.0,0
38.15902989174368,0.0,1.0,0.6270374964726791,1.0,1.0,0.0,0
87.28586174904373,0.0,0.0,0.4496561767804831,1.0,1.0,1.0,0
3.817919712402717,0.0,1.0,0.48255118545789694,1.0,1.0,0.0,0
28.61032552140214,0.0,0.0,0.5383420523543758,1.0,1.0,1.0,0
57.38637789497155,1.0,1.0,0.6002108851424363,1.0,1.0,0.0,0
20.661335851070795,0.0,0.0,0.44121684623478863,1.0,1.0,0.0,0
10.488886625142046,0.0,0.0,0.7362724609583516,1.0,0.0,0.0,0
35.77721425404519,0.0,1.0,0.500204101692781,1.0,1.0,0.0,0
0.0,1.0,0.0,0.8435541915582014,1.0,0.0,1.0,0
25.245638037161424,1.0,2.0,0.9795458252956097,1.0,0.0,0.0,0
22.441760452267026,1.0,2.0,0.9016509795871348,1.0,0.0,1.0,0
7.054090415870966,0.0,3.0,0.3328835038430002,1.0,1.0,1.0,0
44.97050196075215,0.0,0.0,0.8333334202607722,1.0,1.0,1.0,0
15.726776046856068,0.0,0.0,0.6949785184183801,1.0,0.0,1.0,0
19.656872522938237,0.0,0.0,0.8436795008321418,1.0,0.0,1.0,0
39.321305942631994,0.0,3.0,0.36861013055245173,1.0,1.0,0.0,0
0.0,0.0,2.0,0.8036385995741032,1.0,0.0,0.0,0
0.0,0.0,1.0,0.5644205593707106,1.0,1.0,0.0,0
61.79901399920588,2.0,1.0,0.3274942414888068,1.0,1.0,1.0,0
48.10664127086293,1.0,0.0,0.9520163059870679,1.0,0.0,1.0,0
29.033123769483062,1.0,0.0,0.712420643775084,1.0,0.0,0.0,0
61.004268949338694,2.0,2.0,0.6089436447552811,1.0,0.0,1.0,1
0.0,0.0,1.0,0.595050329463928,1.0,0.0,0.0,0
17.66044342942382,1.0,0.0,0.6792294894386699,1.0,0.0,1.0,0
2.832594594225468,1.0,1.0,0.4973426650942316,1.0,1.0,1.0,0
0.0,1.0,0.0,0.7591097138238949,1.0,1.0,0.0,0
30.404424341835814,2.0,2.0,0.2508819329549006,1.0,0.0,1.0,1
0.0,1.0,1.0,0.39227241981801647,1.0,0.0,0.0,0
29.62477521478399,1.0,0.0,0.9194162402442827,0.0,1.0,0.0,1
96.08983401872379,3.0,4.0,0.2818121121525246,1.0,0.0,1.0,1
20.99662748484575,2.0,0.0,0.39846922525831435,1.0,0.0,1.0,0
3.990538299921082,1.0,4.0,0.286664277605507,1.0,1.0,0.0,0
2.45076892252952,1.0,2.0,0.534226128659097,1.0,0.0,1.0,1
91.79199688805645,1.0,0.0,0.10005810413060709,1.0,0.0,0.0,1
23.116679038553492,0.0,0.0,0.6256957249321607,1.0,1.0,1.0,0
41.97216831729713,0.0,1.0,0.39090044991027023,1.0,0.0,0.0,0
47.69120311947148,0.0,0.0,0.384137265500776,0.0,0.0,0.0,1
0.0,1.0,3.0,0.5663488023350287,1.0,0.0,0.0,0
47.19484737782902,1.0,0.0,0.7516918421664331,1.0,0.0,1.0,1
0.0,0.0,1.0,0.6139142002949447,1.0,0.0,0.0,0
21.839023872874407,0.0,1.0,0.4525859028187937,1.0,0.0,0.0,0
89.62624999119252,0.0,0.0,0.6942426244771278,1.0,1.0,0.0,0
0.0,2.0,1.0,0.24121855639366774,1.0,0.0,1.0,1
14.28191968267247,2.0,1.0,0.7046857867516897,1.0,1.0,0.0,0
34.45728787862944,2.0,3.0,0.8059626309501011,1.0,1.0,0.0,0
0.0,0.0,0.0,0.6227713144247692,1.0,0.0,1.0,0
22.915280777155342,1.0,3.0,0.9433455661168447,1.0,1.0,1.0,1
37.38560345765238,2.0,1.0,0.7711767132653121,1.0,0.0,1.0,1
41.31529531307531,0.0,0.0,0.6811090143747881,1.0,1.0,0.0,0
14.656535658077779,0.0,0.0,0.8073128628472819,1.0,1.0,0.0,0
49.40339959772898,0.0,0.0,0.5916756291068946,1.0,1.0,0.0,0
3.0131695852149836,2.0,3.0,0.6504179287102345,1.0,0.0,1.0,1
9.189165474239298,0.0,0.0,0.8607628047702209,1.0,1.0,1.0,0
45.828684111084,4.0,0.0,0.30088910342964875,1.0,1.0,0.0,1
57.43423069831273,1.0,3.0,0.12202952479313753,1.0,0.0,0.0,1
50.64908862072867,0.0,2.0,0.8759106006088208,1.0,0.0,1.0,1
53.07531283051693,0.0,1.0,0.19664956840378345,0.0,1.0,1.0,0
57.75996003746916,0.0,1.0,0.5538674076870418,1.0,1.0,0.0,0
31.34826153137434,1.0,0.0,0.5833750766075066,1.0,1.0,0.0,0
0.27633156282541904,0.0,0.0,0.9161783660876552,0.0,1.0,0.0,0
24.565899781843783,0.0,0.0,0.4823370065581611,1.0,1.0,0.0,0
24.96882138933109,1.0,0.0,0.31550335930758716,1.0,0.0,0.0,0
46.99341455493822,0.0,1.0,0.9376146334539092,1.0,0.0,0.0,0
13.667042098437795,0.0,2.0,0.6048649989854031,1.0,0.0,0.0,1
13.865001210903742,2.0,1.0,0.33075917561465407,1.0,0.0,1.0,1
15.75449738779739,1.0,0.0,0.874907013767562,1.0,0.0,0.0,0
19.864144430168412,2.0,1.0,0.2600356471551477,1.0,1.0,0.0,0
15.826760845254826,2.0,1.0,0.28258578157001807,1.0,1.0,1.0,1
50.482699616661066,0.0,0.0,0.21342107595117865,0.0,1.0,0.0,1
43.35442859224566,1.0,2.0,0.7402117994391865,0.0,0.0,0.0,1
31.978225875343604,2.0,0.0,0.6212546647019482,1.0,0.0,0.0,0
0.0,2.0,0.0,0.7658286089608775,1.0,0.0,0.0,0
17.64936210379379,0.0,2.0,0.8332514014282585,1.0,1.0,0.0,0
22.020129953063908,0.0,1.0,0.7831220385814811,1.0,1.0,0.0,1
16.44964922647811,0.0,0.0,0.5922420105723036,1.0,0.0,0.0,0
3.106778503617222,1.0,1.0,0.5732666511577935,0.0,1.0,1.0,0
62.717694001464764,1.0,2.0,0.6599523653030455,1.0,1.0,1.0,0
0.0,0.0,2.0,0.9448384514099016,1.0,1.0,0.0,0
75.33900983980192,4.0,2.0,0.5976862963384524,1.0,0.0,1.0,1
40.39289621197357,1.0,2.0,0.6790900758553248,1.0,0.0,0.0,1
27.704397693003493,1.0,1.0,0.5243032519082148,1.0,0.0,0.0,1
53.22573855383812,0.0,1.0,0.3248982864096359,1.0,1.0,1.0,0
6.277139064290753,0.0,0.0,0.42892019349007854,1.0,0.0,0.0,0
62.21685790426555,0.0,2.0,0.4537005584142992,1.0,0.0,1.0,0
75.59415960812038,2.0,1.0,0.20858449721247907,1.0,0.0,1.0,1
0.0,1.0,0.0,0.7170714002453782,1.0,1.0,0.0,0
18.695740350246087,0.0,1.0,0.7441671178425245,1.0,0.0,0.0,0
19.278662679168043,1.0,1.0,0.6775631338467318,1.0,1.0,1.0,0
0.0,0.0,1.0,0.36756940456395026,1.0,1.0,1.0,0
21.058114486536056,0.0,0.0,0.5278972833078736,1.0,1.0,0.0,0
36.64540039651633,1.0,0.0,0.7905693447125807,1.0,1.0,1.0,0
47.281663574075594,0.0,1.0,0.44938585923884805,1.0,1.0,0.0,0
83.0409205801873,0.0,2.0,0.4245836422200373,1.0,0.0,0.0,1
0.0,0.0,0.0,0.29655591356440897,1.0,0.0,0.0,0
74.0599901755186,2.0,1.0,0.5669751221732318,1.0,0.0,1.0,1
53.63787971503933,0.0,1.0,0.572790566414885,1.0,0.0,0.0,0
41.69313309903025,2.0,1.0,0.7921961959601138,1.0,0.0,0.0,1
64.81942335810109,0.0,0.0,0.6145161203043487,1.0,0.0,1.0,0
39.82267713354694,1.0,1.0,0.17793820844995442,1.0,1.0,0.0,0
99.44146106134637,3.0,1.0,0.22148110687670738,1.0,1.0,1.0,0
32.154888663070935,0.0,0.0,0.48428498669532244,1.0,0.0,1.0,0
64.73376046875008,0.0,1.0,0.8368814387122229,1.0,1.0,0.0,1
57.97008221172887,1.0,0.0,0.3439462401713341,1.0,0.0,0.0,1
53.653647911734595,1.0,1.0,0.9281334644532016,1.0,0.0,1.0,1
0.0,0.0,1.0,0.8138475111706851,1.0,1.0,0.0,0
19.632319561198777,0.0,2.0,0.4724506760072412,1.0,0.0,0.0,0
21.376739004619516,6.0,1.0,0.6177452145119946,0.0,0.0,1.0,1
0.0,0.0,1.0,0.7764078537358551,1.0,0.0,0.0,0
0.0,0.0,0.0,0.38402962015357733,1.0,0.0,0.0,0
37.54545788805004,0.0,0.0,0.7058673812038385,1.0,0.0,0.0,0
46.87910655354392,0.0,2.0,0.6840114500321485,1.0,0.0,1.0,1
11.816469372904319,1.0,1.0,0.5338400617657421,1.0,1.0,0.0,0
2.500970929043335,1.0,1.0,0.8887510508061411,0.0,1.0,1.0,1
31.761584120452618,2.0,1.0,0.7880175572114673,1.0,1.0,1.0,0
37.055922176124255,2.0,4.0,0.11646702587437191,1.0,0.0,1.0,1
34.12148232925487,1.0,1.0,0.21714675623622257,1.0,1.0,1.0,0
0.0,0.0,1.0,0.41313945867545543,1.0,1.0,0.0,0
19.464744322610045,1.0,1.0,0.5411737929156917,1.0,1.0,1.0,0
63.771089922609875,0.0,2.0,0.6305921787007006,1.0,0.0,0.0,0
7.671384051601368,1.0,1.0,0.69914983973389,1.0,0.0,0.0,0
94.2942675033581,2.0,2.0,0.8238046915658281,1.0,0.0,0.0,0
36.508738880785224,1.0,3.0,0.5474619597662269,0.0,0.0,1.0,1
2.805887298158801,0.0,0.0,0.3727898863509534,1.0,0.0,0.0,0
26.26528765636799,0.0,1.0,0.6813836678465329,1.0,0.0,0.0,0
86.80354660684608,0.0,1.0,0.6904833913828566,1.0,1.0,0.0,0
22.136777866857038,1.0,3.0,0.24334884169017867,1.0,0.0,0.0,0
22.169815034957495,0.0,0.0,0.28508826915632496,1.0,0.0,0.0,0
36.19893154344481,0.0,0.0,0.47061400068938786,1.0,1.0,0.0,0
29.764282584263416,1.0,0.0,0.8393830777887132,1.0,1.0,0.0,0
42.428141422868485,0.0,1.0,0.746685636856894,1.0,1.0,1.0,0
48.98014723480417,2.0,0.0,0.7562628601928646,1.0,0.0,0.0,1
5.509548993327597,0.0,1.0,0.7336772787894723,1.0,1.0,0.0,0
45.61460816827011,2.0,0.0,0.5651433314531084,1.0,0.0,0.0,0
9.76140495870846,0.0,2.0,0.7866971764036442,1.0,1.0,0.0,0
45.748468385139354,2.0,1.0,0.6747536603080873,0.0,1.0,0.0,1
0.0,0.0,1.0,0.445561462119317,1.0,1.0,0.0,0
63.7541248977725,3.0,0.0,0.7170338314066239,1.0,0.0,0.0,1
4.572838082933684,1.0,1.0,0.5089308318486535,1.0,1.0,0.0,0
0.0,0.0,1.0,0.7363108015339933,1.0,1.0,0.0,0
35.95599259885308,0.0,0.0,0.7483330152083938,1.0,0.0,0.0,0
34.9136520592004,0.0,2.0,0.43759129311554146,1.0,1.0,1.0,1
6.557483534733428,1.0,0.0,0.8238278507394403,0.0,1.0,0.0,0
23.041715074123243,1.0,1.0,0.6661109352240808,1.0,1.0,0.0,0
11.536525010175882,2.0,2.0,0.7931639728471446,1.0,1.0,1.0,1
0.0,0.0,1.0,0.9405924062218103,1.0,1.0,1.0,0
76.05191932465779,2.0,0.0,0.5988872946104553,0.0,0.0,1.0,1
28.92904133194133,0.0,0.0,0.6779046542193968,1.0,0.0,0.0,0
27.765819467112415,0.0,0.0,0.7849724559426624,1.0,1.0,0.0,0
12.36633725427706,0.0,1.0,0.799122289477071,1.0,1.0,0.0,0
30.977073818738006,0.0,0.0,0.5071115746502421,1.0,1.0,0.0,0
59.9182811913505,0.0,0.0,0.550790323246508,1.0,1.0,1.0,1
75.84392505529893,1.0,2.0,0.26779888621345155,1.0,0.0,1.0,1
46.515833467340116,1.0,2.0,0.8794540476521381,1.0,1.0,1.0,0
0.0,2.0,1.0,0.5430564388546654,1.0,1.0,0.0,0
135.83947555159932,0.0,2.0,0.40666563296621344,1.0,0.0,0.0,1
0.0,2.0,0.0,0.4097699320321605,1.0,1.0,1.0,1
6.653224054571787,2.0,1.0,0.4329113580248228,1.0,1.0,0.0,0
7.254035479927717,0.0,2.0,0.519649568055014,1.0,1.0,0.0,0
26.98944703599544,0.0,0.0,0.2548173148507817,1.0,0.0,0.0,0
83.11216178426977,0.0,0.0,0.7318399038187561,1.0,0.0,1.0,0
3.2464827965267906,1.0,1.0,0.26735792546237513,1.0,0.0,0.0,0
0.0,0.0,0.0,0.9695787872484886,1.0,1.0,0.0,0
10.351913930536481,1.0,1.0,0.8586785292297208,0.0,1.0,0.0,0
57.884606855191485,0.0,2.0,0.7981395356938075,1.0,0.0,0.0,1
82.97279811020952,0.0,2.0,0.7130900532772565,1.0,0.0,1.0,1
53.71953894065173,0.0,0.0,0.7438447756132984,1.0,0.0,1.0,1
14.377575651068579,1.0,0.0,0.4405104718626125,1.0,1.0,0.0,0
40.32290152637519,0.0,1.0,0.8082198954590548,1.0,1.0,0.0,0
0.0,0.0,2.0,0.5777749145430513,1.0,1.0,1.0,0
13.364224839534847,0.0,1.0,0.6796783165378704,1.0,0.0,0.0,0
101.06026927468115,0.0,0.0,0.7928902977139174,1.0,1.0,0.0,0
20.00111426818692,0.0,1.0,0.8318346731032241,1.0,0.0,0.0,0
12.73442069466871,0.0,2.0,0.7938544908036655,1.0,0.0,0.0,0
5.066970814301481,1.0,1.0,0.8476262618793613,1.0,1.0,0.0,0
113.10738614800752,3.0,1.0,0.28323201281941107,0.0,0.0,1.0,1
22.39579924744537,0.0,0.0,0.39898028988732803,1.0,1.0,0.0,0
15.580046986031125,0.0,0.0,0.2983941542292933,1.0,0.0,0.0,0
48.63421794688942,0.0,1.0,0.48371398128700893,1.0,0.0,0.0,0
0.0,1.0,1.0,0.5040060077591931,1.0,1.0,0.0,0
39.889288157683794,0.0,1.0,0.7324650858606914,1.0,1.0,0.0,0
46.73350487574429,1.0,0.0,0.26182709266168164,1.0,1.0,0.0,0
38.485257605650396,0.0,1.0,0.6133016854294453,1.0,1.0,1.0,0
12.672456291529429,0.0,0.0,0.5501833276588344,1.0,1.0,0.0,0
19.69806818336145,0.0,1.0,0.09083696203729347,1.0,1.0,1.0,0
0.0,0.0,1.0,0.8594097648514191,1.0,1.0,0.0,0
0.0,2.0,0.0,0.5369541057715941,1.0,0.0,0.0,0
0.0,1.0,1.0,0.5285036622093907,1.0,0.0,1.0,0
0.0,1.0,0.0,0.3661982808585466,1.0,1.0,0.0,0
17.325510496091958,0.0,0.0,0.6078220756309167,1.0,1.0,0.0,0
22.975287770233695,1.0,1.0,0.8108535936366961,1.0,0.0,0.0,0
53.74877222278738,0.0,1.0,0.5779222215043093,1.0,0.0,0.0,0
0.8388085847343281,2.0,1.0,0.5539032472402472,1.0,1.0,0.0,0
68.26034228578199,0.0,3.0,0.28919143795597857,1.0,0.0,1.0,1
61.87956328508313,3.0,0.0,0.5538594652269746,0.0,1.0,0.0,1
16.064260870525292,1.0,0.0,0.5578623956907545,1.0,1.0,0.0,0
69.94121320965822,2.0,1.0,0.7110930228097727,1.0,1.0,0.0,0
22.80563151154065,1.0,0.0,0.4480834953419506,1.0,0.0,1.0,1
0.0,0.0,0.0,0.23280529348080384,1.0,0.0,0.0,0
2.458382527481322,0.0,0.0,0.6171214367370403,1.0,1.0,0.0,0
34.14029189222169,2.0,3.0,0.9581036671411771,1.0,1.0,0.0,0
0.0,0.0,2.0,0.10721344804281872,1.0,1.0,0.0,0
11.866257052552866,0.0,5.0,0.7582391092762127,1.0,1.0,1.0,1
4.130603944874079,1.0,1.0,0.7539264732678499,1.0,1.0,1.0,0
0.29241046702331985,0.0,1.0,0.301012783717061,1.0,0.0,1.0,0
39.7236256003715,0.0,1.0,0.6321969082029733,1.0,0.0,0.0,0
18.855289478672756,2.0,0.0,0.39338423107230447,1.0,0.0,1.0,0
43.21878957074671,1.0,1.0,0.6561155636066204,1.0,0.0,0.0,0
4.593394605656082,0.0,0.0,0.24413349135497878,1.0,0.0,1.0,0
18.65698621270726,0.0,1.0,0.8462527113184196,0.0,1.0,1.0,1
127.6998862157865,0.0,0.0,0.1604454477027064,1.0,0.0,0.0,1
112.95737272373343,4.0,4.0,0.4815496166725348,1.0,0.0,1.0,1
1.4295500370757022,1.0,1.0,0.7859781629011918,1.0,0.0,0.0,0
1.2498547118248609,0.0,1.0,0.5528509992511416,1.0,1.0,0.0,1
19.567321629072982,1.0,1.0,0.3526713196505611,0.0,0.0,1.0,1
78.32660276175369,2.0,0.0,0.6116702201863947,1.0,0.0,0.0,0
29.14212196468359,2.0,4.0,0.042307261544247576,1.0,0.0,1.0,1
69.231261094936,6.0,1.0,0.7187384238521023,1.0,0.0,0.0,1
26.489225522636545,0.0,1.0,0.5367829604091047,1.0,0.0,1.0,0
42.99538752122976,0.0,1.0,0.2798465605236197,1.0,0.0,1.0,1
0.0,3.0,2.0,0.768310453379364,1.0,1.0,1.0,0
34.22036858829211,0.0,1.0,0.3947411639277499,1.0,1.0,0.0,0
0.0,0.0,0.0,0.28032621935926366,1.0,0.0,0.0,0
12.827936834978043,1.0,2.0,0.8136673118010116,1.0,1.0,1.0,0
0.0,0.0,0.0,0.5436262414835673,1.0,0.0,0.0,0
31.8356237619415,0.0,1.0,0.19336229611662933,1.0,0.0,0.0,0
18.969538758831355,0.0,0.0,0.54758013040887,1.0,1.0,0.0,0
14.061271536614067,0.0,1.0,0.6641493068259781,1.0,1.0,0.0,0
0.0,0.0,0.0,0.5167309392771281,1.0,1.0,0.0,0
38.06586536088198,1.0,1.0,0.5269254460504353,1.0,1.0,0.0,0
4.6839514617262274,0.0,3.0,0.5168717446885898,1.0,0.0,1.0,1
37.158088528422,2.0,2.0,0.5757756227321162,1.0,1.0,0.0,0
20.5109687942696,1.0,1.0,0.747650121817072,1.0,0.0,0.0,0
96.60877390487259,4.0,5.0,0.2992073968261684,1.0,0.0,0.0,1
33.97140332683436,1.0,1.0,0.8450543950406904,1.0,0.0,0.0,0
6.424296730009534,1.0,1.0,0.9239672141395534,1.0,1.0,1.0,1
95.54164141731023,0.0,0.0,0.5291353992368723,1.0,0.0,0.0,0
20.642134835062414,1.0,0.0,0.5452671097926615,1.0,1.0,0.0,0
28.99746095336051,0.0,1.0,0.9763864326583975,1.0,1.0,0.0,1
97.97473508769069,1.0,1.0,0.2032150364519295,0.0,0.0,1.0,1
6.6643061556512535,0.0,1.0,0.47852349184960524,1.0,0.0,0.0,0
32.991767322156264,1.0,0.0,0.5978543685827886,1.0,1.0,1.0,1
28.25731640295063,1.0,0.0,0.5651002280157419,1.0,1.0,0.0,0
87.80312788367432,1.0,1.0,0.261301043680673,1.0,1.0,1.0,1
67.24469999350336,2.0,0.0,0.7535292523845749,0.0,0.0,1.0,1
73.0643168911667,2.0,1.0,0.5944569608430406,1.0,0.0,1.0,1
12.282345462986518,0.0,1.0,0.6257054926242722,1.0,0.0,1.0,0
25.989176255592746,0.0,3.0,0.7212834597218659,1.0,0.0,1.0,1
57.424019966286025,1.0,2.0,0.4148373025443792,1.0,0.0,0.0,0
0.0,0.0,0.0,0.49704161106144146,1.0,1.0,0.0,1
45.22238997440846,0.0,3.0,0.4152695616053456,1.0,1.0,1.0,0
7.982966375726992,2.0,0.0,0.5600496359093474,1.0,0.0,0.0,0
9.654380045872706,0.0,2.0,0.8443798937855438,0.0,1.0,0.0,0
58.6466260085948,0.0,0.0,0.3514552029920519,1.0,0.0,0.0,0
0.0,2.0,2.0,0.6662131102981593,1.0,1.0,1.0,0
18.666644739087427,3.0,4.0,0.386662010449373,1.0,1.0,1.0,1
65.35845145346768,1.0,1.0,0.33969753404273856,1.0,1.0,0.0,0
58.58619674392785,2.0,0.0,0.7423979699891458,1.0,1.0,1.0,0
17.016793220489305,2.0,1.0,0.5073938416145062,1.0,0.0,0.0,1
130.62516108867783,0.0,1.0,0.47806085008726057,1.0,1.0,0.0,1
36.27971710731771,1.0,1.0,0.7031360076795556,1.0,0.0,0.0,0
0.0,0.0,1.0,0.2858304740684249,1.0,0.0,1.0,0
52.26451150374671,6.0,1.0,0.3036253449263007,1.0,0.0,1.0,1
32.71777597480255,0.0,0.0,0.5216738420821185,1.0,0.0,0.0,1
114.72009281149225,2.0,0.0,0.20587572863382186,0.0,1.0,1.0,1
30.142435782710326,0.0,2.0,0.46548273634560366,1.0,1.0,1.0,1
13.856200735945801,0.0,0.0,0.6015393770453608,1.0,1.0,1.0,0
41.74832497665319,0.0,4.0,0.3334994238580014,1.0,1.0,1.0,1
23.481812542983278,0.0,0.0,0.7084734970171235,1.0,1.0,0.0,0
6.556329907923728,0.0,1.0,0.2713716180829946,1.0,0.0,0.0,0
47.309136101440075,0.0,0.0,0.7712640740701696,1.0,1.0,1.0,0
25.541077537262645,2.0,3.0,0.4124326003990668,1.0,0.0,0.0,1
39.787700065290586,0.0,1.0,0.6017479746639984,1.0,0.0,0.0,0
57.61980254566767,6.0,2.0,0.632930302671468,1.0,0.0,1.0,1
95.76327478728297,0.0,2.0,0.04240792071022039,1.0,0.0,0.0,0
14.847119651909914,1.0,3.0,0.760976206905138,0.0,0.0,1.0,1
29.127857261866527,1.0,2.0,0.27638857416691137,1.0,0.0,1.0,0
19.432940759866717,1.0,0.0,0.7725710098863042,1.0,1.0,0.0,0
0.0,0.0,2.0,0.5891740166536262,0.0,1.0,0.0,0
0.0,0.0,2.0,0.7275161139186638,1.0,1.0,0.0,0
46.796634532138356,2.0,0.0,0.6901869081432679,1.0,1.0,1.0,1
107.1610208868749,2.0,0.0,0.5878980718448185,1.0,0.0,1.0,1
0.0,0.0,0.0,0.5492585208816261,1.0,0.0,0.0,0
12.425068928747047,2.0,0.0,0.17200141754390647,1.0,1.0,0.0,0
43.394961169232516,0.0,0.0,0.7960058222841582,1.0,0.0,0.0,0
58.82855008215507,0.0,0.0,0.5125371797008103,1.0,1.0,0.0,0
25.289710212437697,0.0,0.0,0.8347456184760144,1.0,1.0,0.0,0
34.76340729395177,1.0,1.0,0.6497009816151712,1.0,0.0,0.0,0
38.66228334188283,2.0,4.0,0.7498444273393635,1.0,0.0,1.0,1
0.0,0.0,0.0,0.7683611485838089,1.0,0.0,0.0,0
0.0,0.0,1.0,0.5779613820881258,1.0,1.0,0.0,0
24.436471007231056,4.0,4.0,0.39444737717633305,0.0,1.0,0.0,0
0.0,0.0,0.0,0.9622890551654348,0.0,0.0,0.0,0
53.02407933939304,1.0,0.0,0.8460889673508841,1.0,1.0,0.0,0
53.858303279720246,5.0,2.0,0.4877656515941163,0.0,0.0,1.0,1
38.624685046029505,1.0,1.0,0.6765240155507373,1.0,0.0,1.0,0
4.301051651306912,2.0,2.0,0.5305593818784019,1.0,0.0,0.0,0
0.0,0.0,0.0,0.40273409914380365,0.0,0.0,1.0,0
24.734907897660072,0.0,2.0,0.464280887904635,1.0,1.0,0.0,1
72.77653093376642,0.0,1.0,0.951263263296976,1.0,0.0,0.0,0
66.05204995338241,0.0,1.0,0.7406019563536058,1.0,0.0,0.0,0
0.0,0.0,2.0,0.9091620823936314,1.0,0.0,1.0,0
43.23455376828923,1.0,2.0,0.8117385726664959,1.0,0.0,0.0,1
24.714650394414765,0.0,0.0,0.7253303603801259,0.0,1.0,0.0,0
5.926595678870627,0.0,0.0,0.7159253920923583,1.0,1.0,1.0,0
13.972294408485858,0.0,0.0,0.8161525235537356,1.0,1.0,0.0,0
33.88592239430832,0.0,2.0,0.8872437549049664,1.0,0.0,0.0,0
8.719726746830336,0.0,2.0,0.33927247630324536,1.0,1.0,1.0,1
88.84313706075854,1.0,2.0,0.10674043411211598,1.0,0.0,1.0,1
16.805767571622695,0.0,0.0,0.8208555001607182,1.0,1.0,0.0,0
68.16820742405355,2.0,3.0,0.4204436787657546,1.0,0.0,1.0,1
51.348152653762696,0.0,0.0,0.10280937648106193,1.0,0.0,0.0,1
12.027771884986288,0.0,1.0,0.8546669354223044,1.0,0.0,0.0,0
34.703999522925045,0.0,0.0,0.27907934398818135,1.0,1.0,0.0,1
13.81972407815099,0.0,1.0,0.8726515932203976,1.0,0.0,0.0,0
25.512236878382392,4.0,1.0,0.778114433544982,1.0,0.0,1.0,1
36.37660814762372,1.0,3.0,0.5093970217144109,1.0,1.0,0.0,1
37.867410375815325,1.0,6.0,0.8086130520808656,1.0,0.0,1.0,1
30.14904877137761,0.0,1.0,0.9578641155226417,1.0,0.0,0.0,0
35.870911713163565,0.0,1.0,0.8101676129683543,1.0,1.0,0.0,0
27.53163095288493,0.0,0.0,0.7006457561804443,1.0,0.0,1.0,0
8.077197724323689,1.0,0.0,0.5539394254439576,1.0,0.0,0.0,0
12.29619456007314,1.0,1.0,0.7061939546473271,1.0,0.0,0.0,1
5.7849417791669,1.0,1.0,0.7961709282349758,1.0,1.0,0.0,0
28.62397830143992,1.0,0.0,0.5623770721231347,1.0,1.0,0.0,0
73.62466649306407,1.0,1.0,0.38906861691180256,1.0,1.0,0.0,0
42.0660255445969,0.0,0.0,0.26560621048465144,1.0,0.0,0.0,0
28.549162009932928,1.0,0.0,0.9560265378638352,1.0,1.0,0.0,0
25.96994254055141,4.0,1.0,0.4404873040003915,1.0,0.0,1.0,1
73.71536308226653,0.0,2.0,0.9394990012039627,1.0,1.0,0.0,0
80.20562595357578,3.0,1.0,0.35252698983495967,1.0,0.0,1.0,1
7.863285986076489,0.0,0.0,0.8210770224673992,1.0,1.0,0.0,0
59.088001926267815,1.0,0.0,0.7427125946545884,1.0,0.0,0.0,0
25.453251963127116,1.0,3.0,0.7135605608852476,1.0,1.0,1.0,1
17.926002131863964,2.0,2.0,0.6349641073900419,1.0,1.0,1.0,0
21.911398406336957,0.0,0.0,0.34010251842457895,1.0,0.0,0.0,0
21.58786496566712,0.0,0.0,0.6872346359774136,1.0,1.0,1.0,0
33.53969939724508,0.0,0.0,0.6757126865823573,1.0,1.0,0.0,0
21.955901860094393,0.0,1.0,0.13443936968600276,1.0,1.0,0.0,0
0.8657951416374665,3.0,1.0,0.5976979398205285,1.0,1.0,1.0,0
12.40250916108424,1.0,1.0,0.7211411297778616,1.0,1.0,1.0,0
92.49098026467585,2.0,2.0,0.1767749098152494,0.0,0.0,0.0,1
20.8647953736467,0.0,3.0,0.4691291895876256,1.0,0.0,1.0,0
0.0,0.0,0.0,0.2398442869068152,1.0,1.0,0.0,0
9.547296294643036,0.0,0.0,0.9102726958379415,1.0,0.0,0.0,0
0.0,0.0,2.0,0.49553385826195095,1.0,0.0,0.0,0
28.403405316819672,0.0,0.0,0.29266053847674955,1.0,0.0,0.0,0
61.709719735994284,1.0,0.0,0.3486473958670343,1.0,1.0,0.0,0
33.70005821225574,2.0,2.0,0.857274944505676,1.0,0.0,1.0,1
18.76850407778685,1.0,1.0,0.5586696999492905,1.0,1.0,0.0,1
33.615162525725665,1.0,0.0,0.6549594699331717,0.0,1.0,0.0,0
117.36917730928562,0.0,4.0,0.5911106775065152,0.0,0.0,0.0,1
0.0,1.0,1.0,0.7867164256867701,1.0,0.0,0.0,0
76.12243491993158,2.0,3.0,0.355592832538704,1.0,0.0,0.0,1
27.767639925076615,1.0,0.0,0.49564959559496885,1.0,1.0,0.0,0
0.8338579117627507,5.0,2.0,0.5617675648068319,1.0,1.0,1.0,1
61.33500865917865,1.0,4.0,0.3979282232842671,1.0,0.0,1.0,1
15.915924655999126,2.0,0.0,0.743179412177194,1.0,1.0,0.0,0
42.91941251281992,1.0,0.0,0.40819743919948737,1.0,0.0,0.0,0
48.79088961222311,1.0,1.0,0.6948627886245468,1.0,1.0,1.0,1
0.0,0.0,0.0,0.6783663333485735,1.0,1.0,0.0,0
12.426106728323674,0.0,3.0,0.5935711003031359,0.0,0.0,0.0,1
9.566021103518283,0.0,0.0,0.860656905561683,1.0,0.0,1.0,0
39.468372565935134,0.0,1.0,0.4061667679666946,1.0,0.0,0.0,1
65.91028033783132,3.0,3.0,0.08117688458311738,1.0,1.0,1.0,0
103.31537842626261,1.0,5.0,0.10499057437643854,1.0,0.0,1.0,1
11.549974176618674,1.0,1.0,0.5270653219192674,1.0,1.0,0.0,0
55.98042369496507,0.0,4.0,0.2920586361541895,1.0,1.0,1.0,1
8.498926878552394,0.0,1.0,0.663206190343905,1.0,0.0,1.0,1
56.21609882770116,4.0,2.0,0.12742981886645283,1.0,0.0,1.0,1
67.95197117793103,1.0,3.0,0.19387667394838784,1.0,1.0,0.0,1
0.4377999118174282,1.0,0.0,0.6236343634664065,1.0,0.0,1.0,0
121.3302231562215,1.0,1.0,0.445362093788032,1.0,0.0,0.0,1
81.12315167662061,1.0,2.0,0.09155186311584919,1.0,0.0,0.0,1
37.04375471571611,0.0,6.0,0.8463715777876444,1.0,0.0,0.0,1
43.1278384143532,0.0,0.0,0.6776152526847565,1.0,0.0,0.0,0
8.622210336532788,0.0,1.0,0.2351355017055199,1.0,1.0,0.0,0
35.30854416875307,2.0,3.0,0.1846398814444563,1.0,1.0,0.0,1
42.36871621786439,0.0,1.0,0.5974029720213214,1.0,1.0,0.0,0
65.41539959251753,2.0,3.0,0.6085507028171426,1.0,0.0,0.0,1
33.963206855287005,0.0,2.0,0.9029962830254717,1.0,1.0,1.0,0
23.91461047090109,0.0,0.0,0.4588771361697555,1.0,1.0,1.0,0
16.681908432359936,0.0,0.0,0.9383676758700102,0.0,0.0,1.0,0
16.29996228029474,1.0,0.0,0.706990314235574,1.0,0.0,1.0,0
24.555008425654826,1.0,1.0,0.4264349577639533,1.0,1.0,0.0,0
0.0,0.0,1.0,0.7265259870890074,1.0,1.0,1.0,0
91.60422170432899,4.0,2.0,0.35142723882657523,1.0,0.0,1.0,1
48.616755518949596,2.0,0.0,0.7617400110585704,1.0,0.0,1.0,0
0.0,0.0,0.0,0.6212815110114974,1.0,0.0,0.0,0
36.02578734435931,1.0,1.0,0.3528472993498321,1.0,0.0,0.0,1
45.45310045058713,2.0,0.0,0.7838798905784743,1.0,1.0,0.0,0
42.25014291595959,0.0,0.0,0.8996330845390949,1.0,0.0,0.0,0
53.97465472653948,1.0,0.0,0.8465180165249594,1.0,1.0,0.0,0
16.664313134242864,0.0,2.0,0.43010476925624974,1.0,0.0,1.0,1
12.73634303108369,0.0,0.0,0.5613134415819608,1.0,1.0,0.0,0
112.02687188887752,1.0,1.0,0.5255181433078344,1.0,0.0,0.0,0
44.35300291172727,1.0,0.0,0.6854101942391162,1.0,0.0,0.0,0
38.06814065573495,0.0,0.0,0.7633325343481635,1.0,0.0,1.0,0
0.0,1.0,1.0,0.4290656947657716,1.0,1.0,0.0,0
56.19421677642336,0.0,3.0,0.647201833152255,1.0,1.0,0.0,0
48.27800221728465,0.0,0.0,0.913743137591942,1.0,1.0,1.0,0
27.34080890853962,3.0,1.0,0.41481765467084253,1.0,1.0,0.0,1
55.91799560479767,2.0,1.0,0.4535024415819585,1.0,0.0,1.0,1
22.05665401894393,0.0,3.0,0.7309786957834745,1.0,1.0,1.0,0
30.520562167506192,1.0,1.0,0.7777830020034372,0.0,0.0,1.0,1
31.59337907342834,1.0,0.0,0.7945447481236746,1.0,1.0,0.0,0
64.0687791965464,1.0,0.0,0.42801354677437337,1.0,1.0,0.0,0
80.64433991008434,0.0,2.0,0.2402726971990539,1.0,0.0,1.0,1
27.21571850724,0.0,1.0,0.7575065907589714,1.0,1.0,1.0,0
50.93307201497976,2.0,3.0,0.6431430708048465,1.0,0.0,1.0,1
64.52662357895217,0.0,2.0,0.36941105400102187,0.0,0.0,1.0,1
82.50055008688457,0.0,6.0,0.22862142128442126,0.0,0.0,1.0,1
42.64982776149672,1.0,1.0,0.19169975224118413,1.0,1.0,1.0,1
68.10626506413917,1.0,1.0,0.6623612110833175,0.0,0.0,0.0,1
46.320746684537895,1.0,0.0,0.6069678398689278,1.0,1.0,1.0,0
14.618679437410357,0.0,1.0,0.6598494114417003,1.0,1.0,1.0,0
0.0,2.0,1.0,0.34069255863104214,1.0,1.0,0.0,0
10.774968315679626,0.0,2.0,0.5973255743049868,1.0,0.0,0.0,1
1.213449155346897,0.0,0.0,0.7506036079467628,1.0,1.0,1.0,0
53.59677999775254,5.0,3.0,0.7246635903613408,1.0,0.0,0.0,1
71.54440974746962,4.0,1.0,0.48250599484904266,1.0,1.0,0.0,1
7.689846765249778,0.0,1.0,0.7812728024931256,1.0,1.0,0.0,0
0.0,0.0,1.0,0.8064598509756499,1.0,0.0,0.0,1
45.65789711803531,0.0,2.0,0.70048636008795,1.0,1.0,0.0,0
18.097097563183482,0.0,0.0,0.6854147428772998,0.0,1.0,0.0,0
18.358218587491343,0.0,1.0,0.7604831732158531,1.0,1.0,0.0,0
0.0,1.0,0.0,0.2548825168391771,1.0,1.0,0.0,0
22.391774351541688,0.0,0.0,0.6825283428179821,1.0,1.0,0.0,0
68.69894103647701,0.0,1.0,0.21911593744249153,1.0,0.0,0.0,0
89.26402698716682,2.0,1.0,0.4333054439619241,1.0,0.0,1.0,0
9.156134565686562,0.0,0.0,0.7641534503678721,1.0,1.0,0.0,0
96.35133178454961,0.0,1.0,0.3283137127831515,1.0,0.0,0.0,0
0.0,1.0,0.0,0.3720957595498148,1.0,0.0,1.0,1
0.0,0.0,1.0,0.59054937423738,1.0,0.0,0.0,0
0.0,1.0,2.0,0.8485649006299425,0.0,0.0,0.0,0
49.55730286839675,0.0,1.0,0.6164478781182513,1.0,1.0,0.0,0
1.9510926225517942,1.0,1.0,0.9163937513931796,1.0,1.0,0.0,0
127.4096268957453,3.0,1.0,0.5145065773838853,1.0,0.0,1.0,1
8.110183189300239,1.0,0.0,0.7897241786009629,1.0,1.0,0.0,0
11.66698825180261,0.0,0.0,0.4631340202052399,1.0,1.0,0.0,0
0.0,1.0,2.0,0.5957031317292629,1.0,0.0,0.0,0
0.0,1.0,1.0,0.805660344503102,1.0,0.0,0.0,0
31.080954602524308,1.0,0.0,0.392409969704466,1.0,1.0,0.0,0
62.48814896038152,0.0,1.0,0.5388459689079265,1.0,0.0,0.0,0
20.448882545474113,2.0,2.0,0.4016000712754817,1.0,0.0,1.0,1
32.84746401305331,1.0,0.0,0.9633381977743396,1.0,0.0,1.0,0
7.026694037096211,2.0,1.0,0.6219819415527976,1.0,1.0,0.0,0
16.172194641252148,1.0,0.0,0.2012197588285981,1.0,0.0,1.0,0
0.0,2.0,0.0,0.5660091837411583,1.0,0.0,1.0,0
29.58745749096117,0.0,2.0,0.5626802917504564,1.0,1.0,0.0,0
0.0,0.0,0.0,0.8290279053553093,1.0,1.0,0.0,0
9.812290092958317,1.0,2.0,0.5799505518171694,1.0,1.0,1.0,0
0.0,0.0,0.0,0.4752578874932247,1.0,0.0,0.0,0
9.589961959187534,2.0,3.0,0.5987027309801134,1.0,0.0,0.0,1
81.11115203374389,2.0,0.0,0.48753376863571035,1.0,0.0,0.0,0
75.38800200779863,0.0,1.0,0.5752622994202792,1.0,1.0,0.0,0
89.92711230256572,0.0,2.0,0.30499605870803964,0.0,1.0,1.0,1
0.0,1.0,2.0,0.7074922220268046,1.0,0.0,0.0,0
51.765434264894424,0.0,3.0,0.511772021721971,1.0,0.0,1.0,1
50.63539294135453,0.0,0.0,0.47150007850884684,1.0,1.0,0.0,0
0.0,0.0,1.0,0.08422152137162696,1.0,1.0,0.0,0
17.610581155853076,1.0,1.0,0.6936781185598866,1.0,0.0,1.0,0
109.4935149624938,0.0,1.0,0.9042454115451655,1.0,1.0,0.0,0
0.0,1.0,0.0,0.3021015049273048,1.0,1.0,0.0,0
27.45422235717603,2.0,0.0,0.6268061142771145,1.0,1.0,1.0,0
0.0,1.0,1.0,0.6347860325332506,1.0,1.0,1.0,0
48.980288237034685,0.0,3.0,0.4523752606950621,1.0,1.0,1.0,1
84.75344992975235,2.0,3.0,0.4697971469896824,1.0,0.0,1.0,1
75.19466531914678,0.0,3.0,0.35373342055640644,1.0,0.0,1.0,0
27.689801205903507,0.0,0.0,0.44063121743157646,1.0,1.0,0.0,0
32.65494457126439,1.0,0.0,0.500856467726076,1.0,1.0,0.0,0
40.58789905580195,0.0,0.0,0.6193743387625409,1.0,1.0,0.0,0
28.64983808453498,0.0,1.0,0.5792777212759572,1.0,0.0,0.0,0
10.69943943503024,0.0,0.0,0.5832968668152853,1.0,1.0,0.0,0
9.63360418901659,0.0,3.0,0.8366698436544623,1.0,1.0,0.0,0
19.64945647011337,0.0,0.0,0.4948304424417296,0.0,0.0,0.0,0
26.380573688668555,0.0,1.0,0.8539976076162161,1.0,0.0,0.0,0
31.49358201794177,0.0,1.0,0.939816715732087,1.0,1.0,0.0,0
43.57376109411847,1.0,2.0,0.1649238905372373,1.0,0.0,0.0,1
0.0,0.0,1.0,0.853864908753936,0.0,0.0,0.0,0
12.501399057753206,0.0,0.0,0.35726722884245693,1.0,1.0,0.0,0
29.895395487338693,1.0,1.0,0.6181978179879446,1.0,1.0,1.0,0
119.43122726750235,1.0,1.0,0.2746802798988042,1.0,0.0,0.0,1
19.469434620485345,0.0,0.0,0.2248119451287193,1.0,1.0,1.0,1
68.22327328582256,0.0,0.0,0.7328895134717192,1.0,1.0,0.0,0
0.0,0.0,0.0,0.48916671580517496,1.0,0.0,1.0,1
19.61114407588192,1.0,2.0,0.9276270400889223,1.0,1.0,1.0,1
31.94089257427276,1.0,2.0,0.309930887270004,0.0,1.0,0.0,0
24.31457735892807,0.0,0.0,0.8013193533182279,1.0,0.0,1.0,0
90.17148972747292,0.0,1.0,0.28477194875387163,1.0,1.0,0.0,0
27.960846289052842,0.0,0.0,0.506728599508007,1.0,0.0,0.0,1
35.91993188853371,1.0,1.0,0.8314895551405636,1.0,0.0,1.0,1
29.983770182789094,1.0,2.0,0.6683267222296496,1.0,0.0,0.0,1
12.076280121785173,1.0,1.0,0.8346395138961809,1.0,0.0,0.0,0
10.206179097761282,0.0,1.0,0.7114954004111368,1.0,1.0,0.0,0
20.572321971049615,0.0,1.0,0.30197890335340816,1.0,1.0,1.0,0
49.45679914685053,0.0,1.0,0.7932917050172258,1.0,0.0,0.0,0
15.501646530285026,0.0,0.0,0.9098715931428307,1.0,1.0,0.0,0
41.62659385983426,0.0,0.0,0.6228216293091972,1.0,1.0,0.0,0
42.395624153396916,1.0,2.0,0.608469862256788,1.0,1.0,1.0,1
47.23338746830291,2.0,0.0,0.7243389218909935,1.0,0.0,0.0,0
1.4826486018093714,0.0,2.0,0.8536292770380638,0.0,0.0,0.0,0
0.0,0.0,0.0,0.8871208132609654,1.0,1.0,0.0,0
98.50156045716797,1.0,2.0,0.3021459779143563,1.0,0.0,1.0,1
0.0,0.0,1.0,0.39097116517828456,1.0,1.0,0.0,0
14.15186682727779,0.0,1.0,0.9082754143767153,1.0,1.0,0.0,0
24.943324384984354,6.0,2.0,0.7911081215118934,1.0,0.0,0.0,1
51.16711703127637,2.0,2.0,0.1701435088311222,1.0,1.0,1.0,0
49.505873056168674,0.0,1.0,0.5496126535706488,1.0,0.0,1.0,1
16.516440447228373,1.0,0.0,0.2430101000103675,1.0,0.0,0.0,0
45.02083711229465,1.0,0.0,0.6972451871803954,1.0,1.0,0.0,0
56.75765882924422,1.0,1.0,0.9015533179290546,1.0,1.0,0.0,0
2.886571128772143,0.0,0.0,0.8226050386426991,1.0,1.0,0.0,0
36.38040608247731,1.0,2.0,0.9080003948034994,1.0,0.0,1.0,1
51.27293363797018,4.0,0.0,0.5879834411328342,1.0,1.0,1.0,1
27.988097133699853,0.0,2.0,0.6923720249749147,1.0,0.0,0.0,0
0.0,0.0,0.0,0.5957047810781343,1.0,1.0,0.0,1
32.58810634499896,1.0,1.0,0.7403534215465744,0.0,0.0,0.0,0
0.0,0.0,2.0,0.8944792501088045,1.0,1.0,1.0,0
15.042790081892054,0.0,2.0,0.4950456275198339,1.0,0.0,0.0,0
44.83123632386352,0.0,0.0,0.5428366504903391,1.0,1.0,0.0,1
8.896203787028325,0.0,1.0,0.29559251145362103,1.0,0.0,0.0,0
22.990859656415925,0.0,0.0,0.8520960750895598,1.0,0.0,0.0,0
107.59747378416763,3.0,1.0,0.705397589651079,1.0,1.0,1.0,1
30.57811336701429,0.0,2.0,0.14318297059570084,1.0,0.0,0.0,0
23.826299028420287,1.0,1.0,0.83458836555599,1.0,0.0,1.0,0
50.91011385733481,0.0,2.0,0.8479882818256158,1.0,1.0,0.0,1
60.39834158911789,0.0,1.0,0.43995096341009576,1.0,0.0,0.0,0
18.508066189930982,1.0,0.0,0.5589655061227631,1.0,0.0,0.0,0
19.63637534293031,0.0,1.0,0.49731647520759115,1.0,1.0,0.0,0
53.68694188283029,0.0,1.0,0.05860206709139425,1.0,0.0,0.0,1
0.0,1.0,0.0,0.540408456235345,1.0,0.0,0.0,0
21.367563390516892,1.0,0.0,0.20528922604505156,1.0,0.0,0.0,0
21.006443400210472,1.0,0.0,0.43274114593549917,1.0,1.0,0.0,0
50.342757790509125,2.0,1.0,0.42182444286001836,1.0,0.0,1.0,1
73.54553786924201,2.0,4.0,0.34552118870545734,1.0,1.0,1.0,1
43.04002746696117,3.0,1.0,0.49382182015038767,1.0,1.0,1.0,1
69.21003867446244,1.0,1.0,0.22209244810595394,1.0,1.0,1.0,0
29.061314092766764,0.0,0.0,0.607715542699085,0.0,0.0,0.0,0
10.597011831396328,0.0,0.0,0.6521701428501027,1.0,0.0,1.0,0
12.484400292349784,0.0,0.0,0.7853539456996199,1.0,0.0,1.0,1
7.211378436586202,0.0,0.0,0.7510006432315742,1.0,1.0,0.0,1
0.0,0.0,1.0,0.9059701485972408,1.0,1.0,1.0,0
9.274851381357657,0.0,1.0,0.6251618341974607,1.0,0.0,0.0,0
16.763369838313675,1.0,1.0,0.7925416573445159,1.0,0.0,0.0,0
0.0,1.0,0.0,0.5966459994186792,1.0,1.0,1.0,0
14.957114977976294,0.0,0.0,0.4469160223813091,1.0,1.0,0.0,0
32.700566807618095,2.0,2.0,0.8515426725070161,1.0,0.0,1.0,1
13.451407260053385,0.0,1.0,0.4775898972735113,1.0,0.0,0.0,0
21.37842234056923,1.0,0.0,0.5191195648254386,1.0,0.0,0.0,0
11.473384409668194,0.0,0.0,0.7932641224991545,0.0,0.0,1.0,0
33.5016524899955,0.0,0.0,0.5869132441370117,0.0,1.0,1.0,0
45.003904877193364,2.0,3.0,0.5789188826998877,1.0,1.0,1.0,1
0.0,0.0,2.0,0.29132680066623273,1.0,1.0,0.0,0
96.5827636510518,0.0,2.0,0.18481388100726784,1.0,1.0,0.0,1
10.380316535000182,0.0,1.0,0.7517125058507724,1.0,0.0,0.0,0
28.129525702336995,0.0,0.0,0.5279611252222494,1.0,1.0,0.0,1
63.34130916875206,1.0,0.0,0.3970678660551151,1.0,0.0,1.0,0
22.156212090761585,0.0,2.0,0.6779197087497225,1.0,0.0,0.0,0
21.112652459856953,1.0,0.0,0.7306711510704134,1.0,1.0,0.0,0
15.101662469622486,0.0,0.0,0.49954507068628495,1.0,0.0,0.0,0
0.0,2.0,1.0,0.33347451973960246,1.0,0.0,0.0,0
92.12795738651612,1.0,2.0,0.3346196623040907,1.0,0.0,1.0,1
15.569593843800213,0.0,1.0,0.924989408976287,1.0,1.0,0.0,1
0.0,0.0,0.0,0.26105128437018227,1.0,1.0,0.0,0
20.466675061575327,0.0,0.0,0.44325643525071956,1.0,0.0,0.0,0
63.260193957016334,1.0,4.0,0.7107472815620356,1.0,0.0,1.0,1
27.973083691119207,1.0,1.0,0.33244294333119423,1.0,0.0,1.0,1
33.851717419001716,1.0,0.0,0.6645762079284225,1.0,1.0,0.0,0
50.972403172943636,2.0,0.0,0.6655169946856662,1.0,0.0,1.0,1
0.0,0.0,0.0,0.6325622982289381,1.0,1.0,0.0,0
8.429735313244812,3.0,3.0,0.8294583128736677,1.0,0.0,0.0,1
13.211681518149831,0.0,0.0,0.6923384775244649,1.0,1.0,0.0,0
39.88986273075669,2.0,5.0,0.7915798462015968,1.0,0.0,0.0,0
34.08814199679914,0.0,0.0,0.8070717858250391,1.0,1.0,1.0,0
43.870096799342804,0.0,1.0,0.7681144822224834,1.0,1.0,0.0,0
52.0788426190807,2.0,2.0,0.5070463572850411,1.0,0.0,1.0,1
13.583685868387125,0.0,0.0,0.7419605616154893,1.0,0.0,0.0,0
11.677108824894498,0.0,0.0,0.626677214110144,1.0,1.0,0.0,0
35.402886125400336,0.0,0.0,0.9364723710305493,1.0,1.0,0.0,0
17.99936363168038,0.0,1.0,0.5582124538386899,1.0,1.0,1.0,0
5.70194964408655,0.0,0.0,0.821571054915632,1.0,0.0,0.0,0
41.16987463343912,4.0,0.0,0.2911542419965956,1.0,0.0,1.0,0
2.193463258771443,1.0,1.0,0.2084482962393138,1.0,0.0,1.0,1
14.12528333957908,1.0,0.0,0.44770094160226614,1.0,0.0,1.0,0
54.97784439127577,2.0,1.0,0.6521591656899268,1.0,1.0,1.0,0
7.00689947957072,1.0,0.0,0.9146332133006551,1.0,1.0,0.0,0
0.0,0.0,0.0,0.33437574811188875,1.0,0.0,1.0,0
10.833301237810062,1.0,0.0,0.5067357040375091,1.0,1.0,0.0,0
0.0,2.0,1.0,0.580484622191888,1.0,1.0,1.0,0
1.7739341897373748,0.0,1.0,0.10436432847280082,1.0,1.0,0.0,0
0.0,1.0,2.0,0.8223287652355512,1.0,0.0,1.0,0
45.90819590200475,0.0,0.0,0.845172464262752,1.0,0.0,1.0,0
29.471997181750517,1.0,1.0,0.8494386930401319,1.0,1.0,1.0,0
0.0,1.0,0.0,0.4475786332576229,1.0,1.0,0.0,0
15.180646628765619,0.0,0.0,0.6168005652413951,1.0,1.0,1.0,0
49.909357544975464,0.0,0.0,0.7781889962246858,1.0,1.0,1.0,0
17.99766114320588,5.0,1.0,0.2974094544905194,1.0,0.0,0.0,1
4.190180381331354,2.0,1.0,0.6175424939575819,1.0,0.0,1.0,0
90.23941517521843,0.0,3.0,0.554449821305282,1.0,1.0,0.0,0
38.33806827763875,3.0,0.0,0.6765038350945307,1.0,0.0,1.0,1
30.14603477040348,0.0,1.0,0.7186789274943569,1.0,1.0,0.0,0
92.6543729007487,2.0,0.0,0.4504583261235113,1.0,0.0,1.0,1
0.18959800577614772,0.0,0.0,0.31945624591576166,1.0,1.0,0.0,0
34.124287068327256,2.0,0.0,0.3365040659227091,1.0,0.0,1.0,0
64.02756880948529,1.0,0.0,0.4544698018540731,1.0,1.0,0.0,0
27.99748210146855,2.0,3.0,0.3115942566794702,1.0,0.0,0.0,0
35.147775777684764,1.0,3.0,0.5034110165200552,1.0,0.0,1.0,1
68.3543193919806,1.0,0.0,0.559802113671908,1.0,0.0,1.0,1
10.698514691518731,2.0,1.0,0.8280267933578427,1.0,1.0,0.0,0
0.22478390458778819,0.0,0.0,0.2763761043759629,1.0,1.0,0.0,0
18.303970578169015,0.0,0.0,0.46975605751307986,1.0,1.0,0.0,1
100.86950730457923,2.0,4.0,0.5705643462007235,1.0,0.0,1.0,1
18.11866260106373,1.0,0.0,0.5814399044081714,1.0,1.0,0.0,0
28.490197959943007,1.0,3.0,0.8828687077146897,1.0,0.0,0.0,1
35.08377533521863,1.0,0.0,0.5127696667640752,1.0,1.0,0.0,1
20.019361063231973,2.0,1.0,0.4113194583341932,1.0,0.0,0.0,1
109.301011032078,2.0,3.0,0.10123231796424444,1.0,0.0,0.0,1
18.00188845523352,0.0,0.0,0.6567774887035933,1.0,0.0,0.0,0
41.5080655037182,1.0,1.0,0.8171051309398857,1.0,0.0,0.0,1
47.005983798797345,1.0,0.0,0.2320743106799247,1.0,0.0,1.0,1
0.0,0.0,1.0,0.28108132662528645,1.0,1.0,0.0,0
38.55850199634965,0.0,0.0,0.5382479037740182,0.0,1.0,0.0,0
40.09006790610411,3.0,0.0,0.5503181337452379,1.0,0.0,0.0,0
93.35013563815632,2.0,2.0,0.2609925353417586,0.0,0.0,0.0,1
18.605555219886234,0.0,0.0,0.5109319171192015,1.0,0.0,0.0,0
73.57811676885657,0.0,0.0,0.6337302837317246,1.0,1.0,0.0,0
62.44060360271099,2.0,2.0,0.20993534954633408,1.0,0.0,1.0,1
30.606672403616553,1.0,0.0,0.7601565169019708,1.0,1.0,1.0,1
31.290136808154756,2.0,1.0,0.23740225111922927,1.0,1.0,1.0,0
0.0,2.0,2.0,0.5654109028167912,1.0,0.0,0.0,0
87.54962746547629,2.0,0.0,0.055032764329528853,1.0,0.0,0.0,1
3.1923386833508465,1.0,0.0,0.5076245154866034,1.0,1.0,1.0,1
35.35043300066934,2.0,0.0,0.3789472166040794,1.0,0.0,0.0,1
0.0,0.0,1.0,0.7527859212996711,1.0,1.0,0.0,0
0.0,1.0,0.0,0.7739774951835805,1.0,1.0,0.0,0
14.894154462776633,0.0,0.0,0.29163458460680186,1.0,1.0,0.0,0
12.098658009841474,2.0,1.0,0.7530381655474823,1.0,0.0,0.0,0
63.72346208780485,2.0,1.0,0.3617714124600046,0.0,1.0,0.0,0
14.55473390874192,2.0,1.0,0.4463908264854373,1.0,0.0,1.0,1
52.5763331633799,3.0,1.0,0.15426810679847927,1.0,0.0,0.0,1
0.0,3.0,4.0,0.3904259288068655,1.0,1.0,0.0,1
56.99258739028602,0.0,0.0,0.49232364177139715,1.0,0.0,0.0,0
96.60139097685874,0.0,1.0,0.680971099731113,1.0,1.0,0.0,0
15.369220732687738,0.0,0.0,0.7245633362760955,1.0,1.0,0.0,0
7.292612460067042,0.0,1.0,0.8382483110388339,1.0,1.0,1.0,0
0.0,0.0,0.0,0.5895227560308188,1.0,0.0,0.0,0
53.841076030691184,0.0,3.0,0.6724836026562113,1.0,0.0,1.0,1
52.05546384792228,5.0,2.0,0.43210172231650484,1.0,1.0,1.0,1
6.711561766244426,0.0,0.0,0.38671861093226756,1.0,0.0,1.0,0
24.701048149477614,0.0,2.0,0.8907420522131587,1.0,0.0,1.0,1
17.500028750174444,0.0,1.0,0.7689852872737784,1.0,0.0,0.0,0
57.36065104010204,0.0,3.0,0.6404888202565318,1.0,0.0,0.0,0
112.82355301367994,0.0,0.0,0.6141274514473894,1.0,0.0,0.0,0
0.0,0.0,2.0,0.2844371891980499,1.0,0.0,1.0,1
28.729040415898858,1.0,1.0,0.3399493264470483,1.0,0.0,0.0,1
0.0,0.0,0.0,0.674750431894164,1.0,0.0,0.0,0
11.277516439415297,0.0,1.0,0.8643833682033497,0.0,0.0,0.0,0
33.145042780545396,1.0,0.0,0.7777981669682241,1.0,1.0,0.0,1
0.0,0.0,0.0,0.7728209019557637,1.0,0.0,0.0,0
30.195543341124814,0.0,3.0,0.7924991112601022,1.0,1.0,1.0,1
52.05418729006279,1.0,0.0,0.9033270574223892,1.0,0.0,0.0,1
70.86636766714928,2.0,2.0,0.3541212637063448,1.0,0.0,1.0,1
34.25147021472098,0.0,1.0,0.6785497303926697,1.0,0.0,0.0,0
36.38079629354479,3.0,0.0,0.23451751355524203,0.0,0.0,0.0,1
20.36009212383714,0.0,0.0,0.28897427811964027,1.0,1.0,0.0,0
10.713092697774808,1.0,0.0,0.45412487020444714,1.0,0.0,0.0,0
30.473573209334567,3.0,1.0,0.5388795454258557,1.0,0.0,1.0,0
121.77711636506469,1.0,3.0,0.39427747488051984,0.0,0.0,1.0,1
44.2871292113056,1.0,0.0,0.726085302247957,1.0,1.0,0.0,0
84.43868164897026,0.0,3.0,0.34079210532821186,1.0,0.0,1.0,1
0.0,0.0,1.0,0.4822689985371319,1.0,0.0,0.0,0
39.56062637303867,2.0,1.0,0.33344267040183156,1.0,0.0,1.0,1
37.750771462343046,0.0,0.0,0.7506045641777649,1.0,1.0,1.0,1
38.13357820451255,1.0,0.0,0.7123671573485052,1.0,1.0,1.0,0
0.5720344583044206,1.0,1.0,0.8392591588215932,0.0,1.0,1.0,0
14.593243429660147,0.0,1.0,0.574301503902999,1.0,1.0,0.0,0
19.38549920310094,0.0,0.0,0.8440610877838142,1.0,1.0,0.0,0
7.068577542995387,2.0,0.0,0.657651858016018,1.0,1.0,0.0,0
31.242004895635972,1.0,0.0,0.7166590980760176,1.0,1.0,0.0,0
54.904481387624614,2.0,2.0,0.31787161850218354,1.0,1.0,0.0,1
26.57233736438816,0.0,1.0,0.7057655278759902,1.0,1.0,1.0,0
35.13904995277514,0.0,3.0,0.5254488270969151,1.0,1.0,0.0,0
24.85386786550445,1.0,2.0,0.7543415312314133,1.0,0.0,0.0,1
2.1655465360321067,2.0,0.0,0.6791899928013416,1.0,1.0,1.0,0
40.70302732070072,0.0,0.0,0.6400639836819019,1.0,0.0,0.0,0
26.955610020897947,0.0,1.0,0.8588298655239045,1.0,0.0,1.0,0
30.74041029074629,2.0,2.0,0.91266067050278,1.0,1.0,1.0,1
3.535727187150795,0.0,0.0,0.7094726950252608,1.0,0.0,1.0,0
90.61972528805592,2.0,2.0,0.34627624031784787,1.0,0.0,1.0,1
58.76203576847954,0.0,0.0,0.7158062386343784,1.0,1.0,1.0,0
37.535160206596,3.0,3.0,0.48612754108326556,1.0,0.0,1.0,1
16.240799378785994,0.0,1.0,0.7011493363648091,1.0,0.0,0.0,0
20.715127799146323,1.0,0.0,0.4686052989747065,1.0,1.0,0.0,0
80.56910967395025,1.0,1.0,0.3126815373972169,1.0,0.0,1.0,1
24.012739820352525,0.0,1.0,0.7683522532221992,1.0,1.0,0.0,0
51.037555048509844,0.0,0.0,0.8095172975213097,1.0,0.0,0.0,0
82.32947162757212,1.0,0.0,0.6692499567313871,1.0,0.0,1.0,0
37.28496318981575,0.0,4.0,0.4646008315426801,1.0,1.0,1.0,1
36.39178539352942,0.0,1.0,0.7645255552148112,1.0,0.0,1.0,1
43.86764296461069,2.0,3.0,0.5017736625331741,1.0,0.0,1.0,1
22.792557449501512,1.0,1.0,0.4893318992573646,1.0,0.0,1.0,0
57.18991697193065,1.0,0.0,0.9005025122503697,0.0,1.0,0.0,0
107.85212492779571,0.0,1.0,0.8133959195861639,1.0,1.0,0.0,0
57.81001738949372,1.0,4.0,0.05233357247368591,0.0,1.0,1.0,1
21.181880390056108,0.0,1.0,0.39346176009271805,1.0,0.0,0.0,0
62.93943086554553,2.0,1.0,0.28176523002510007,1.0,0.0,1.0,1
47.11611592430596,0.0,0.0,0.8286054954857951,1.0,0.0,0.0,0
18.43680170198663,1.0,2.0,0.3485472593029624,1.0,0.0,1.0,0
38.83781965920077,1.0,1.0,0.7393587140907382,1.0,0.0,0.0,0
25.93707891856215,4.0,0.0,0.7989813644264881,0.0,0.0,1.0,1
0.0,1.0,6.0,0.10230126101988357,0.0,0.0,1.0,1
27.970457838386945,4.0,1.0,0.6476284169357212,1.0,1.0,0.0,0
18.29757563835549,2.0,1.0,0.7505803113595713,1.0,1.0,0.0,0
17.54022854209458,2.0,3.0,0.4419389195167012,1.0,1.0,0.0,1
29.284897537493446,0.0,0.0,0.7847606422192942,1.0,1.0,0.0,0
54.27146379353357,4.0,4.0,0.10860641216650989,0.0,0.0,1.0,1
0.0,0.0,0.0,0.6201015826842733,1.0,0.0,1.0,0
26.051178698635745,1.0,2.0,0.7289447315981861,1.0,0.0,1.0,1
125.32705765168434,2.0,1.0,0.3696521818421311,1.0,0.0,1.0,1
24.416735970389567,1.0,2.0,0.7912860691654621,1.0,1.0,1.0,0
0.0,0.0,0.0,0.8523044907949096,0.0,1.0,0.0,0
67.43263841989682,0.0,2.0,0.8683776885346443,1.0,1.0,1.0,0
6.225414587161918,0.0,1.0,0.47083837637165366,1.0,0.0,0.0,0
0.0,0.0,0.0,0.914205981098891,1.0,1.0,0.0,0
0.0,0.0,0.0,0.8244044593584298,1.0,0.0,1.0,0
18.281034700313334,2.0,3.0,0.5051943576670165,1.0,0.0,1.0,1
41.955632085564105,3.0,0.0,0.32635534097365704,1.0,0.0,1.0,1
18.377774132157846,0.0,0.0,0.3573440123693016,0.0,1.0,1.0,1
0.0,0.0,0.0,0.3181028318700809,1.0,1.0,0.0,0
55.264163169102986,0.0,1.0,0.687634786928444,1.0,1.0,1.0,1
24.996353907130725,1.0,0.0,0.27311748682423675,1.0,1.0,0.0,0
27.905860605176024,1.0,1.0,0.737698186780934,1.0,0.0,0.0,0
28.68951592414215,1.0,1.0,0.6467016483414939,1.0,1.0,0.0,0
29.247489134665912,2.0,0.0,0.712522663847298,1.0,1.0,0.0,0
26.591687849464172,1.0,2.0,0.6782595746689005,1.0,0.0,1.0,1
28.093408492822128,0.0,0.0,0.8796415441514098,1.0,0.0,0.0,0
0.0,0.0,0.0,0.7109823433540154,1.0,0.0,0.0,0
0.0,1.0,0.0,0.8847432090250713,1.0,0.0,0.0,0
0.0,0.0,2.0,0.16007935651080765,1.0,1.0,0.0,0
22.489140882133178,3.0,3.0,0.6245418838706024,1.0,0.0,0.0,0
58.67177473095427,0.0,0.0,0.8027162435716452,1.0,1.0,0.0,0
15.040939700937585,1.0,0.0,0.7904985420901368,1.0,0.0,1.0,0
18.847512212385688,0.0,0.0,0.707561832912544,0.0,0.0,0.0,0
15.675161049016978,0.0,2.0,0.5024950389464383,1.0,0.0,0.0,0
27.776164089349763,0.0,3.0,0.6707652930464608,1.0,0.0,0.0,0
0.0,0.0,1.0,0.8353967684276434,1.0,1.0,0.0,0
2.6942037137593036,1.0,1.0,0.9234630554071102,1.0,0.0,0.0,0
79.37902887293474,0.0,0.0,0.8696259676820589,1.0,0.0,0.0,0
28.297992185303993,1.0,0.0,0.7395726887842531,1.0,0.0,0.0,1
42.50908922041523,5.0,1.0,0.21223771103428585,1.0,0.0,0.0,1
8.892051262877155,0.0,1.0,0.501014149057848,1.0,0.0,0.0,0
34.93544665820553,1.0,2.0,0.7202229240440489,0.0,1.0,0.0,0
54.593057035127146,0.0,0.0,0.578933829680951,1.0,1.0,1.0,0
49.81918474800958,1.0,3.0,0.6897185629203078,1.0,0.0,1.0,1
16.47996087037965,0.0,0.0,0.3816089699243421,1.0,0.0,0.0,0
0.0,1.0,0.0,0.6753487694192242,1.0,0.0,0.0,0
22.839055042714545,0.0,0.0,0.906459425834636,0.0,1.0,1.0,0
10.992171152393063,1.0,2.0,0.9040224386423499,1.0,0.0,0.0,0
65.29439768728078,0.0,0.0,0.5055647158090668,1.0,0.0,0.0,0
101.12723422715283,5.0,2.0,0.2588750313868969,1.0,1.0,1.0,1
0.0,0.0,0.0,0.5652508587107126,1.0,0.0,1.0,0
9.406605626516217,0.0,1.0,0.3884779580662422,1.0,0.0,0.0,0
29.456421935520943,0.0,2.0,0.7194984415312247,1.0,0.0,1.0,1
50.00058128304752,1.0,0.0,0.8874236167399148,1.0,1.0,1.0,0
60.453238780890715,0.0,0.0,0.5701973310100362,1.0,1.0,1.0,0
8.203485863978258,1.0,0.0,0.4340161593692388,1.0,1.0,0.0,0
73.65717787750643,3.0,3.0,0.2215534834359243,1.0,0.0,0.0,1
71.80673151046014,1.0,1.0,0.7668868147461662,1.0,0.0,0.0,0
3.335106399910254,0.0,1.0,0.2243253054699154,1.0,0.0,1.0,0
20.75872845825743,0.0,1.0,0.7376026196476975,1.0,1.0,0.0,0
28.942962756293127,2.0,4.0,0.6715509795727828,1.0,0.0,1.0,1
86.91302036005818,0.0,1.0,0.8670207048114834,1.0,1.0,0.0,0
55.39249581343128,0.0,1.0,0.38283295156136055,0.0,0.0,1.0,1
16.837320735221475,3.0,2.0,0.10283312763109817,0.0,0.0,0.0,1
28.558523715573816,1.0,1.0,0.5309313309803575,1.0,1.0,1.0,1
19.623444381547316,2.0,2.0,0.3312702566580086,1.0,0.0,0.0,1
29.388618486328994,0.0,0.0,0.7412292932435177,1.0,1.0,0.0,0
71.51461373422255,1.0,0.0,0.4662165646204301,1.0,0.0,0.0,0
91.38569100289644,0.0,6.0,0.26355544405426673,1.0,0.0,1.0,1
3.575143782319597,1.0,0.0,0.5536458878362661,1.0,1.0,1.0,0
0.0,0.0,2.0,0.6509987667845374,1.0,1.0,1.0,0
36.99916851365456,0.0,0.0,0.8219784609821851,1.0,0.0,0.0,0
44.44321844366268,1.0,2.0,0.30392838062221805,1.0,0.0,1.0,1
0.0,0.0,0.0,0.7750733922629159,1.0,0.0,0.0,1
81.18542499657283,3.0,1.0,0.1540208489099635,1.0,0.0,0.0,1
65.65447868921405,0.0,1.0,0.5939122467189939,1.0,0.0,1.0,1
15.278605849066029,0.0,1.0,0.8496730809178314,1.0,1.0,0.0,0
30.33890763672149,0.0,2.0,0.609532785107334,1.0,1.0,0.0,0
0.0,0.0,0.0,0.5966225479907443,1.0,0.0,1.0,0
30.75733729640006,1.0,1.0,0.6064266205100705,1.0,0.0,1.0,0
3.1287320571611428,0.0,0.0,0.955871265540566,1.0,1.0,0.0,0
36.66310708322773,0.0,0.0,0.6800826496240617,1.0,1.0,0.0,0
14.805697230769578,0.0,3.0,0.1959623291923023,1.0,0.0,0.0,0
29.479993329777084,2.0,4.0,0.8079642174496092,1.0,0.0,1.0,1
58.69508921207719,4.0,2.0,0.23470708530309223,0.0,0.0,0.0,1
72.61937613014467,1.0,2.0,0.35965193234150655,1.0,0.0,1.0,1
26.47488458497105,1.0,0.0,0.9313383279298517,1.0,0.0,1.0,0
8.451313921405992,1.0,0.0,0.7806844052834748,1.0,1.0,0.0,0
0.0,1.0,2.0,0.6126209488486993,1.0,0.0,0.0,0
0.0,0.0,0.0,0.7698615356947676,1.0,0.0,0.0,0
0.0,0.0,0.0,0.32108487128913066,1.0,1.0,0.0,1
35.67912628580896,1.0,0.0,0.6030833984535382,0.0,0.0,1.0,0
22.07655005531206,0.0,2.0,0.853128315305599,1.0,0.0,0.0,1
36.11388076806509,0.0,0.0,0.7178225820791794,1.0,0.0,1.0,0
44.94163225857123,2.0,1.0,0.2710534273594869,1.0,1.0,1.0,1
24.805057202778507,2.0,1.0,0.3200091772790513,0.0,0.0,1.0,1
90.29363523765676,2.0,2.0,0.6198024135600514,1.0,0.0,1.0,1
34.984099003154384,1.0,1.0,0.42653958983355783,1.0,1.0,0.0,0
0.0,0.0,0.0,0.5794930801650078,1.0,1.0,0.0,0
0.0,0.0,0.0,0.5366365002877448,1.0,1.0,0.0,0
7.599624952950501,0.0,0.0,0.77169604683011,1.0,1.0,1.0,1
98.18738136417949,0.0,0.0,0.35438151706079574,1.0,1.0,0.0,0
81.20312495656512,0.0,0.0,0.7001975469386573,0.0,0.0,1.0,0
49.47251876234741,1.0,1.0,0.47998893608317156,1.0,0.0,1.0,1
8.471710950414993,0.0,0.0,0.4555128116480217,1.0,1.0,0.0,0
20.201936324009992,0.0,2.0,0.6949323697186716,1.0,1.0,0.0,0
55.62274559000925,0.0,3.0,0.7200968238739953,1.0,1.0,1.0,1
8.963312952223738,1.0,0.0,0.9692211414692395,1.0,0.0,0.0,0
49.09447483026846,0.0,1.0,0.8611865000844235,1.0,1.0,1.0,1
9.894623424936999,0.0,0.0,0.7806479152074848,1.0,1.0,0.0,0
0.0,1.0,1.0,0.7307834729494678,1.0,1.0,1.0,0
9.048465796332502,2.0,2.0,0.6494484925867265,1.0,0.0,1.0,0
77.28058766940512,1.0,0.0,0.5120523336889676,1.0,1.0,1.0,0
0.0,0.0,1.0,0.7312543862505464,1.0,1.0,0.0,0
0.0,0.0,1.0,0.7665657166903882,1.0,1.0,0.0,0
123.2408463166106,4.0,0.0,0.11293941623303672,1.0,1.0,1.0,1
20.469841286578443,0.0,0.0,0.4743330134452083,1.0,1.0,0.0,1
76.96651224913273,0.0,0.0,0.6124358572579685,1.0,1.0,0.0,1
25.81799420978185,1.0,2.0,0.8655842674540565,0.0,0.0,1.0,1
7.2576949632665055,1.0,1.0,0.8569637841052756,0.0,0.0,0.0,0
56.44833534966349,1.0,1.0,0.551180365444483,1.0,1.0,0.0,0
11.330793498368951,0.0,2.0,0.7992223067768955,1.0,0.0,1.0,1
93.41216542725671,4.0,2.0,0.6110897992838086,1.0,1.0,1.0,1
16.86226617021653,0.0,0.0,0.6167778798806061,1.0,1.0,0.0,0
50.268332783374845,1.0,0.0,0.701460657901188,1.0,1.0,1.0,0
34.06673904133859,1.0,1.0,0.582202138822978,0.0,0.0,1.0,1
0.0,0.0,0.0,0.6767703807927584,1.0,1.0,1.0,0
42.58761301037508,2.0,2.0,0.13771956468170407,1.0,0.0,1.0,1
1.5063136552209109,0.0,1.0,0.5079674304747224,1.0,1.0,0.0,0
30.538794148552448,1.0,2.0,0.9153470534457111,1.0,0.0,0.0,1
46.176147901829324,3.0,1.0,0.25659235772617256,1.0,0.0,1.0,1
6.028270953249027,0.0,0.0,0.6034264817371876,1.0,0.0,0.0,1
13.93736367744485,0.0,1.0,0.8466750978661642,0.0,1.0,1.0,0
15.657550072950674,0.0,0.0,0.5422377612386471,0.0,0.0,1.0,0
0.0,0.0,1.0,0.9185946380613713,1.0,0.0,1.0,0
14.784177242792769,2.0,1.0,0.5950934973104743,1.0,0.0,0.0,0
99.00011961116964,1.0,1.0,0.13470822300020077,1.0,1.0,0.0,1
82.02831335361714,3.0,1.0,0.32308282499883223,0.0,0.0,0.0,0
141.66437648978453,1.0,0.0,0.22886159639077555,1.0,0.0,1.0,1
32.12598714542251,3.0,0.0,0.38397427048211186,1.0,1.0,0.0,0
34.633827850374225,0.0,5.0,0.2101188503525951,1.0,0.0,0.0,1
4.517053032592899,0.0,0.0,0.4844365601057368,1.0,0.0,0.0,1
37.46886487360694,1.0,0.0,0.26850073199653557,1.0,1.0,0.0,0
61.14082787839738,2.0,0.0,0.6867605062983739,1.0,1.0,0.0,0
19.7662304372135,0.0,0.0,0.9155213847223806,0.0,1.0,1.0,0
51.3970886542395,0.0,1.0,0.4014508296885238,1.0,0.0,0.0,0
36.10235717023225,0.0,1.0,0.784832800638408,1.0,1.0,0.0,0
14.283365468980351,2.0,1.0,0.5951891351473445,1.0,1.0,0.0,0
0.0,0.0,1.0,0.5410893075301776,1.0,1.0,0.0,0
28.698885077354475,0.0,0.0,0.6644681419862294,1.0,0.0,0.0,0
24.517971885580764,0.0,0.0,0.909196673892984,0.0,0.0,0.0,0
45.738410233527034,1.0,0.0,0.6057188766720175,1.0,1.0,1.0,0
87.92418006259777,0.0,0.0,0.3380517994553599,1.0,0.0,1.0,1
17.24271665784372,0.0,1.0,0.849870081546338,1.0,0.0,1.0,0
0.0,0.0,0.0,0.38686366927636573,1.0,1.0,0.0,0
0.7380182114073222,0.0,1.0,0.7175031806101169,1.0,1.0,1.0,0
0.0,1.0,4.0,0.33502134470604067,1.0,0.0,1.0,1
3.722293251154367,0.0,1.0,0.8176537599868833,1.0,0.0,1.0,0
22.68967231074547,0.0,0.0,0.6093196606325356,1.0,0.0,0.0,0
45.48911227270829,1.0,1.0,0.7188329323426108,1.0,1.0,0.0,0
22.56495201812551,0.0,1.0,0.5072184475518884,1.0,1.0,1.0,0
54.59909292344647,0.0,0.0,0.6568872726738919,1.0,0.0,1.0,0
129.05324634298603,2.0,2.0,0.6920601421812573,1.0,0.0,1.0,1
122.6731871729751,2.0,1.0,0.11369444544986473,1.0,0.0,1.0,1
79.55595598848286,0.0,0.0,0.5431066626282517,1.0,0.0,1.0,0
0.0,0.0,1.0,0.6351653666918251,1.0,1.0,0.0,0
41.8029511782893,0.0,2.0,0.6779514589041871,1.0,0.0,0.0,1
49.8513789809509,1.0,2.0,0.5274616602492932,1.0,0.0,0.0,1
12.748147954852303,0.0,0.0,0.7340180248651926,1.0,1.0,0.0,0
59.06646238432755,0.0,0.0,0.7995851257497858,1.0,1.0,0.0,0
62.339267218803656,0.0,2.0,0.7636852043057839,1.0,1.0,0.0,0
18.635179237916997,0.0,0.0,0.7632138871497814,1.0,1.0,1.0,0
0.0,0.0,0.0,0.7504550697585188,1.0,1.0,0.0,0
25.52573649782772,0.0,1.0,0.47046267922317403,1.0,1.0,0.0,0
0.0,0.0,0.0,0.4773204769303385,1.0,1.0,0.0,0
0.0,0.0,0.0,0.8347052553115754,1.0,0.0,0.0,0
26.737561816685584,1.0,1.0,0.7195977164003732,1.0,1.0,0.0,0
22.98049317150874,2.0,0.0,0.7282064335152436,1.0,1.0,0.0,0
97.40334001299533,1.0,2.0,0.21522996337614816,1.0,0.0,1.0,0
1.202196606525634,1.0,2.0,0.5262646999197284,0.0,0.0,0.0,0
22.12341251611652,1.0,2.0,0.5196998170185457,0.0,1.0,0.0,1
28.892833748734084,2.0,1.0,0.6579769380029185,0.0,0.0,0.0,1
70.20195736897253,4.0,2.0,0.4701211116145613,1.0,0.0,1.0,0
28.314436202723645,1.0,0.0,0.8865960711781442,1.0,1.0,1.0,0
23.600006159363964,0.0,0.0,0.5048675185124881,1.0,1.0,1.0,0
62.83387225096006,2.0,1.0,0.1745010109986645,1.0,0.0,0.0,1
59.56039411397116,0.0,0.0,0.49279832697716236,1.0,1.0,1.0,0
80.5399285196475,1.0,6.0,0.12476039256078428,1.0,0.0,1.0,1
38.709438496752014,6.0,2.0,0.3436329625966311,1.0,0.0,0.0,1
5.120596887092954,0.0,0.0,0.38053062811979377,1.0,1.0,0.0,1
49.78291462060534,1.0,1.0,0.9458070714276924,1.0,1.0,0.0,0
0.0,0.0,1.0,0.7413971033914595,1.0,1.0,1.0,0
87.83437453746333,1.0,1.0,0.10270453198269525,1.0,0.0,0.0,1
58.79292857085945,2.0,1.0,0.3485674149776316,1.0,0.0,0.0,0
8.94150260586403,0.0,0.0,0.6014585430564712,1.0,0.0,0.0,0
20.094574324901043,0.0,0.0,0.6405139933071707,1.0,0.0,0.0,0
30.786790536733424,0.0,1.0,0.4835303148330434,1.0,0.0,0.0,0
28.00180797338513,0.0,4.0,0.44705703303967587,1.0,0.0,1.0,1
0.0,0.0,1.0,0.7681542132411928,1.0,1.0,1.0,0
61.71062372876139,0.0,1.0,0.2723020248047084,1.0,1.0,0.0,0
48.80512301324406,4.0,4.0,0.7515765167198919,0.0,0.0,1.0,0
47.64840332848238,2.0,0.0,0.9302162351764428,1.0,1.0,1.0,0
7.928321550617088,1.0,0.0,0.4711663429340484,1.0,0.0,0.0,0
26.582583761693254,0.0,0.0,0.4124620192657093,1.0,1.0,0.0,0
4.715451907279707,4.0,4.0,0.577354916086891,0.0,0.0,0.0,0
12.72171096425993,2.0,0.0,0.2006518830232491,1.0,0.0,1.0,1
13.820679064535739,0.0,0.0,0.5809809203824561,1.0,1.0,0.0,0
7.966328913823531,1.0,1.0,0.5426527754022654,1.0,1.0,1.0,0
33.99048047314381,2.0,1.0,0.7368364314361461,1.0,0.0,0.0,0
20.397188109029077,0.0,1.0,0.6388865785549085,1.0,1.0,0.0,0
85.06586419069747,3.0,2.0,0.3343317944839367,1.0,0.0,1.0,1
0.7665291945734047,0.0,1.0,0.7955208344590279,1.0,1.0,1.0,0
32.86382689222594,2.0,2.0,0.4205965605290153,1.0,0.0,1.0,1
12.447910958865414,1.0,0.0,0.9238179607283713,0.0,1.0,0.0,0
71.07844227492411,4.0,2.0,0.7238836010167566,1.0,0.0,1.0,1
0.0,1.0,0.0,0.6267679742343285,1.0,0.0,0.0,0
0.0,1.0,1.0,0.6126746993440966,1.0,1.0,0.0,0
72.16451648829673,1.0,0.0,0.5408073537464474,1.0,1.0,1.0,0
28.732910183463126,3.0,1.0,0.50935838872302,1.0,0.0,0.0,0
62.55043518501329,0.0,0.0,0.2066369725679608,1.0,0.0,0.0,0
16.65544018266042,4.0,2.0,0.4515514299698736,0.0,0.0,0.0,1
27.814700353200024,1.0,3.0,0.683509765907083,0.0,0.0,1.0,1
0.0,1.0,1.0,0.2529822062515476,1.0,0.0,0.0,0
18.46852453878438,0.0,1.0,0.5510200769925119,1.0,1.0,0.0,0
8.002160766895194,1.0,0.0,0.7167413242710252,1.0,1.0,1.0,0
43.3796715705553,1.0,2.0,0.6547806645034744,0.0,1.0,0.0,0
8.397444831411825,0.0,1.0,0.24013309263404287,1.0,0.0,0.0,0
29.950505004347175,2.0,3.0,0.5559012921310965,1.0,1.0,1.0,1
54.26677608349891,0.0,0.0,0.886465549330627,1.0,0.0,0.0,0
13.321264912783803,0.0,0.0,0.2701531325566489,1.0,1.0,1.0,0
27.842446904148197,1.0,3.0,0.5441077094206193,1.0,0.0,0.0,0
0.0,2.0,0.0,0.8316984971921381,1.0,1.0,0.0,0
25.972831051010203,0.0,1.0,0.8911121080447568,1.0,0.0,0.0,0
35.502680017738356,0.0,1.0,0.470755874584918,1.0,0.0,0.0,0
121.4631408686,3.0,1.0,0.5125621905073301,1.0,0.0,1.0,0
42.69096789636905,0.0,1.0,0.08896857555989322,0.0,0.0,1.0,1
51.17018947895646,1.0,2.0,0.4714800202820094,1.0,0.0,1.0,0
5.551288661508792,0.0,1.0,0.5016937123177256,1.0,0.0,0.0,0
1.0212726143785622,1.0,1.0,0.44351041628384724,1.0,1.0,0.0,0
42.830243524348916,3.0,5.0,0.6240586736196475,1.0,0.0,1.0,1
35.052336989069914,0.0,3.0,0.672819253247943,1.0,0.0,1.0,1
16.509006056273062,0.0,0.0,0.9279760875310114,1.0,0.0,0.0,0
15.954201666165535,0.0,0.0,0.7617673853871882,1.0,0.0,1.0,0
0.0,0.0,2.0,0.3557619602971445,1.0,1.0,1.0,1
24.19701269555003,0.0,0.0,0.11131598787445106,1.0,0.0,0.0,0
18.362354446726563,0.0,1.0,0.5391040403255437,1.0,1.0,0.0,0
42.16566480433556,1.0,0.0,0.5690483632448355,1.0,0.0,0.0,0
0.0,1.0,2.0,0.3923839856032369,0.0,1.0,1.0,0
25.49656579172781,0.0,1.0,0.6147275445612512,1.0,0.0,0.0,0
13.07794209034596,1.0,0.0,0.4789376559477631,1.0,1.0,1.0,0
124.64269862335114,1.0,1.0,0.09475777232564558,0.0,0.0,1.0,1
22.972040308638086,1.0,1.0,0.4393328464510425,1.0,0.0,0.0,0
71.9031242820389,2.0,1.0,0.16761547483855768,1.0,0.0,0.0,1
0.0,2.0,2.0,0.43356106003519335,1.0,0.0,0.0,0
46.06448186264505,0.0,0.0,0.504828626072354,1.0,1.0,0.0,0
47.13043051359418,0.0,2.0,0.09727122244840332,1.0,1.0,1.0,0
53.4119739259968,0.0,1.0,0.36288999743743683,1.0,1.0,0.0,0
59.73986466263017,0.0,0.0,0.3662340843962705,1.0,1.0,1.0,0
60.11079351200319,1.0,1.0,0.9344154306772732,1.0,1.0,1.0,0
9.838113360093512,0.0,0.0,0.6002960573799969,1.0,1.0,0.0,0
27.650750620337178,1.0,1.0,0.8222611330577598,1.0,0.0,0.0,0
24.665105244915168,0.0,3.0,0.5235092112941264,1.0,0.0,1.0,1
95.29230277067761,0.0,2.0,0.7537277839691441,1.0,1.0,0.0,0
8.091101946443008,0.0,2.0,0.37677846582759666,1.0,1.0,0.0,0
72.4163267069381,4.0,1.0,0.28689272311774194,1.0,0.0,0.0,1
28.541481379938297,0.0,0.0,0.8983038542836863,0.0,0.0,0.0,0
0.0,0.0,1.0,0.6751787258138696,1.0,1.0,0.0,0
0.0,1.0,0.0,0.9099916863139271,1.0,1.0,0.0,0
25.986160214202073,1.0,0.0,0.7806477504015685,1.0,0.0,0.0,0
13.042854778391408,2.0,1.0,0.6756493105638218,1.0,1.0,0.0,0
0.0,0.0,2.0,0.24278450964049536,1.0,0.0,0.0,0
25.486612254348483,0.0,0.0,0.5460139609672833,1.0,1.0,0.0,0
1.7527832803274368,0.0,0.0,0.7743581151323695,0.0,1.0,0.0,0
0.0,0.0,0.0,0.2669832943268865,1.0,0.0,0.0,1
27.075794528504254,0.0,1.0,0.33557043650737617,1.0,1.0,0.0,0
0.0,0.0,1.0,0.747140107533806,1.0,0.0,0.0,0
59.6101296337435,1.0,1.0,0.8203713865445913,1.0,1.0,0.0,0
26.642263122174707,1.0,1.0,0.737465042107451,1.0,1.0,0.0,0
67.88077027344141,0.0,1.0,0.5573997426762565,1.0,1.0,0.0,0
26.854662399053545,2.0,1.0,0.8492336209264902,1.0,1.0,0.0,0
41.71106260905914,0.0,1.0,0.528299338248852,0.0,1.0,1.0,1
0.7467432617087801,1.0,0.0,0.8573890543115611,1.0,1.0,1.0,0
37.73537081714577,2.0,0.0,0.7112854018638148,1.0,1.0,1.0,1
110.90432381230977,3.0,2.0,0.22467017992227983,0.0,0.0,0.0,1
23.885317238593966,0.0,2.0,0.5996201082348043,1.0,0.0,0.0,0
23.18376082466237,0.0,1.0,0.31912696132745283,1.0,1.0,0.0,0
25.24277905573969,0.0,0.0,0.7541899302583399,1.0,0.0,0.0,0
27.706117666153474,1.0,2.0,0.5415851156633565,1.0,1.0,0.0,0
0.0,1.0,1.0,0.6968081195719963,1.0,1.0,1.0,0
19.853362741432672,0.0,2.0,0.3993311383832152,1.0,0.0,1.0,1
37.067143057247776,4.0,3.0,0.6374495637343254,1.0,0.0,1.0,1
13.613328282010556,0.0,2.0,0.5660339533475158,1.0,0.0,0.0,1
13.116892118269117,0.0,1.0,0.8816475719323397,1.0,1.0,0.0,0
139.6256673116336,1.0,1.0,0.3227588201222833,1.0,0.0,1.0,1
10.341471101405523,0.0,0.0,0.46552816412573816,1.0,1.0,0.0,0
38.09775202960178,2.0,0.0,0.513069747674688,1.0,1.0,0.0,0
42.08450767649518,1.0,3.0,0.23601218321306436,1.0,1.0,0.0,1
59.36112456247353,1.0,1.0,0.5244159510211882,1.0,1.0,1.0,1
118.64723845242847,2.0,4.0,0.07876936028191603,0.0,0.0,1.0,1
19.690723962830575,0.0,2.0,0.6372074560370337,1.0,1.0,0.0,0
95.59785656841588,5.0,0.0,0.28403426847085816,0.0,0.0,1.0,1
0.0,1.0,0.0,0.7088105012138023,0.0,1.0,0.0,0
80.55952281559941,2.0,1.0,0.6707401627639542,1.0,0.0,1.0,1
36.838625302103374,0.0,1.0,0.738067786748296,1.0,1.0,0.0,0
128.01802367401427,3.0,3.0,0.16549804998618542,0.0,0.0,1.0,1
32.045414739929086,0.0,1.0,0.6750475101431914,1.0,0.0,0.0,0
57.9572594634525,0.0,0.0,0.19249015111782222,1.0,1.0,0.0,0
62.325357788161995,3.0,4.0,0.6008688571052331,0.0,0.0,1.0,1
86.39423073824486,0.0,1.0,0.7910577701508636,1.0,1.0,0.0,0
23.116096314773905,1.0,4.0,0.591906370393774,1.0,1.0,1.0,0
39.96442563463465,0.0,0.0,0.8578216330829639,1.0,0.0,0.0,0
42.53914795433979,0.0,2.0,0.46775185753619664,1.0,1.0,0.0,0
24.585271824017703,2.0,2.0,0.5836423967446055,0.0,0.0,1.0,1
19.023461748531226,2.0,2.0,0.5906957881648804,1.0,0.0,1.0,1
81.80146061100709,3.0,2.0,0.5694736698540463,1.0,0.0,0.0,0
33.0469557608892,1.0,1.0,0.8787660874311156,1.0,1.0,0.0,1
21.448674632604675,0.0,1.0,0.5021508820595585,1.0,1.0,1.0,0
62.5941279149394,2.0,1.0,0.11825486115344591,1.0,0.0,1.0,1
85.22645859229043,0.0,2.0,0.5399816512075459,1.0,1.0,1.0,1
53.46400495222822,1.0,3.0,0.6701489473640359,0.0,1.0,1.0,1
26.144053670229766,0.0,2.0,0.8111908145393628,1.0,1.0,0.0,0
0.0,0.0,2.0,0.6298643640152409,1.0,1.0,0.0,0
0.0,2.0,1.0,0.8466550923991628,1.0,0.0,0.0,0
14.499869350241482,0.0,0.0,0.6356810382623969,1.0,0.0,0.0,0
67.52378738118571,1.0,1.0,0.7191140026431149,1.0,0.0,0.0,0
14.32354430218466,0.0,1.0,0.6613532211510106,1.0,0.0,0.0,0
66.02518789295308,0.0,1.0,0.6144354273790945,1.0,0.0,0.0,0
26.413358871326665,2.0,0.0,0.7416388320245404,1.0,1.0,1.0,1
0.0,0.0,0.0,0.4949893170571361,1.0,1.0,0.0,0
0.0,1.0,0.0,0.4395960438738138,1.0,1.0,0.0,0
77.71345673922534,1.0,1.0,0.47194733670478783,1.0,1.0,1.0,1
0.0,0.0,2.0,0.45727553982381336,1.0,1.0,0.0,0
0.0,0.0,1.0,0.4271456319693191,0.0,0.0,0.0,0
97.08604113079049,0.0,0.0,0.3261094161046698,1.0,0.0,0.0,1
29.500794300961225,0.0,1.0,0.5594031419847799,0.0,0.0,1.0,1
3.2347464022706696,0.0,1.0,0.6290409334434899,1.0,0.0,0.0,0
2.8031529689487007,1.0,2.0,0.8523370981720293,1.0,1.0,0.0,0
0.0,0.0,0.0,0.4019856897991131,1.0,1.0,0.0,0
36.12739533689661,0.0,0.0,0.6291308401330127,0.0,1.0,0.0,0
30.49999150728092,0.0,0.0,0.7198294433360642,1.0,0.0,0.0,0
74.98086655007889,2.0,1.0,0.1948323693458668,1.0,0.0,1.0,1
28.756804367955773,0.0,0.0,0.3045149473145924,1.0,1.0,1.0,0
0.0,0.0,0.0,0.42659515841863604,0.0,0.0,0.0,0
44.9465514297047,3.0,1.0,0.7062557262713097,1.0,0.0,0.0,0
30.392915273833033,1.0,1.0,0.8166283231641546,1.0,1.0,0.0,0
0.0,0.0,0.0,0.7825131496974087,1.0,1.0,0.0,0
1.7179629279652566,1.0,1.0,0.4708260067261849,0.0,0.0,0.0,0
50.8492241780956,1.0,1.0,0.27856253637547457,1.0,1.0,0.0,0
73.66165962617947,1.0,3.0,0.5680510115302263,1.0,0.0,1.0,1
27.03766504026955,1.0,2.0,0.9000263556381778,1.0,1.0,1.0,1
0.0,1.0,1.0,0.823999496911222,1.0,1.0,1.0,0
69.03096899735596,2.0,0.0,0.7634052909699681,1.0,0.0,0.0,0
17.095902166623873,0.0,2.0,0.842471173746818,1.0,0.0,1.0,0
21.24344657433158,0.0,2.0,0.6117702655070743,1.0,0.0,1.0,0
38.535766490772,1.0,2.0,0.480092277571409,1.0,1.0,1.0,1
0.0,0.0,1.0,0.385985542530033,0.0,1.0,0.0,0
17.9487752671483,1.0,1.0,0.691741742429396,1.0,1.0,0.0,0
17.35633590776186,6.0,1.0,0.43525849521425825,1.0,1.0,0.0,1
11.609610782526,0.0,0.0,0.3990031495984542,1.0,1.0,0.0,0
0.0,2.0,0.0,0.49193190777621415,1.0,1.0,0.0,0
0.0,0.0,1.0,0.6555800892471362,1.0,1.0,0.0,0
68.56294452836605,0.0,2.0,0.43861149897393575,1.0,1.0,1.0,1
0.0,1.0,1.0,0.8800028357549257,1.0,0.0,1.0,0
41.477469116037476,3.0,0.0,0.7323220060439932,1.0,1.0,1.0,1
32.03417658933385,2.0,3.0,0.6393409602213325,1.0,0.0,0.0,1
36.03840528570711,1.0,0.0,0.9440625329414758,1.0,1.0,0.0,0
10.71837595672485,0.0,0.0,0.49132681825254254,1.0,1.0,1.0,0
0.0,1.0,0.0,0.841516518738773,0.0,1.0,0.0,0
0.0,0.0,1.0,0.7206047829784313,1.0,1.0,0.0,0
0.0,0.0,0.0,0.3431205996379345,1.0,1.0,0.0,0
69.87005011330247,1.0,1.0,0.6892641063417959,0.0,0.0,0.0,1
44.58868446850761,0.0,0.0,0.8864572842174685,1.0,0.0,0.0,0
64.85665295726315,0.0,0.0,0.7547449009870556,1.0,0.0,1.0,0
111.17338274594596,1.0,3.0,0.1123152504760815,1.0,0.0,1.0,1
18.76641578653676,0.0,0.0,0.8077459849536843,1.0,0.0,1.0,0
0.36924635295632413,0.0,2.0,0.7715448347040345,1.0,0.0,0.0,0
5.657282501881319,0.0,0.0,0.6310377070713882,0.0,0.0,0.0,0
59.86392874066039,0.0,1.0,0.8268381072568955,1.0,0.0,0.0,0
26.28016188012403,0.0,1.0,0.5581882946692469,1.0,0.0,1.0,0
64.19615806349692,1.0,1.0,0.7465335358125309,1.0,0.0,0.0,0
24.30457676801546,0.0,1.0,0.26971518851000603,1.0,1.0,0.0,0
23.787259146078465,1.0,1.0,0.8259129642084198,1.0,0.0,1.0,0
64.67269392531091,3.0,1.0,0.42382843048186747,1.0,0.0,1.0,1
28.644725034528264,0.0,1.0,0.8660524840021917,1.0,1.0,0.0,0
36.062789750853014,0.0,0.0,0.8975380948074725,1.0,0.0,0.0,1
65.77597161271095,2.0,2.0,0.420916338657359,1.0,0.0,1.0,1
9.08987754987529,1.0,0.0,0.3527697573380817,1.0,1.0,0.0,0
1.017464268263474,0.0,1.0,0.7824735889838399,1.0,0.0,0.0,0
55.987719013997165,1.0,1.0,0.9039383597801561,1.0,0.0,1.0,1
56.062707340108155,2.0,2.0,0.44447272280117905,1.0,0.0,0.0,1
104.86557319497922,0.0,1.0,0.592904612392573,1.0,1.0,1.0,1
8.178013323950788,0.0,1.0,0.8226987062066863,1.0,0.0,1.0,1
8.882779288968973,0.0,4.0,0.5524247429212229,1.0,0.0,1.0,0
19.897835927658136,5.0,2.0,0.48072004358475795,1.0,0.0,1.0,1
50.875036794655465,2.0,2.0,0.4652063177925839,0.0,0.0,0.0,1
0.25468148742344,1.0,2.0,0.43260101142469426,1.0,0.0,0.0,0
10.322136393330059,1.0,0.0,0.6538637317925945,1.0,0.0,0.0,0
23.786432005337076,0.0,3.0,0.8916234993994064,1.0,0.0,0.0,1
0.0,0.0,0.0,0.4511152238983463,1.0,0.0,0.0,0
24.53347656977145,1.0,0.0,0.8439733903728589,1.0,1.0,1.0,0
4.046542709983328,0.0,2.0,0.7789595554654922,1.0,1.0,0.0,0
9.839676723904226,2.0,0.0,0.30192124713991897,0.0,0.0,0.0,0
113.86861247981075,0.0,0.0,0.9844678683400161,0.0,0.0,0.0,0
9.091410439651781,0.0,0.0,0.955508081208725,0.0,1.0,1.0,0
25.32395245020491,0.0,0.0,0.5301559196570477,0.0,1.0,0.0,0
13.498135066807068,3.0,2.0,0.5476670542266725,1.0,0.0,0.0,1
6.8716414434326705,1.0,0.0,0.8012057556964899,1.0,0.0,0.0,0
81.37685165787764,2.0,3.0,0.47575734120195223,1.0,0.0,1.0,0
0.0,1.0,3.0,0.9702834066804266,1.0,0.0,0.0,0
9.672966772911968,0.0,1.0,0.7658525339680466,1.0,1.0,0.0,0
15.26367280380515,4.0,1.0,0.8789156700859315,0.0,0.0,1.0,1
13.025320344662674,1.0,4.0,0.2505523458061124,0.0,0.0,0.0,1
45.17452810094665,2.0,0.0,0.46294482076622634,1.0,1.0,0.0,1
25.99412857926367,0.0,0.0,0.5136769747231044,1.0,1.0,0.0,0
40.348419085328814,0.0,1.0,0.5848156854823523,1.0,0.0,1.0,1
12.929307508659498,1.0,1.0,0.5942605566803882,1.0,1.0,1.0,0
2.589759670895589,0.0,2.0,0.6419321566632936,1.0,1.0,0.0,1
36.77484261177697,2.0,0.0,0.680993256882403,0.0,0.0,0.0,1
0.45574451208496036,0.0,0.0,0.3663655839152685,1.0,0.0,0.0,0
40.53094258807622,0.0,0.0,0.4912352215407608,1.0,1.0,1.0,0
116.29896788675461,4.0,1.0,0.7190756046612031,0.0,0.0,1.0,1
56.204138286442344,0.0,1.0,0.3427009081115815,1.0,0.0,0.0,1
35.17355446714498,1.0,1.0,0.262873339012062,1.0,0.0,1.0,0
39.60484685676577,2.0,0.0,0.8257597365926482,1.0,1.0,0.0,0
0.0,0.0,0.0,0.7305134887043718,1.0,0.0,0.0,0
35.09716324172029,0.0,0.0,0.5215625012401727,1.0,0.0,0.0,0
67.16600922216611,3.0,1.0,0.28513377021451647,1.0,0.0,1.0,1
57.29164277100578,1.0,1.0,0.7981397583373008,1.0,1.0,0.0,0
12.278081971677908,6.0,2.0,0.19679764985475243,1.0,0.0,1.0,1
0.0,0.0,1.0,0.518655921966733,1.0,1.0,0.0,0
8.682919178066966,0.0,0.0,0.43043476628207344,1.0,1.0,0.0,0
53.88868721802352,2.0,1.0,0.4465597218069631,1.0,1.0,1.0,1
82.51041084762068,2.0,2.0,0.11569166468255385,0.0,1.0,1.0,1
28.101064055514282,0.0,2.0,0.38382488751519794,1.0,0.0,1.0,0
24.638634606992092,2.0,1.0,0.48284238895703263,0.0,0.0,0.0,0
0.0,1.0,0.0,0.3403592355183935,1.0,1.0,1.0,0
38.96141464637764,0.0,0.0,0.4940912614545233,1.0,1.0,0.0,0
60.652907702984976,1.0,1.0,0.35570442440165295,1.0,1.0,0.0,0
0.0,0.0,0.0,0.5809030155360895,1.0,1.0,0.0,0
47.121379547662535,1.0,2.0,0.4777821078007553,0.0,1.0,0.0,0
23.677221101770314,0.0,0.0,0.4992600505823237,1.0,0.0,0.0,0
12.297160559719428,0.0,1.0,0.284527432651095,1.0,1.0,0.0,0
82.55641091016182,0.0,0.0,0.3776454367356611,1.0,1.0,0.0,0
57.482610191713356,3.0,0.0,0.47547364890669613,0.0,1.0,1.0,1
93.25400469564535,1.0,0.0,0.2997173513348857,1.0,0.0,1.0,1
5.3160672812293654,0.0,2.0,0.4061129934679455,1.0,1.0,0.0,1
42.11814988827813,3.0,2.0,0.6038898793610891,0.0,0.0,0.0,1
64.4453860656448,4.0,0.0,0.46493109669440763,1.0,1.0,1.0,1
40.23612204239771,0.0,1.0,0.6810671469279079,1.0,1.0,0.0,0
142.8932595004543,1.0,2.0,0.08739920577599729,1.0,0.0,0.0,1
58.52354771082714,3.0,0.0,0.24198875392811373,1.0,0.0,1.0,0
33.89002061438457,2.0,3.0,0.7465453662703043,1.0,0.0,1.0,1
30.91414603322425,0.0,3.0,0.6834585941053326,0.0,1.0,0.0,0
0.0,2.0,1.0,0.06599382647696844,1.0,1.0,0.0,1
14.780236692470663,4.0,0.0,0.46970650232107686,0.0,0.0,1.0,1
72.25839074294227,0.0,0.0,0.47297272835152243,1.0,1.0,0.0,1
14.465094542098573,0.0,3.0,0.7571413726898131,1.0,1.0,0.0,0
30.469610498153415,0.0,0.0,0.5125435153423821,1.0,0.0,0.0,1
0.0,0.0,0.0,0.7352241544438899,1.0,1.0,0.0,0
23.395758757179742,0.0,0.0,0.668937767896255,1.0,0.0,0.0,0
59.468010977445765,1.0,1.0,0.8224794087384663,1.0,1.0,0.0,0
18.690142899986267,0.0,1.0,0.8445450129010598,1.0,1.0,0.0,0
48.96858984711053,0.0,3.0,0.7837031803729209,1.0,1.0,0.0,0
0.0,2.0,1.0,0.8052508266910829,1.0,0.0,0.0,0
45.144374363622816,0.0,1.0,0.8889882281967519,1.0,1.0,1.0,0
46.370756399156136,0.0,3.0,0.32289566454752394,0.0,1.0,0.0,1
23.00280906916798,0.0,1.0,0.5520029351661908,1.0,0.0,0.0,1
4.075891604498899,0.0,1.0,0.5702004761770577,1.0,1.0,0.0,0
5.598273744736666,0.0,1.0,0.9659670379205599,1.0,1.0,0.0,0
0.0,0.0,0.0,0.6589237190734681,1.0,1.0,1.0,0
5.738809274709147,2.0,1.0,0.12344742167719665,1.0,1.0,0.0,1
83.42404054035609,2.0,5.0,0.3689225173710011,1.0,0.0,0.0,1
13.27951381568597,0.0,1.0,0.2725216212531814,1.0,0.0,0.0,0
4.961455719888523,0.0,0.0,0.6796902927285838,1.0,1.0,0.0,0
23.8637865162847,0.0,3.0,0.7123180590408645,1.0,0.0,0.0,0
27.130238892589816,0.0,2.0,0.684010196441323,1.0,1.0,1.0,0
9.436309619647457,2.0,1.0,0.33725390444342995,1.0,0.0,0.0,0
5.867843035474898,0.0,1.0,0.6008332964139029,1.0,1.0,0.0,0
45.03947091993011,1.0,0.0,0.5837985528792712,1.0,1.0,1.0,0
12.468901461145192,0.0,0.0,0.7741588502637644,1.0,1.0,0.0,0
111.60263264589558,0.0,1.0,0.3269979800364463,1.0,1.0,1.0,1
8.033630675351553,0.0,2.0,0.6448543733903356,1.0,0.0,1.0,1
0.0,0.0,0.0,0.45441689883422376,1.0,0.0,0.0,0
24.321408556296447,0.0,2.0,0.3087264887687122,1.0,1.0,1.0,0
100.71471179889842,0.0,3.0,0.26224960976157824,1.0,1.0,1.0,1
0.0,1.0,0.0,0.3999796011282561,1.0,0.0,0.0,0
46.15272090241845,0.0,0.0,0.6912325382366841,1.0,0.0,0.0,0
36.16434567147998,3.0,4.0,0.26805844828789344,1.0,0.0,1.0,1
0.0,0.0,0.0,0.7493394091400173,1.0,1.0,0.0,0
68.3039197031755,2.0,3.0,0.33416876707686205,1.0,0.0,1.0,1
0.0,0.0,1.0,0.730372751317691,1.0,0.0,1.0,0
4.022547450088142,1.0,1.0,0.5993692673380497,1.0,1.0,1.0,0
0.0,1.0,2.0,0.3939738012265704,1.0,1.0,0.0,0
0.0,0.0,1.0,0.49059261005760313,1.0,1.0,0.0,0
91.10919499905242,1.0,2.0,0.30688892573697707,1.0,0.0,0.0,0
0.0,0.0,0.0,0.8883259751391087,1.0,0.0,0.0,0
79.85423190513168,0.0,1.0,0.7959665039995955,1.0,1.0,0.0,0
0.0,0.0,0.0,0.5205729148430319,1.0,0.0,1.0,0
2.3771827670663614,0.0,0.0,0.30764260447144626,1.0,1.0,0.0,0
0.0,0.0,0.0,0.5066432604047866,1.0,0.0,0.0,0
38.282110359473094,1.0,1.0,0.22062636119927675,1.0,1.0,0.0,0
16.309197934576726,0.0,0.0,0.8394285156543269,1.0,0.0,0.0,0
0.0,0.0,1.0,0.34061797389180826,1.0,0.0,1.0,1
19.39689108912888,1.0,1.0,0.7742512188294418,1.0,1.0,0.0,0
37.409535976230664,0.0,1.0,0.6088176499355825,1.0,1.0,0.0,0
10.516689392149196,2.0,2.0,0.6581278317623945,1.0,1.0,0.0,1
32.32317856528395,3.0,0.0,0.3571798970524984,0.0,0.0,0.0,0
87.01483538546731,1.0,0.0,0.9722891196921235,1.0,1.0,0.0,0
71.00737157206102,0.0,0.0,0.9499403952358564,1.0,1.0,1.0,0
52.64243724926846,0.0,1.0,0.47942976114897,1.0,1.0,0.0,1
40.78937780849272,0.0,0.0,0.8907158681653262,1.0,0.0,0.0,0
29.433885624156048,0.0,2.0,0.6502386219937404,1.0,1.0,1.0,1
37.63759219861004,0.0,5.0,0.5422474350053467,1.0,1.0,1.0,1
87.6245245879337,1.0,1.0,0.43271258463709983,1.0,1.0,0.0,0
48.38286361152282,0.0,4.0,0.7999443644549737,1.0,0.0,1.0,1
80.55666156267415,0.0,1.0,0.8584784197749808,1.0,1.0,1.0,0
0.0,0.0,1.0,0.6916563911048922,1.0,0.0,0.0,0
29.614994527516266,1.0,0.0,0.48328954547631975,1.0,0.0,0.0,0
13.040877883298942,0.0,1.0,0.46457124346622497,1.0,0.0,0.0,0
0.0,0.0,1.0,0.7457046696573555,0.0,1.0,0.0,0
40.86069829445847,1.0,3.0,0.7743004541231447,1.0,0.0,1.0,1
4.160690107665234,0.0,4.0,0.8162592095345385,1.0,0.0,1.0,1
23.091591814015175,1.0,0.0,0.8175068164431567,1.0,1.0,1.0,0
6.260819910010196,0.0,1.0,0.8369407560269899,1.0,1.0,0.0,0
34.52779813044762,1.0,0.0,0.24492025327731462,1.0,0.0,0.0,0
58.50037590944144,0.0,0.0,0.3855328653781109,1.0,0.0,0.0,0
49.90138133251731,0.0,1.0,0.5458624018797623,1.0,1.0,1.0,0
42.17793980628616,0.0,1.0,0.762269673955803,0.0,0.0,1.0,1
11.916443681259562,1.0,1.0,0.5171217250155867,1.0,1.0,0.0,0
64.04449438815698,0.0,3.0,0.409558338553005,1.0,0.0,1.0,1
25.834099251163714,1.0,2.0,0.598000664310132,1.0,1.0,0.0,0
35.75820593570349,2.0,0.0,0.08053945469384119,1.0,0.0,1.0,1
32.09143615516669,0.0,1.0,0.8489976535230898,1.0,1.0,0.0,1
18.86264873588543,2.0,0.0,0.5731206961009263,1.0,0.0,1.0,0
16.831788235731363,1.0,2.0,0.711488684401357,1.0,1.0,1.0,0
63.55857704022514,0.0,5.0,0.6777852543444749,1.0,0.0,0.0,1
84.28858711450583,0.0,1.0,0.45105200924539823,1.0,1.0,0.0,0
1.7574733338087585,2.0,0.0,0.520361990852888,1.0,0.0,0.0,0
3.0363603245477986,2.0,2.0,0.4492739180139408,1.0,0.0,0.0,0
22.17926352333268,1.0,0.0,0.7120745801536601,1.0,1.0,0.0,0
26.15435397328388,0.0,0.0,0.56391157521997,1.0,0.0,1.0,0
18.764341174392417,0.0,2.0,0.4727952059449486,1.0,0.0,1.0,1
3.3223642241514755,0.0,1.0,0.3629895060150059,1.0,1.0,0.0,0
58.01369084737355,1.0,1.0,0.6681201467182355,1.0,0.0,0.0,1
48.85291363216909,1.0,2.0,0.7108407558051603,1.0,0.0,1.0,1
31.03542994708232,0.0,0.0,0.586472218996797,1.0,1.0,0.0,0
0.0,1.0,0.0,0.7616729642965225,1.0,1.0,1.0,0
29.929686220726115,1.0,0.0,0.12643228715240673,1.0,0.0,0.0,0
0.5167385740894694,2.0,0.0,0.12651296594376485,1.0,0.0,0.0,0
14.625153455472649,1.0,4.0,0.20445880436974292,1.0,0.0,0.0,1
37.59446021089143,1.0,1.0,0.3190265851663631,1.0,0.0,1.0,1
34.72991737570866,1.0,0.0,0.5746039482442431,1.0,1.0,0.0,0
7.84117990268197,0.0,0.0,0.6701749689392997,0.0,0.0,0.0,0
16.661598029631833,0.0,0.0,0.11127391019547815,1.0,0.0,1.0,0
22.84651200901008,3.0,0.0,0.11725170795691293,1.0,0.0,0.0,1
6.427804425462313,0.0,1.0,0.6901020810992003,0.0,0.0,0.0,0
0.0,0.0,0.0,0.6850713673970141,1.0,1.0,1.0,0
0.0,1.0,0.0,0.26979446191363426,1.0,1.0,0.0,0
13.11945669768809,0.0,1.0,0.570968163171639,0.0,0.0,0.0,1
13.796821773028022,0.0,1.0,0.5064440020877884,1.0,0.0,0.0,0
0.0,0.0,1.0,0.8425739944134281,0.0,1.0,0.0,0
13.781910632952538,0.0,0.0,0.5799787263425329,1.0,0.0,1.0,0
0.0,1.0,0.0,0.8773029525380153,1.0,1.0,0.0,0
44.69458715846526,0.0,1.0,0.6373542052909987,1.0,0.0,0.0,0
11.782063930077296,1.0,0.0,0.7497697783284905,1.0,0.0,0.0,0
47.65250927175263,0.0,1.0,0.8271224279908287,1.0,0.0,1.0,0
19.51821778286817,1.0,1.0,0.7253957401784364,1.0,1.0,1.0,0
45.08974057091511,1.0,0.0,0.6108039320244182,1.0,1.0,0.0,0
24.06334826746523,3.0,2.0,0.4362308780161837,0.0,0.0,0.0,1
116.14503763875427,3.0,0.0,0.6608518501450794,1.0,1.0,0.0,0
36.95137887880051,2.0,0.0,0.44617245785057896,1.0,0.0,1.0,1
7.198966175307525,2.0,1.0,0.481951697952281,1.0,1.0,0.0,0
7.267549441640853,2.0,3.0,0.8867490159670531,1.0,0.0,0.0,0
42.89506832619651,0.0,1.0,0.3147261613120554,1.0,0.0,0.0,0
67.70286337010656,2.0,0.0,0.8429671996317669,1.0,1.0,0.0,0
11.400933433402578,0.0,1.0,0.6950617578131614,1.0,0.0,1.0,0
56.164784150088444,1.0,2.0,0.7600632608519803,1.0,0.0,1.0,1
0.0,0.0,1.0,0.6395175279293764,1.0,0.0,0.0,0
0.0,0.0,0.0,0.5440836782236561,0.0,0.0,0.0,0
12.516457735655454,0.0,1.0,0.495919453667791,1.0,0.0,0.0,1
49.71663704887024,1.0,0.0,0.4848784323743012,1.0,1.0,0.0,0
56.132707420647684,7.0,2.0,0.4169922234989597,1.0,0.0,1.0,1
0.0,5.0,3.0,0.6834407850075261,1.0,0.0,1.0,1
34.3911893843825,0.0,1.0,0.8065103916100204,1.0,1.0,0.0,0
31.408371687752773,0.0,1.0,0.38800182873926625,1.0,0.0,1.0,0
38.34562456759539,0.0,0.0,0.32569310343815183,1.0,0.0,1.0,0
111.96439543009724,1.0,4.0,0.12238736801359008,1.0,1.0,1.0,1
0.0,0.0,1.0,0.5203540997488432,1.0,0.0,1.0,0
4.322409416301405,0.0,0.0,0.8836877043402284,1.0,1.0,1.0,0
12.733090506586244,0.0,1.0,0.6497649431880448,1.0,0.0,0.0,0
23.78595602883376,1.0,0.0,0.1982008310535391,1.0,0.0,0.0,0
54.10498643548245,0.0,0.0,0.5453223401105146,1.0,0.0,0.0,1
0.0,2.0,0.0,0.3540982055287028,1.0,0.0,0.0,0
66.2895179570048,1.0,2.0,0.804698391113705,1.0,1.0,0.0,0
30.171068896100596,3.0,2.0,0.3535654411043641,1.0,1.0,1.0,1
22.67737773041929,0.0,2.0,0.5358406006353881,1.0,1.0,0.0,1
31.7702911593279,0.0,1.0,0.4791646638795747,0.0,0.0,0.0,0
29.553845513541695,0.0,2.0,0.6326558367417229,1.0,1.0,0.0,0
71.50909175697808,1.0,3.0,0.6894657029278868,1.0,0.0,0.0,0
0.0,0.0,1.0,0.9606609748421949,1.0,1.0,1.0,0
10.30171221205395,0.0,0.0,0.8843354762630671,1.0,1.0,0.0,0
45.89081633239286,1.0,5.0,0.35844226752605995,1.0,0.0,0.0,1
40.77686419662277,0.0,0.0,0.34726502876245974,1.0,0.0,0.0,0
2.1790436299180804,0.0,1.0,0.8584116580063358,1.0,1.0,0.0,1
4.6276778346406395,1.0,0.0,0.44406214999867394,1.0,0.0,0.0,0
0.0,1.0,0.0,0.8156619623397093,1.0,1.0,0.0,0
1.5545069376271803,0.0,0.0,0.5379299135723666,1.0,1.0,0.0,0
34.40288372721838,0.0,1.0,0.567619179794667,1.0,1.0,0.0,0
0.0,0.0,0.0,0.4180291325959325,1.0,1.0,1.0,0
50.344092651764996,1.0,1.0,0.5690062872260312,1.0,1.0,0.0,0
70.38451389214563,0.0,0.0,0.814438808266133,1.0,0.0,0.0,0
18.529265927190792,0.0,0.0,0.05598366106426557,1.0,1.0,0.0,0
38.105488067363986,3.0,2.0,0.36303762071766804,1.0,0.0,1.0,1
128.37615955198666,3.0,0.0,0.23352175703114234,1.0,0.0,0.0,0
26.617667352938415,0.0,0.0,0.6441216905518318,1.0,1.0,0.0,0
17.376264380051154,1.0,2.0,0.5066942719606498,1.0,1.0,0.0,0
15.644741654218496,0.0,1.0,0.9507155911656601,1.0,0.0,0.0,1
36.430915731549725,0.0,1.0,0.5447174079446746,1.0,0.0,0.0,1
2.4009056117541157,0.0,0.0,0.5827486586858628,1.0,1.0,1.0,0
6.867199669860138,1.0,2.0,0.5391399085421396,1.0,0.0,0.0,0
137.99908096076743,2.0,3.0,0.347122817447935,1.0,0.0,0.0,1
106.63759448944182,1.0,3.0,0.5954424487663206,1.0,0.0,0.0,1
38.313757693149384,1.0,1.0,0.868993371215344,1.0,0.0,0.0,0
109.94692886818689,0.0,1.0,0.7851286811102426,1.0,1.0,0.0,1
1.5327389452938505,0.0,1.0,0.7473456036346816,1.0,0.0,0.0,0
40.009838194060826,0.0,1.0,0.44105194824814636,1.0,0.0,0.0,1
39.97252693451076,1.0,1.0,0.32615297856512304,1.0,0.0,0.0,1
19.07962348574507,2.0,2.0,0.5348494244081242,0.0,0.0,1.0,1
38.26562505640733,3.0,2.0,0.5038667755568952,1.0,0.0,0.0,1
31.302464142212717,3.0,3.0,0.47725157857025574,1.0,0.0,0.0,1
3.4369512906303363,2.0,1.0,0.6940309749874759,1.0,0.0,0.0,0
103.83961975793184,3.0,3.0,0.36125061577925766,1.0,0.0,0.0,1
29.204887423323548,1.0,1.0,0.5632835514044672,1.0,1.0,0.0,0
9.686405881466431,0.0,2.0,0.7401450622816631,0.0,0.0,0.0,1
123.50497598571573,2.0,1.0,0.5162389554287647,1.0,0.0,1.0,0
71.67459868668462,0.0,1.0,0.35398968987911666,1.0,1.0,1.0,0
0.0,0.0,1.0,0.929529714468825,1.0,1.0,1.0,0
36.81376148932139,0.0,3.0,0.6382837560094543,1.0,1.0,0.0,0
3.1222385254351006,1.0,1.0,0.07025253849677707,1.0,0.0,0.0,0
47.429724845524916,0.0,0.0,0.6892388736786795,1.0,0.0,0.0,0
19.055479191018087,2.0,3.0,0.9081205393636982,1.0,0.0,0.0,1
64.56954405049416,2.0,0.0,0.4871455482366019,1.0,1.0,0.0,0
48.32820320059449,1.0,0.0,0.6465348241900062,1.0,0.0,0.0,0
131.83684178116516,4.0,0.0,0.3457448657935501,1.0,0.0,1.0,1
109.88414492202463,3.0,2.0,0.49147515479521114,1.0,0.0,1.0,1
56.9153201126651,1.0,1.0,0.4888765232087815,1.0,0.0,0.0,1
0.0,1.0,1.0,0.4331766473481348,1.0,0.0,1.0,0
41.13903446628747,0.0,1.0,0.9463769112372441,1.0,1.0,0.0,0
16.250876276186045,0.0,0.0,0.5253054891345903,1.0,0.0,1.0,0
0.0,1.0,1.0,0.6626680442693318,1.0,1.0,0.0,0
40.523718833827076,0.0,0.0,0.6645006195080108,1.0,0.0,0.0,1
20.79171592651956,0.0,1.0,0.4037877585658731,1.0,0.0,1.0,0
21.37532245545638,0.0,0.0,0.6929873919655215,1.0,1.0,0.0,0
40.0480978203873,0.0,0.0,0.7489206136573555,1.0,1.0,1.0,0
14.585755457648911,0.0,1.0,0.45332456380553154,0.0,0.0,0.0,0
0.0,0.0,1.0,0.5047109500409955,0.0,0.0,0.0,0
5.163525577937694,2.0,1.0,0.6932067820121897,1.0,1.0,0.0,0
51.17400485268164,0.0,0.0,0.6949185299406015,0.0,1.0,1.0,1
0.0,0.0,0.0,0.4733920984789009,1.0,1.0,0.0,0
50.79250131370005,0.0,0.0,0.9502106963749307,1.0,1.0,0.0,1
27.092595486970815,3.0,1.0,0.1334848168221224,1.0,0.0,1.0,1
15.316164455601404,1.0,0.0,0.5226470404306881,1.0,1.0,0.0,0
28.40815961664791,0.0,0.0,0.8669563476729315,1.0,0.0,1.0,0
0.0,0.0,0.0,0.5950535958124007,1.0,0.0,0.0,0
22.981362195719573,2.0,3.0,0.758221815675792,1.0,0.0,0.0,1
0.0,2.0,1.0,0.6283726797937015,1.0,0.0,0.0,0
38.594488988339805,0.0,1.0,0.3890660496285297,1.0,1.0,0.0,0
12.766163114466341,1.0,0.0,0.4860548917213327,1.0,0.0,1.0,0
4.94277810225143,1.0,1.0,0.9368237840898129,1.0,0.0,0.0,0
78.08922744804322,1.0,3.0,0.7101389698511685,0.0,0.0,0.0,1
54.59079532425956,3.0,1.0,0.8733447213424521,1.0,0.0,0.0,0
23.4930626997052,2.0,1.0,0.6774701567514478,1.0,0.0,0.0,0
0.0,0.0,2.0,0.26481493974719755,1.0,0.0,0.0,0
60.84903662807247,2.0,0.0,0.5796614008098797,1.0,1.0,0.0,0
10.671953490611584,0.0,0.0,0.8053532443820407,1.0,0.0,0.0,0
38.879611013207615,1.0,2.0,0.6854969982239003,1.0,0.0,0.0,0
0.0,0.0,1.0,0.4352449543929591,1.0,1.0,0.0,0
109.1976954846431,1.0,0.0,0.31493103380680704,1.0,1.0,1.0,1
8.526913206738165,2.0,2.0,0.5900531620468933,0.0,1.0,0.0,0
3.020802135808955,1.0,1.0,0.7099843238943572,1.0,1.0,0.0,0
3.35031498574677,1.0,1.0,0.6922514855911007,1.0,1.0,0.0,0
14.03381479703993,0.0,0.0,0.5653787677823234,1.0,0.0,0.0,0
3.876418837014382,1.0,1.0,0.5318849737773181,1.0,0.0,0.0,1
24.395701693579056,1.0,1.0,0.40154413722393834,1.0,1.0,0.0,0
1.344541886890097,2.0,0.0,0.6431643333092846,1.0,1.0,0.0,0
97.70924697608115,1.0,3.0,0.29661637252807244,1.0,0.0,0.0,1
24.757401821914108,0.0,1.0,0.7902245013086235,1.0,0.0,0.0,0
54.19367313979979,1.0,1.0,0.5035394829974298,1.0,1.0,1.0,0
66.51484753702722,0.0,1.0,0.5580801932073937,1.0,0.0,1.0,0
46.070913062461955,0.0,2.0,0.5996889266779114,1.0,0.0,0.0,1
15.46606014342112,1.0,3.0,0.7091174429790883,1.0,1.0,0.0,0
149.16745718609118,3.0,2.0,0.24603422599723596,0.0,1.0,0.0,1
22.951208569439686,0.0,0.0,0.4254491190021768,1.0,0.0,0.0,0
0.0,0.0,0.0,0.919320270012698,1.0,1.0,0.0,0
32.82612065865082,0.0,0.0,0.9548325734813576,1.0,0.0,1.0,1
44.97438194779018,1.0,1.0,0.7003189696783239,1.0,1.0,0.0,0
84.36625170819462,3.0,1.0,0.6268048380974687,1.0,0.0,0.0,1
0.0,0.0,5.0,0.3931215660739319,1.0,0.0,0.0,0
17.947357616063428,1.0,0.0,0.5299636398722697,1.0,0.0,0.0,1
38.6293547600134,1.0,4.0,0.7585410700273909,1.0,1.0,1.0,1
53.02852801971157,1.0,1.0,0.7702018953976538,1.0,1.0,1.0,0
0.9474175395232152,0.0,0.0,0.5631493448419078,1.0,1.0,0.0,0
48.37249721831722,1.0,3.0,0.7402452347308309,1.0,1.0,0.0,0
32.27290361217265,1.0,2.0,0.41107934422453457,1.0,1.0,1.0,1
5.228065782631639,0.0,0.0,0.2179122147357471,1.0,1.0,0.0,0
0.0,0.0,0.0,0.3028481430660381,1.0,0.0,0.0,0
0.0,0.0,0.0,0.6208127202866451,1.0,1.0,0.0,0
21.59150305419748,0.0,3.0,0.8848024024636473,1.0,0.0,1.0,1
19.76043065318344,1.0,3.0,0.394962901633248,0.0,0.0,0.0,1
64.3681146144759,1.0,0.0,0.5224835065931462,0.0,0.0,0.0,1
58.90215335027648,0.0,0.0,0.4616234630400143,1.0,0.0,0.0,0
2.7678549275555095,0.0,0.0,0.25204244031548473,1.0,0.0,0.0,1
8.086570703199804,2.0,1.0,0.9660671108109675,0.0,0.0,0.0,0
59.27997106726305,0.0,1.0,0.6516210331659404,1.0,0.0,1.0,0
1.776412848594667,0.0,1.0,0.9262212732987449,1.0,1.0,0.0,0
53.67853804482024,1.0,2.0,0.8183132406177103,1.0,0.0,1.0,1
2.0883725925406393,0.0,1.0,0.736803758468142,1.0,1.0,0.0,1
22.937146764181964,1.0,0.0,0.7489324036386162,1.0,0.0,0.0,1
19.428672268977653,1.0,1.0,0.887201914323196,1.0,1.0,0.0,0
57.35792824686508,1.0,0.0,0.7228461642719217,1.0,0.0,1.0,1
13.388331414684501,2.0,0.0,0.2983515925659797,1.0,0.0,1.0,0
13.05213452564506,1.0,1.0,0.6299010263892736,1.0,1.0,0.0,0
23.22107842077733,0.0,1.0,0.7286914421782246,1.0,1.0,0.0,0
36.13929038805195,0.0,4.0,0.862741772881896,1.0,1.0,0.0,0
9.051095616000492,0.0,0.0,0.22240555585607172,1.0,1.0,0.0,0
1.4343019215387578,0.0,0.0,0.8882320446701831,1.0,1.0,0.0,1
14.382880912445152,1.0,0.0,0.542872555249024,1.0,1.0,1.0,0
28.875917073104674,1.0,1.0,0.8088459157748631,1.0,0.0,0.0,1
41.84171993509423,1.0,2.0,0.368799582897134,1.0,0.0,0.0,1
21.933727449649574,1.0,3.0,0.37038271110996807,1.0,1.0,1.0,0
53.373773993861604,2.0,0.0,0.6118817564049255,1.0,1.0,0.0,0
5.515497121552542,1.0,2.0,0.681881949047439,1.0,0.0,0.0,0
15.643607929728567,0.0,0.0,0.38113317635888794,1.0,0.0,0.0,0
41.726952533019045,0.0,1.0,0.6487453899408818,1.0,1.0,0.0,0
42.01473623219657,0.0,1.0,0.37149997641083526,1.0,0.0,0.0,0
18.73902256419573,0.0,0.0,0.3576260174950401,1.0,0.0,0.0,0
57.01991850018767,1.0,1.0,0.195451060660169,1.0,1.0,0.0,1
0.0,2.0,0.0,0.43649664512670777,1.0,1.0,1.0,1
48.82345340713826,1.0,0.0,0.21604815604710315,0.0,0.0,0.0,0
41.27098534088014,3.0,2.0,0.25282117277360017,1.0,0.0,1.0,1
43.65351435798122,1.0,1.0,0.3870501433730847,0.0,0.0,0.0,0
52.020441016508556,2.0,0.0,0.9310926267606013,1.0,0.0,1.0,1
16.226761444797088,0.0,2.0,0.5705976475217267,1.0,0.0,0.0,0
101.27419297859885,2.0,4.0,0.7350394477195618,1.0,0.0,1.0,1
56.44193771662608,0.0,1.0,0.47880765196632813,0.0,0.0,0.0,0
146.4123263938522,1.0,3.0,0.8124305265425391,1.0,0.0,0.0,0
41.90337184447103,2.0,0.0,0.09945894515673778,1.0,0.0,1.0,1
54.30611346114685,3.0,2.0,0.330870589867754,0.0,0.0,0.0,1
18.729281446695406,0.0,2.0,0.36092532668155025,1.0,0.0,0.0,0
49.643761147746496,0.0,1.0,0.1448460998173228,0.0,1.0,0.0,1
78.02107447875609,1.0,1.0,0.522567524789075,1.0,0.0,1.0,1
0.0,0.0,0.0,0.3058599422656768,1.0,1.0,1.0,0
23.883678273803575,0.0,1.0,0.9190558499468334,1.0,0.0,0.0,0
26.997206064993833,0.0,0.0,0.7027291132487542,1.0,1.0,0.0,0
14.134664710873707,3.0,0.0,0.8246324213722453,1.0,0.0,0.0,0
54.0811181872346,1.0,1.0,0.7042339277759618,1.0,0.0,0.0,0
80.12999824002479,1.0,0.0,0.3058630387561111,1.0,0.0,0.0,1
19.298958019790355,0.0,1.0,0.5089073994812576,1.0,1.0,0.0,0
17.868798337442243,1.0,2.0,0.83119768048497,1.0,1.0,0.0,0
3.8812039508450127,1.0,1.0,0.5925013784331953,1.0,0.0,0.0,0
8.441773097636514,0.0,0.0,0.5984042142780218,1.0,1.0,0.0,0
7.526438778206736,1.0,0.0,0.7620439441291489,1.0,0.0,0.0,0
45.36299595282904,4.0,1.0,0.25852940514291833,1.0,0.0,1.0,1
27.379725516215885,0.0,2.0,0.3918557295926349,1.0,0.0,0.0,1
34.578289802207514,1.0,0.0,0.33309713424135867,1.0,0.0,0.0,0
0.0,1.0,0.0,0.4808535206380831,1.0,0.0,0.0,0
2.325465102702512,0.0,0.0,0.45821244412735945,1.0,1.0,0.0,0
74.96136040949021,0.0,2.0,0.8016193288998648,1.0,0.0,0.0,0
95.81003709566076,4.0,2.0,0.0695417553497592,1.0,1.0,1.0,1
9.778290489303043,1.0,0.0,0.3652543636826505,1.0,1.0,0.0,0
91.52790043214281,0.0,1.0,0.5923102302342627,1.0,1.0,0.0,0
0.0,0.0,3.0,0.8170299414847895,1.0,0.0,0.0,0
71.08031955950358,0.0,2.0,0.5373171366056477,0.0,0.0,0.0,0
0.0,1.0,0.0,0.8752529021939114,1.0,1.0,0.0,0
0.0,1.0,0.0,0.632999171130908,0.0,0.0,0.0,0
69.86360127997496,0.0,0.0,0.7355281050040925,1.0,1.0,0.0,0
74.66488828853392,2.0,1.0,0.9038693544776409,1.0,0.0,0.0,0
14.377216104392794,2.0,0.0,0.5944955040740211,1.0,1.0,0.0,0
44.26556958436472,1.0,0.0,0.3468290392548777,1.0,0.0,1.0,0
0.0,2.0,0.0,0.8951839629102314,1.0,1.0,0.0,0
3.6538211847544,1.0,0.0,0.43892587179424347,1.0,0.0,0.0,0
26.664214289743043,0.0,0.0,0.47459543892104067,1.0,0.0,0.0,0
52.192908227414755,1.0,0.0,0.9106805571992095,1.0,1.0,0.0,0
47.018939378944694,2.0,0.0,0.23005764061890382,1.0,1.0,1.0,1
53.00228877254529,1.0,0.0,0.8082926314910619,1.0,0.0,1.0,0
12.01453097454591,0.0,3.0,0.7799077278323522,1.0,0.0,1.0,1
27.649609418770137,0.0,0.0,0.8377090449796106,1.0,0.0,0.0,0
27.10534523175342,0.0,1.0,0.7426782403185472,1.0,0.0,0.0,0
55.0987327051347,0.0,1.0,0.23637257504411255,1.0,0.0,1.0,1
11.435774939256113,2.0,1.0,0.6505608131693849,1.0,0.0,0.0,0
31.03343832823295,2.0,3.0,0.2353757971152086,1.0,0.0,1.0,1
28.485528748069612,0.0,1.0,0.6780205971567551,1.0,1.0,0.0,1
22.09400976775057,1.0,0.0,0.4037286928828728,1.0,1.0,0.0,0
41.01611799783634,0.0,1.0,0.8823951530354973,1.0,0.0,0.0,0
22.020100278854308,2.0,4.0,0.43135104074537084,0.0,1.0,1.0,1
117.37946002110382,2.0,1.0,0.8349004715401261,1.0,1.0,0.0,0
16.82798810978212,0.0,0.0,0.19404126776547154,1.0,0.0,0.0,0
18.531296637317848,0.0,0.0,0.7628927494737743,1.0,1.0,0.0,0
0.0,2.0,2.0,0.27660508911028187,1.0,0.0,0.0,0
0.0,0.0,0.0,0.5669964470060612,1.0,1.0,1.0,0
0.0,1.0,0.0,0.3536420154696829,1.0,1.0,1.0,0
33.67762676793578,0.0,1.0,0.36251622216480806,1.0,1.0,1.0,0
0.0,0.0,1.0,0.8548940455090385,1.0,1.0,0.0,0
0.0,0.0,3.0,0.38045777840924183,1.0,1.0,1.0,0
46.804299190413886,0.0,0.0,0.4385043210696697,0.0,0.0,0.0,0
27.903576897809238,1.0,1.0,0.5214886711796877,1.0,0.0,1.0,0
33.05917182506075,0.0,1.0,0.4579030699489911,0.0,1.0,0.0,0
41.59660437080734,1.0,1.0,0.3732554417647113,1.0,1.0,0.0,0
79.09623010149033,0.0,2.0,0.5910427933187189,0.0,1.0,1.0,0
28.262423542842214,1.0,1.0,0.3407544648724715,1.0,0.0,0.0,0
70.39975114992116,1.0,0.0,0.28156617632061526,1.0,0.0,1.0,1
15.162963654625727,0.0,1.0,0.5228989115300015,1.0,0.0,1.0,0
12.921129915044183,3.0,1.0,0.5873470678277325,1.0,0.0,0.0,1
23.05110939197162,0.0,2.0,0.3785325749381426,1.0,0.0,0.0,0
31.499900295691546,4.0,1.0,0.33473293895969203,1.0,0.0,1.0,1
14.18055771522631,0.0,1.0,0.8393838411504391,1.0,0.0,0.0,0
0.0,0.0,0.0,0.9066622533303614,1.0,0.0,1.0,0
58.293333355519934,2.0,1.0,0.14501228911727243,1.0,0.0,1.0,1
47.198580760015346,1.0,1.0,0.8117984838031493,1.0,1.0,1.0,0
31.291312458107136,0.0,0.0,0.47367859531630985,1.0,0.0,1.0,0
36.81440434331969,1.0,1.0,0.9439896786170757,1.0,0.0,1.0,1
51.330435254752715,4.0,0.0,0.5788023782390757,1.0,0.0,1.0,1
113.8168238955501,3.0,1.0,0.6082380806415406,1.0,0.0,1.0,1
18.724137712338997,0.0,2.0,0.5253907720665223,1.0,1.0,0.0,0
0.0,0.0,0.0,0.7530579759682435,1.0,0.0,0.0,0
53.0701771836746,0.0,1.0,0.11483455823619862,1.0,0.0,0.0,0
42.98467747084509,0.0,0.0,0.6067139043620413,1.0,1.0,0.0,0
61.03806788174572,0.0,3.0,0.1964278850921799,1.0,0.0,0.0,1
11.079823744984175,0.0,0.0,0.43293478167381827,1.0,0.0,0.0,1
48.57343826485575,1.0,1.0,0.14941503015201152,1.0,1.0,1.0,0
46.47714669340744,1.0,1.0,0.30610728984078056,1.0,1.0,0.0,0
10.20631920302959,0.0,2.0,0.8739610680513403,1.0,1.0,0.0,1
16.55522321453053,0.0,2.0,0.29565722829327906,1.0,1.0,0.0,0
62.89063270064802,0.0,0.0,0.6509140422642303,1.0,0.0,0.0,1
107.01387944929573,1.0,2.0,0.2875131430870702,1.0,1.0,0.0,0
17.016581525426524,0.0,1.0,0.5697671384632257,0.0,1.0,0.0,1
49.510757992433284,2.0,3.0,0.5497010075801486,1.0,0.0,1.0,1
0.0,0.0,3.0,0.7930293670829892,1.0,0.0,0.0,0
69.157436015857,0.0,1.0,0.459076748126376,1.0,1.0,0.0,0
129.80702866599376,3.0,1.0,0.4892372807457444,1.0,0.0,0.0,1
45.11717956663264,1.0,0.0,0.7884284484896197,1.0,0.0,1.0,1
36.772080047395455,0.0,0.0,0.5374314355167301,1.0,1.0,0.0,0
24.215326255259093,0.0,0.0,0.5571020833863397,1.0,1.0,0.0,0
95.89850326287466,1.0,0.0,0.6700225428161859,1.0,1.0,0.0,0
4.1966393154361565,0.0,0.0,0.5997097839813575,0.0,1.0,0.0,0
73.43551415771317,1.0,0.0,0.6386151270764016,1.0,0.0,0.0,1
62.47554796479215,2.0,4.0,0.22292107291096788,1.0,1.0,1.0,1
53.31127752774749,1.0,0.0,0.37046759614669006,1.0,1.0,0.0,0
81.83920899785416,1.0,0.0,0.13420365335602033,0.0,0.0,0.0,0
28.215248630751972,0.0,0.0,0.6155719825987039,1.0,1.0,0.0,0
26.136742919793587,0.0,2.0,0.35765961805990437,1.0,1.0,0.0,1
51.75795932620189,1.0,0.0,0.460765493954578,1.0,1.0,1.0,1
21.934956463362138,0.0,0.0,0.7570619013966409,0.0,1.0,0.0,0
42.669069230055456,1.0,1.0,0.4417786428101976,1.0,1.0,1.0,1
15.473797345313923,0.0,0.0,0.8822262217998962,1.0,1.0,1.0,1
16.097639419170996,0.0,1.0,0.4599740420439146,1.0,0.0,0.0,0
7.927108501159766,1.0,0.0,0.8694365460571035,0.0,0.0,0.0,0
19.385824612604253,2.0,3.0,0.6178728115341131,1.0,0.0,1.0,1
20.163107033636386,1.0,2.0,0.8115516343453003,1.0,1.0,0.0,0
0.0,1.0,0.0,0.4882842072321478,1.0,1.0,0.0,0
60.19133704028382,1.0,1.0,0.774181203558015,1.0,1.0,0.0,0
17.075169228896122,4.0,1.0,0.4919313964894054,1.0,0.0,1.0,0
0.0,0.0,2.0,0.5821530409449696,1.0,1.0,1.0,0
29.04137877340872,3.0,1.0,0.40888708985998035,1.0,0.0,0.0,1
7.564197313429627,0.0,0.0,0.8214984873284463,1.0,1.0,0.0,0
7.498987667482588,0.0,0.0,0.3362146144451322,1.0,1.0,0.0,0
100.81352429809897,3.0,1.0,0.056882098953072016,1.0,0.0,1.0,1
59.966229568745234,1.0,0.0,0.8092601583069863,1.0,0.0,1.0,1
68.44819464657772,0.0,1.0,0.7940912714817505,1.0,1.0,1.0,0
12.391551199898416,0.0,1.0,0.5478300850298619,1.0,1.0,0.0,0
50.670902066561325,0.0,0.0,0.2515937287778035,1.0,0.0,1.0,1
18.192940473996313,0.0,0.0,0.11703279187116677,1.0,0.0,1.0,0
89.60812321592215,1.0,5.0,0.7484145386486747,1.0,0.0,1.0,1
57.07554460983815,1.0,0.0,0.6858787351905211,1.0,0.0,1.0,0
0.0,0.0,0.0,0.1808233989340868,1.0,1.0,0.0,0
5.336410888171185,1.0,1.0,0.5985711869358461,1.0,0.0,1.0,1
109.48161988726304,2.0,0.0,0.5816388967638266,1.0,1.0,0.0,1
0.3808758425780412,1.0,2.0,0.43462588432679666,1.0,1.0,0.0,0
70.50674159490336,1.0,2.0,0.22309169819119892,1.0,0.0,0.0,1
12.332982513505296,0.0,0.0,0.5628772878757338,0.0,0.0,0.0,1
34.6562301908954,1.0,4.0,0.6411365267252215,1.0,0.0,0.0,1
15.765697848281622,0.0,1.0,0.7310512903228794,1.0,0.0,0.0,0
19.097029277503463,0.0,0.0,0.4016742203026831,1.0,0.0,1.0,1
0.0,2.0,1.0,0.7737006046783379,1.0,1.0,0.0,0
4.268719430338997,0.0,0.0,0.25018991808203844,1.0,0.0,0.0,0
0.0,0.0,2.0,0.6435394418834933,1.0,1.0,1.0,0
26.241710255981737,1.0,0.0,0.7331814240813448,1.0,0.0,0.0,0
0.0,1.0,1.0,0.25604486705095036,1.0,0.0,0.0,0
76.16796283456023,1.0,1.0,0.3496941931548797,1.0,0.0,1.0,0
0.0,0.0,1.0,0.7159406560613998,1.0,0.0,0.0,0
11.18376117055287,0.0,1.0,0.8246037326806417,1.0,0.0,0.0,0
0.0,1.0,0.0,0.3804757739465152,1.0,1.0,0.0,1
14.49591840320459,1.0,2.0,0.6792021743367415,1.0,1.0,0.0,0
0.0,0.0,1.0,0.7022721676736142,1.0,1.0,0.0,0
6.243574288028957,2.0,0.0,0.5148768769718561,1.0,0.0,0.0,0
16.623984683834877,1.0,0.0,0.3883889405317973,1.0,1.0,0.0,0
0.0,1.0,2.0,0.39547686728537684,0.0,1.0,0.0,0
49.09505209309238,0.0,0.0,0.7631004589449554,1.0,0.0,0.0,0
55.05151296297627,2.0,1.0,0.7484065734598949,1.0,0.0,0.0,0
0.0,0.0,1.0,0.435028529277864,0.0,1.0,0.0,0
43.96648613966616,4.0,1.0,0.8589441797497256,1.0,0.0,0.0,1
40.89984454230165,0.0,0.0,0.43975797387074683,1.0,1.0,0.0,0
5.45150725419526,0.0,0.0,0.7936233775744274,1.0,0.0,0.0,0
56.309554524495624,1.0,1.0,0.7989054423607826,1.0,0.0,1.0,1
12.426628978257263,0.0,1.0,0.8278232203987791,1.0,1.0,0.0,0
29.018134718412117,2.0,1.0,0.6029473511342074,1.0,0.0,1.0,1
15.89895541204018,2.0,0.0,0.3282243677688383,1.0,1.0,0.0,0
13.278710665288802,1.0,1.0,0.8666871860702094,1.0,1.0,0.0,0
3.064528738122462,1.0,0.0,0.4324764993905876,1.0,1.0,0.0,1
59.73665825169559,1.0,2.0,0.7181569086872139,1.0,1.0,0.0,0
42.92639897299316,0.0,3.0,0.16046733072486472,1.0,0.0,1.0,1
106.06300304772418,0.0,0.0,0.8810577423890366,1.0,0.0,1.0,0
27.203745898587506,1.0,0.0,0.46922892566410757,1.0,0.0,0.0,0
75.64706941034734,3.0,3.0,0.27209405708864043,1.0,1.0,0.0,1
43.88563523342147,1.0,0.0,0.25145944399385,1.0,0.0,1.0,1
23.090540782875365,1.0,2.0,0.8531239706429042,1.0,0.0,0.0,1
10.47028689878349,0.0,0.0,0.37772078010506865,1.0,1.0,0.0,0
5.544462559553441,0.0,1.0,0.6151862238192404,1.0,0.0,0.0,0
17.828317460642204,0.0,1.0,0.46624068890836423,1.0,0.0,0.0,0
0.0,1.0,0.0,0.6771079554933975,1.0,0.0,0.0,0
0.0,0.0,2.0,0.8639812831419924,1.0,1.0,1.0,0
82.31395213550667,1.0,1.0,0.7120303927437481,0.0,0.0,1.0,1
42.504330478574104,4.0,4.0,0.1729493643870314,1.0,0.0,0.0,1
13.234019839773044,1.0,0.0,0.5020809940211082,0.0,1.0,0.0,0
26.24982323875964,0.0,0.0,0.6933968724495687,1.0,1.0,1.0,0
12.39707533187813,0.0,0.0,0.5370991571618067,1.0,0.0,0.0,0
108.43628552532793,0.0,1.0,0.5649327599728752,0.0,0.0,1.0,1
102.01731423087267,1.0,1.0,0.38459857359804955,1.0,0.0,0.0,1
23.390298880515147,1.0,2.0,0.7652845397027652,1.0,1.0,0.0,0
29.51938626897381,0.0,0.0,0.42566740911256584,1.0,0.0,0.0,0
20.514624239126295,0.0,0.0,0.13952782977237907,1.0,1.0,0.0,0
21.44806902398542,0.0,1.0,0.35000548929860104,1.0,1.0,0.0,0
7.649253462159814,2.0,1.0,0.7809288899653513,1.0,0.0,0.0,0
28.997578167098123,2.0,0.0,0.22146415562738916,1.0,0.0,0.0,1
45.602566003214406,2.0,1.0,0.6679365041561589,1.0,0.0,1.0,1
24.80233818456257,0.0,1.0,0.6342773275022155,1.0,0.0,0.0,0
104.77451902774436,3.0,1.0,0.5721583831246367,1.0,0.0,1.0,1
9.210324850564973,1.0,4.0,0.26287568417392754,1.0,0.0,0.0,1
0.0,0.0,3.0,0.8555483132059463,1.0,1.0,0.0,0
66.31106080667645,2.0,0.0,0.7295876329037587,1.0,0.0,1.0,0
34.36412332705741,1.0,2.0,0.5493475100774722,1.0,0.0,1.0,0
8.830036579757069,2.0,0.0,0.6926119972707606,1.0,0.0,1.0,1
108.13885594722345,3.0,2.0,0.3511225160141988,0.0,0.0,0.0,1
29.800848575896524,0.0,2.0,0.802875836926114,0.0,0.0,0.0,1
0.0,0.0,0.0,0.7697219919799964,1.0,0.0,1.0,0
0.0,0.0,0.0,0.7152954671493171,1.0,0.0,1.0,1
0.0,2.0,1.0,0.7502854693245747,1.0,0.0,0.0,0
39.87692890820068,1.0,0.0,0.8934076294140127,1.0,1.0,0.0,0
0.0,0.0,1.0,0.6254213225715258,1.0,0.0,0.0,0
0.0,3.0,1.0,0.5632585343679839,1.0,1.0,0.0,0
8.8296992691529,1.0,3.0,0.7083096139899148,1.0,0.0,1.0,1
52.976081671255855,1.0,0.0,0.8370703080085568,1.0,0.0,0.0,0
2.7222923615315264,2.0,0.0,0.7830472032350155,1.0,0.0,0.0,0
47.29062501726295,2.0,1.0,0.619772057638121,1.0,0.0,1.0,1
51.72424834782326,1.0,2.0,0.8932414818566369,1.0,1.0,1.0,0
4.012121796266196,1.0,0.0,0.4885146887407615,1.0,0.0,0.0,0
58.67511434068084,1.0,1.0,0.8440092542696417,1.0,1.0,1.0,1
0.0,0.0,0.0,0.4512251519125838,1.0,0.0,0.0,0
6.45335566245345,1.0,1.0,0.8569198429983922,1.0,1.0,0.0,0
21.990277679653126,4.0,4.0,0.6904743047733201,1.0,0.0,1.0,1
4.857690005361405,1.0,0.0,0.43311470758028936,1.0,1.0,0.0,0
11.007318045709532,0.0,1.0,0.6686039088043249,0.0,1.0,0.0,0
31.22772069590511,0.0,3.0,0.9266546267348441,1.0,0.0,1.0,1
0.0,0.0,0.0,0.506280841047984,1.0,0.0,0.0,0
45.208991348210496,1.0,0.0,0.5672929673975347,1.0,1.0,1.0,0
0.0,0.0,0.0,0.5288504819752837,1.0,1.0,0.0,0
37.356086949790864,0.0,1.0,0.7131340555583279,1.0,1.0,0.0,1
76.36911383045397,0.0,1.0,0.24427037871202872,1.0,0.0,1.0,1
13.383687968556268,0.0,0.0,0.7685120733800781,1.0,0.0,0.0,0
109.69055572352828,3.0,1.0,0.4252046105118381,1.0,0.0,0.0,1
0.0,0.0,0.0,0.44204599628352,1.0,1.0,1.0,0
63.95191452228843,1.0,2.0,0.8639414159984968,1.0,0.0,0.0,0
41.9656192237845,1.0,2.0,0.934758439290498,1.0,0.0,1.0,1
27.80343561815193,0.0,1.0,0.9524241501564874,0.0,0.0,0.0,1
0.0,0.0,2.0,0.5631536838375881,1.0,1.0,1.0,0
15.720822879604698,0.0,0.0,0.3630317327927563,1.0,0.0,1.0,0
0.0,0.0,0.0,0.3526474515082535,1.0,0.0,1.0,0
61.38297543375453,0.0,0.0,0.5612775109916158,1.0,0.0,0.0,0
103.89926876372733,1.0,1.0,0.213536001082053,0.0,0.0,0.0,1
0.0,0.0,1.0,0.6845603649481867,1.0,0.0,0.0,1
27.563297746408026,0.0,0.0,0.8278031702129673,1.0,0.0,0.0,0
31.906160391428347,0.0,0.0,0.7858489408746289,1.0,0.0,1.0,0
138.23701105880977,4.0,0.0,0.1367411512730293,1.0,0.0,1.0,1
0.0,0.0,0.0,0.482251489813369,0.0,1.0,0.0,0
33.20494723620502,0.0,0.0,0.8759000944688853,1.0,0.0,1.0,0
62.6489778116658,0.0,0.0,0.5783291240351596,0.0,1.0,1.0,0
63.57669770621055,3.0,0.0,0.4212876523266633,1.0,1.0,1.0,1
88.82401859025316,2.0,1.0,0.6801241751800914,1.0,0.0,1.0,1
0.0,0.0,0.0,0.8113496653087853,1.0,1.0,0.0,0
14.015237815413407,2.0,0.0,0.5695413688149963,1.0,0.0,0.0,0
27.90002174193475,0.0,2.0,0.32831231382725484,1.0,0.0,0.0,0
67.81836119747527,0.0,1.0,0.7273957910711859,1.0,1.0,0.0,0
5.663533485193846,1.0,1.0,0.6839282585821798,1.0,0.0,1.0,0
12.557795887193478,0.0,2.0,0.8235709115040819,1.0,0.0,0.0,0
5.111078348065805,1.0,2.0,0.3866098260385381,1.0,0.0,0.0,0
0.0,1.0,1.0,0.6615659517260448,1.0,1.0,0.0,0
40.57182535315499,1.0,1.0,0.28065924859081126,0.0,0.0,0.0,1
18.94845216748246,1.0,3.0,0.49955979443277054,1.0,0.0,0.0,1
11.732343849794528,0.0,2.0,0.4786209706888247,1.0,1.0,1.0,0
48.201263480059765,3.0,2.0,0.8373446453243963,1.0,0.0,1.0,1
4.774682969273656,0.0,1.0,0.626709469281769,1.0,1.0,0.0,0
6.164866496506946,1.0,1.0,0.17601671233114238,1.0,0.0,0.0,0
20.55292818198335,1.0,1.0,0.36189649119649736,1.0,0.0,0.0,1
14.273917491347852,1.0,2.0,0.576006163075916,1.0,1.0,1.0,0
71.86677599285841,4.0,4.0,0.37151535311707096,1.0,0.0,1.0,1
12.626254411898142,1.0,1.0,0.7281986861468902,1.0,1.0,0.0,0
49.25139448216646,1.0,0.0,0.2692873511106416,1.0,0.0,1.0,1
0.0,3.0,1.0,0.3438818325370827,0.0,0.0,1.0,1
92.92852647881512,1.0,0.0,0.3831799256171594,1.0,1.0,0.0,1
17.20421147732952,0.0,0.0,0.4763187930329333,1.0,0.0,0.0,0
43.00525287646132,1.0,1.0,0.3792229425143598,1.0,0.0,1.0,0
40.28272376009094,1.0,0.0,0.7527696679088747,1.0,0.0,0.0,0
26.918588365589002,0.0,2.0,0.7070705998820803,1.0,0.0,1.0,1
29.99246915181699,0.0,0.0,0.6227270121740406,1.0,0.0,0.0,0
25.703637098744746,2.0,4.0,0.2692528855076228,1.0,0.0,1.0,1
28.460150648856366,0.0,0.0,0.7425315256070678,1.0,0.0,0.0,0
110.16952308599546,3.0,2.0,0.11570178464171435,0.0,0.0,1.0,1
64.1913806518026,0.0,1.0,0.7162503177569033,1.0,0.0,0.0,1
8.52042524024677,1.0,1.0,0.6849759260061884,1.0,0.0,1.0,0
0.0,1.0,0.0,0.7089392259516606,1.0,1.0,0.0,0
91.67372787867173,1.0,2.0,0.308840883429083,1.0,0.0,1.0,1
32.35817846706874,0.0,1.0,0.802308405264262,1.0,0.0,0.0,0
0.0,1.0,2.0,0.49496196850318624,1.0,0.0,0.0,0
15.325164777317653,1.0,1.0,0.8062386344927396,1.0,1.0,0.0,1
0.0,1.0,0.0,0.29272122075474233,1.0,0.0,0.0,0
119.44978221503901,2.0,2.0,0.0593004027551439,1.0,0.0,0.0,1
129.5023930212088,2.0,1.0,0.1695134457353827,0.0,0.0,0.0,1
22.483973261001914,0.0,0.0,0.7363312821012299,1.0,0.0,0.0,0
87.96953606432974,0.0,1.0,0.06540198657484313,0.0,1.0,0.0,0
47.28624577553373,0.0,2.0,0.5799456096023429,1.0,0.0,1.0,1
24.702216332095244,1.0,0.0,0.29811607644666754,1.0,1.0,0.0,0
11.20329769340681,2.0,1.0,0.5516777331501718,1.0,1.0,1.0,0
26.331740556528537,1.0,0.0,0.8226798892861045,1.0,0.0,0.0,0
26.76187098947032,1.0,1.0,0.5375319897137146,1.0,1.0,1.0,1
2.875413776972618,0.0,1.0,0.5878493415126703,1.0,0.0,0.0,0
16.733302498176663,2.0,2.0,0.7156819529231703,1.0,0.0,1.0,0
0.0,0.0,0.0,0.7873204030709896,1.0,1.0,0.0,0
99.11288765662134,4.0,2.0,0.40843793018537844,1.0,0.0,1.0,1
43.55557417542654,0.0,1.0,0.6611187528121587,1.0,0.0,0.0,0
23.7731332583236,2.0,0.0,0.8795979586274036,1.0,1.0,0.0,0
135.15931208296783,1.0,2.0,0.23890412289057086,1.0,0.0,0.0,1
5.2026241860973474,0.0,0.0,0.43850786304210815,1.0,0.0,1.0,0
26.858303940108797,1.0,1.0,0.7575386120213385,1.0,1.0,0.0,0
4.4586998597159955,1.0,2.0,0.7384022683154992,0.0,0.0,1.0,0
26.96849491808843,1.0,2.0,0.8656271393210291,1.0,1.0,0.0,0
0.0,0.0,2.0,0.5230718418238199,1.0,1.0,0.0,0
0.0,1.0,1.0,0.34046533862557354,1.0,1.0,1.0,0
0.0,2.0,2.0,0.7767999449780831,1.0,1.0,0.0,0
34.24348240468246,1.0,0.0,0.5051494829102986,1.0,1.0,0.0,0
2.8531832038764073,1.0,2.0,0.5475018941135741,1.0,1.0,0.0,0
88.67599745263857,0.0,0.0,0.35218134077003876,1.0,1.0,1.0,0
62.002012363907205,0.0,1.0,0.05832556776939306,1.0,0.0,0.0,1
138.25951671397655,0.0,0.0,0.48382675996233765,0.0,0.0,0.0,0
29.470309509429782,1.0,1.0,0.7731958039815108,1.0,1.0,0.0,0
123.89841196815527,0.0,0.0,0.9394626498294245,1.0,0.0,1.0,0
60.754213328684514,1.0,2.0,0.5249935302986,1.0,1.0,0.0,0
33.257979421375616,2.0,2.0,0.3185850475123786,1.0,0.0,1.0,1
0.0,0.0,0.0,0.5795485755731183,1.0,1.0,0.0,0
48.7534980168175,0.0,1.0,0.8254030202684731,1.0,1.0,0.0,0
43.818235160442164,0.0,1.0,0.657342678559557,1.0,1.0,1.0,0
7.778272871278379,0.0,0.0,0.6796873645233104,0.0,1.0,0.0,0
54.38389977369945,2.0,2.0,0.8586951478641474,1.0,0.0,0.0,1
7.041021580269993,1.0,0.0,0.7926228476979501,1.0,0.0,0.0,0
2.4116523000038246,1.0,1.0,0.482748412967868,1.0,1.0,0.0,0
2.6913334764831873,1.0,0.0,0.7089494101699015,1.0,1.0,0.0,0
0.0,2.0,0.0,0.8294455913961087,0.0,1.0,0.0,0
67.68319018373128,1.0,1.0,0.6990510979085662,1.0,1.0,0.0,0
41.097802391946416,4.0,5.0,0.2885676926058345,1.0,0.0,1.0,1
37.11165674127041,0.0,0.0,0.3869800360329679,1.0,0.0,1.0,0
19.03309495931199,1.0,1.0,0.3120452473275269,1.0,0.0,0.0,1
12.043181311793283,0.0,1.0,0.8465932705150553,1.0,0.0,0.0,0
0.0,0.0,2.0,0.4204234330495464,1.0,1.0,0.0,0
38.65554108009388,3.0,2.0,0.5696647356787699,1.0,0.0,1.0,1
12.414564776596253,0.0,1.0,0.960410036978027,1.0,1.0,1.0,0
17.6833918642018,2.0,0.0,0.7406123065421779,1.0,1.0,0.0,0
135.9076049082653,3.0,0.0,0.3426767137233301,1.0,1.0,1.0,1
35.32734448563819,1.0,1.0,0.5542495098405593,1.0,0.0,0.0,0
22.580386752272606,0.0,2.0,0.6907112857455082,0.0,1.0,1.0,0
0.0,0.0,0.0,0.41846214296980977,0.0,1.0,0.0,0
9.002210102419204,1.0,0.0,0.25315333275081253,1.0,1.0,0.0,0
32.19150246994771,1.0,0.0,0.6663883556109441,1.0,1.0,0.0,0
46.15763093794687,1.0,1.0,0.647806747997369,1.0,1.0,0.0,0
50.940716914663355,2.0,0.0,0.8965526208824198,1.0,0.0,0.0,0
32.01906287434298,1.0,2.0,0.6600992328132059,1.0,1.0,0.0,0
28.178633847504575,0.0,3.0,0.4944569696814469,1.0,0.0,1.0,1
0.0,2.0,0.0,0.4056644976338968,1.0,0.0,1.0,0
38.204095646363456,3.0,1.0,0.13186075701363784,1.0,0.0,1.0,1
0.0,2.0,0.0,0.5040797202881776,1.0,1.0,1.0,0
17.513980083243684,0.0,2.0,0.15591763297772995,1.0,1.0,0.0,0
23.121244040380688,0.0,0.0,0.8055295269815594,0.0,0.0,1.0,0
36.153679672982896,2.0,1.0,0.31612613749309343,1.0,0.0,1.0,1
32.77102185006165,2.0,2.0,0.5427031174163849,1.0,1.0,0.0,1
11.264448246775228,0.0,0.0,0.7418663808269758,1.0,0.0,1.0,0
20.08170655601623,2.0,2.0,0.6699119552854284,1.0,0.0,1.0,1
51.393195335743926,1.0,2.0,0.4291086642249932,1.0,0.0,1.0,1
38.89442132419537,0.0,0.0,0.5660096031250182,1.0,1.0,1.0,0
7.674776553635318,1.0,0.0,0.47938457202125967,1.0,0.0,0.0,1
19.873951669970747,1.0,2.0,0.49277611256237414,1.0,0.0,0.0,0
0.0,1.0,1.0,0.7205059313247184,1.0,1.0,1.0,0
41.34948255787718,0.0,1.0,0.4039327161075357,1.0,0.0,0.0,1
36.81115839531034,0.0,1.0,0.7509159845246792,1.0,0.0,0.0,0
40.23614007337237,1.0,0.0,0.5182735490037534,1.0,0.0,1.0,0
0.0,1.0,0.0,0.8325131020024594,1.0,1.0,0.0,0
20.95316982642275,1.0,1.0,0.5260563928391866,1.0,0.0,0.0,0
12.320234133561467,1.0,1.0,0.6450737232085977,1.0,0.0,1.0,0
40.036664247472736,1.0,2.0,0.7592321914784554,0.0,1.0,1.0,0
116.50591916113987,2.0,2.0,0.2841127368673886,1.0,0.0,1.0,1
65.5964822107853,1.0,3.0,0.7971727796422119,1.0,1.0,0.0,0
57.814803077591996,3.0,1.0,0.3620846720544681,1.0,0.0,0.0,1
0.0,0.0,0.0,0.7042256834969058,1.0,1.0,0.0,0
1.2997107196600979,1.0,0.0,0.8092757677871867,1.0,0.0,0.0,0
53.30059894724746,4.0,2.0,0.25192388374183194,1.0,1.0,0.0,1
26.025370596881558,0.0,0.0,0.24759384938406354,1.0,0.0,0.0,1
0.0,1.0,1.0,0.877443342327163,1.0,0.0,0.0,0
49.90531516790105,3.0,2.0,0.8269434332801074,1.0,1.0,1.0,1
41.96962021883625,1.0,2.0,0.5543705419443434,1.0,1.0,0.0,0
34.2301968965619,0.0,0.0,0.5382462616580869,1.0,1.0,0.0,0
0.0,1.0,0.0,0.6070739697268052,1.0,0.0,0.0,0
16.95772955485868,2.0,2.0,0.7326784063572052,1.0,0.0,0.0,1
12.50951957321754,3.0,0.0,0.4589900698706126,1.0,1.0,0.0,0
9.750564532435423,0.0,2.0,0.31852494917754043,1.0,1.0,0.0,0
0.0,1.0,0.0,0.7134981224215283,1.0,1.0,0.0,0
14.987921444080758,0.0,1.0,0.6985996457212389,1.0,0.0,0.0,0
6.258388425764666,0.0,2.0,0.8422943785013828,1.0,1.0,0.0,0
64.43820173548663,1.0,2.0,0.08478572776392998,1.0,0.0,0.0,0
26.18064210186415,1.0,0.0,0.17058126506571716,1.0,0.0,0.0,0
37.825867268912795,0.0,0.0,0.6016100552816068,1.0,1.0,1.0,0
32.8895360108333,1.0,1.0,0.35874487957412116,0.0,0.0,1.0,1
0.0,0.0,0.0,0.5077651290858854,1.0,1.0,1.0,0
18.124592289437878,0.0,2.0,0.7891018378289448,1.0,1.0,1.0,0
14.920401784529016,1.0,0.0,0.7866546513196893,1.0,1.0,1.0,0
0.0,0.0,2.0,0.7401625381642233,1.0,1.0,0.0,0
10.7439042311988,2.0,1.0,0.6669056517684873,0.0,0.0,0.0,1
40.49348470657539,2.0,1.0,0.5971594794599914,1.0,1.0,1.0,1
22.908497392516512,0.0,1.0,0.5433443656063593,1.0,1.0,1.0,1
99.90721761583127,1.0,2.0,0.08827514348169951,1.0,0.0,1.0,1
19.442670761776764,1.0,0.0,0.8843134901963933,1.0,1.0,1.0,0
62.75391816935604,3.0,2.0,0.7540538608847699,1.0,0.0,0.0,1
48.059805484609576,0.0,1.0,0.8567279779830964,1.0,1.0,1.0,1
57.56330626686989,0.0,0.0,0.7627599356847334,1.0,1.0,1.0,0
9.926412674091484,0.0,1.0,0.35571100195270305,1.0,0.0,0.0,0
19.754787714219592,1.0,2.0,0.9408051994381714,1.0,0.0,0.0,0
5.282532271974677,1.0,1.0,0.8764996090357602,1.0,0.0,1.0,0
0.0,1.0,1.0,0.4597755703534485,1.0,0.0,0.0,0
7.079260104646799,0.0,2.0,0.12729195510553812,1.0,1.0,1.0,1
12.289684041863982,1.0,4.0,0.7287921093221951,1.0,0.0,0.0,1
0.0,0.0,1.0,0.6046452623077223,1.0,0.0,0.0,0
23.34555660295778,4.0,2.0,0.44035840883845306,1.0,0.0,1.0,1
89.0208436283386,0.0,1.0,0.5432461956744836,0.0,0.0,1.0,1
0.0,0.0,0.0,0.8438545738681165,1.0,0.0,0.0,1
64.84471730971823,1.0,2.0,0.8444625935775879,1.0,0.0,1.0,1
61.49321208938144,2.0,2.0,0.48640536765267295,0.0,0.0,1.0,1
65.11126319791997,1.0,3.0,0.3996351175660586,1.0,0.0,1.0,1
0.0,0.0,0.0,0.9010767300469759,0.0,0.0,0.0,0
65.60163219742942,0.0,1.0,0.32120254384408076,1.0,0.0,1.0,1
82.11277526037352,2.0,2.0,0.424600188836675,1.0,0.0,1.0,1
0.0,2.0,0.0,0.8777769619764505,1.0,1.0,1.0,1
19.230153170339154,0.0,0.0,0.2643317659523505,1.0,1.0,1.0,0
5.598075340023587,1.0,0.0,0.6588979799050753,1.0,1.0,0.0,1
15.11034856656418,1.0,0.0,0.7798217566547445,0.0,0.0,0.0,0
13.834828685150601,0.0,0.0,0.7502756045358387,1.0,0.0,0.0,0
22.53327549965607,1.0,0.0,0.7144857362247988,1.0,1.0,1.0,0
48.43088594279455,1.0,2.0,0.6029813086584471,1.0,0.0,0.0,1
2.2025375477651714,0.0,2.0,0.32168508962798403,1.0,0.0,0.0,0
57.480257365387864,0.0,0.0,0.17457940463189037,1.0,0.0,0.0,0
25.5076590486723,0.0,0.0,0.5185331244090795,1.0,1.0,1.0,0
31.982415771243552,0.0,2.0,0.4374153790801553,1.0,1.0,0.0,0
12.050659934886967,0.0,1.0,0.7550837842930526,1.0,0.0,0.0,0
0.0,1.0,0.0,0.5410458277381122,1.0,1.0,0.0,0
90.87477692389564,3.0,0.0,0.09823825308041817,1.0,1.0,0.0,1
8.00266057949864,1.0,0.0,0.6329568068806689,1.0,1.0,1.0,0
52.39393517062847,3.0,3.0,0.02952142057540486,1.0,0.0,1.0,1
50.71335896311321,3.0,2.0,0.25344198158935055,0.0,0.0,1.0,1
55.25733667831197,1.0,2.0,0.4132270736793132,1.0,0.0,1.0,1
97.65965300101703,0.0,1.0,0.8306901308795015,1.0,1.0,0.0,0
21.65851308614129,0.0,1.0,0.7032674901547996,1.0,0.0,0.0,0
14.881939391764073,1.0,0.0,0.915489394718848,1.0,0.0,0.0,1
14.238361485173797,0.0,0.0,0.5790012026041119,1.0,0.0,0.0,0
0.0,1.0,5.0,0.7165020871965575,1.0,0.0,0.0,0
26.495284688766212,2.0,3.0,0.4460034523094851,0.0,1.0,1.0,1
34.91161849472891,0.0,1.0,0.7765135959418805,1.0,1.0,0.0,0
0.0,1.0,0.0,0.5710782548194143,1.0,0.0,1.0,0
117.0693780736294,1.0,0.0,0.5568193213210515,0.0,0.0,0.0,1
7.7966576095764,0.0,0.0,0.46135872453038596,1.0,0.0,0.0,0
40.53665635613285,0.0,0.0,0.5168826767591325,1.0,0.0,0.0,0
21.37168876081826,1.0,1.0,0.8208259713840198,1.0,1.0,0.0,0
25.99425305905292,0.0,1.0,0.3721665286521116,0.0,0.0,1.0,0
43.79197265913028,0.0,0.0,0.7488400585306175,1.0,0.0,0.0,0
18.25428162912965,0.0,0.0,0.7235632342199706,1.0,1.0,1.0,0
80.24757231723679,3.0,0.0,0.19477628119654097,1.0,0.0,1.0,1
21.33193399501932,1.0,1.0,0.8811080694283867,1.0,0.0,0.0,0
15.655543163173942,1.0,3.0,0.7603479682202346,1.0,0.0,1.0,0
26.309408137666644,0.0,0.0,0.7446143676753197,1.0,0.0,1.0,0
51.20700224920094,2.0,1.0,0.6144585757423524,1.0,1.0,1.0,1
6.826219608559455,0.0,0.0,0.6505059614890569,1.0,1.0,0.0,0
0.0,0.0,1.0,0.643025064630599,1.0,0.0,1.0,0
19.26074802315793,0.0,5.0,0.8729018786663978,1.0,1.0,1.0,1
95.43148349038161,3.0,2.0,0.6502346812214121,1.0,0.0,1.0,1
13.980539160821493,2.0,1.0,0.5531547494821629,1.0,0.0,1.0,1
17.793729912214943,4.0,2.0,0.26786018691750363,1.0,0.0,0.0,1
0.0,0.0,0.0,0.46762703251458076,1.0,1.0,1.0,0
16.60074322614161,2.0,0.0,0.7408588640183305,1.0,1.0,1.0,0
16.08855011618807,0.0,0.0,0.7983985914103866,1.0,1.0,0.0,0
10.088407930524628,1.0,0.0,0.898979516547813,1.0,0.0,0.0,0
48.211328745229366,0.0,1.0,0.8273888092638491,1.0,0.0,0.0,1
22.077615126599213,0.0,2.0,0.5770295122841109,1.0,1.0,0.0,0
139.52929400170774,2.0,1.0,0.36495341645333623,1.0,0.0,0.0,1
0.0,2.0,0.0,0.719991550894227,1.0,1.0,0.0,0
0.0,1.0,1.0,0.869168263165297,1.0,0.0,1.0,0
51.24699470493282,4.0,1.0,0.5602140695087395,1.0,0.0,1.0,1
48.112236942609485,0.0,1.0,0.5692902463308196,1.0,0.0,0.0,0
0.0,0.0,0.0,0.7945323459169205,1.0,0.0,0.0,0
40.85121462928357,0.0,1.0,0.6543103046650628,1.0,0.0,0.0,1
16.928107349951077,0.0,0.0,0.7174893299016362,1.0,0.0,1.0,0
11.974376064389245,1.0,1.0,0.5346562614962648,1.0,1.0,0.0,0
13.063902996781632,0.0,2.0,0.7226733835797846,1.0,1.0,0.0,0
48.67650740315893,1.0,1.0,0.746797497623873,1.0,0.0,0.0,0
80.26033430051224,1.0,1.0,0.38047303498348134,1.0,0.0,0.0,0
44.84246493053834,2.0,1.0,0.7635531489192292,1.0,1.0,0.0,0
9.968681992614076,0.0,1.0,0.3574583248441732,1.0,1.0,1.0,0
0.0,1.0,1.0,0.7603346936696663,1.0,0.0,0.0,0
68.4727724099327,1.0,2.0,0.035673498390264555,1.0,0.0,1.0,1
38.451668783105035,1.0,2.0,0.3800036158672048,1.0,1.0,0.0,1
44.67387684987647,5.0,5.0,0.2648313464076874,0.0,0.0,0.0,1
2.967982479493342,1.0,0.0,0.607019618746442,0.0,0.0,0.0,0
29.344808409515153,0.0,5.0,0.41158582244909375,1.0,1.0,0.0,0
28.642807216250716,0.0,0.0,0.644164765037131,1.0,0.0,0.0,0
5.232367999693588,1.0,0.0,0.5755768335028887,1.0,0.0,1.0,0
0.0,0.0,1.0,0.7731638557569049,1.0,0.0,0.0,0
0.0,0.0,0.0,0.750397723497384,1.0,0.0,0.0,1
92.12276015441122,4.0,3.0,0.13491436511072127,0.0,0.0,1.0,1
56.612214100685634,0.0,1.0,0.35658132531167075,1.0,1.0,1.0,0
11.828054383758223,0.0,1.0,0.21569146811404327,1.0,0.0,0.0,0
38.965922258451805,0.0,0.0,0.7158226853637806,1.0,0.0,1.0,0
118.76956824168738,3.0,1.0,0.36096404540170174,1.0,1.0,1.0,1
34.79150284036542,1.0,2.0,0.16879919171009128,1.0,0.0,1.0,1
34.33714235103748,1.0,1.0,0.15446397480787738,0.0,0.0,0.0,0
0.0,1.0,1.0,0.45986876648776986,1.0,1.0,0.0,0
8.241359362549668,0.0,1.0,0.5330261446971707,1.0,0.0,0.0,0
30.36429494717654,0.0,0.0,0.20967089986760531,1.0,0.0,1.0,1
7.924871314801097,0.0,0.0,0.5938821726758988,1.0,1.0,0.0,1
2.978139166711369,2.0,2.0,0.3693321747845711,1.0,0.0,0.0,0
0.46238555781588175,0.0,1.0,0.5846835248034634,1.0,0.0,1.0,0
0.0,0.0,2.0,0.7315633182952354,1.0,1.0,0.0,0
14.54647813852852,0.0,0.0,0.8451753273947072,1.0,0.0,1.0,0
80.72332486820613,0.0,1.0,0.2690073850145883,0.0,0.0,0.0,1
25.9443447643083,1.0,1.0,0.7337788348643136,1.0,0.0,1.0,0
0.0,0.0,1.0,0.591460716943106,1.0,1.0,0.0,0
29.212603517015996,0.0,1.0,0.6902112372727605,1.0,0.0,0.0,0
56.60367657716103,0.0,0.0,0.7047838258395216,1.0,0.0,0.0,1
2.6882403247184863,0.0,0.0,0.49276408366976426,1.0,1.0,0.0,0
22.900158662401264,0.0,1.0,0.7207172725265263,0.0,1.0,0.0,0
29.74178165235299,0.0,0.0,0.7598147140429055,1.0,0.0,1.0,0
6.850535392730135,0.0,1.0,0.43169909184257177,1.0,0.0,0.0,0
62.360176654480604,1.0,0.0,0.8433416967056417,1.0,0.0,1.0,1
30.40653078246303,2.0,1.0,0.6588846098124028,1.0,1.0,1.0,1
34.21992999518699,2.0,4.0,0.9622825937546037,1.0,0.0,0.0,0
0.0,1.0,0.0,0.3328068863853155,0.0,0.0,0.0,0
37.79050699763144,1.0,0.0,0.5583130948395638,1.0,1.0,0.0,0
122.75417766083108,0.0,4.0,0.4644379893605777,0.0,0.0,1.0,1
0.0,0.0,1.0,0.7933267789971766,1.0,1.0,0.0,0
0.0,0.0,1.0,0.7187773653783449,1.0,0.0,1.0,0
0.0,0.0,0.0,0.842933141635004,1.0,0.0,0.0,0
33.024556925316176,0.0,0.0,0.36588863591635257,1.0,1.0,0.0,1
0.0,0.0,0.0,0.45720827972324424,1.0,0.0,0.0,0
32.30084041272734,0.0,2.0,0.29674247834464834,1.0,0.0,0.0,1
14.484375847970671,0.0,0.0,0.8832396125188126,1.0,0.0,0.0,0
0.0,1.0,0.0,0.861399946455925,1.0,0.0,0.0,0
92.41941318121948,0.0,5.0,0.8541597490152019,1.0,0.0,0.0,0
36.284554693083464,1.0,1.0,0.5483238973270889,1.0,1.0,0.0,0
85.77029671484634,1.0,2.0,0.2237471715575926,1.0,0.0,0.0,1
19.552261150629292,1.0,2.0,0.8487412966241835,1.0,1.0,0.0,0
129.60267876336903,2.0,2.0,0.09023692136454049,0.0,1.0,0.0,1
25.026616037265242,2.0,2.0,0.6011996330813032,1.0,0.0,1.0,0
0.0,0.0,0.0,0.9559403683652047,1.0,1.0,0.0,0
11.330189755263294,2.0,1.0,0.4539752989542282,1.0,0.0,1.0,0
0.0,1.0,0.0,0.6683609407901054,0.0,1.0,0.0,0
17.120130443548582,0.0,0.0,0.5769249865455228,1.0,1.0,1.0,0
11.805388227025354,0.0,0.0,0.7384691280133027,1.0,0.0,0.0,0
52.88628888994677,1.0,0.0,0.8669056220594787,1.0,1.0,0.0,0
28.08936644874697,0.0,0.0,0.682242833839491,1.0,1.0,0.0,0
26.13552918792511,5.0,3.0,0.7414030598495276,1.0,1.0,0.0,1
40.27709375074983,0.0,0.0,0.7375544090316453,1.0,1.0,0.0,1
35.12924051360184,0.0,0.0,0.17404512748132708,1.0,1.0,0.0,0
9.705573294781011,1.0,0.0,0.29330148940770295,1.0,0.0,1.0,0
11.708848455285727,0.0,0.0,0.6277315529705927,1.0,0.0,0.0,0
0.0,1.0,1.0,0.6096935407659643,1.0,0.0,1.0,0
40.788583405760775,2.0,2.0,0.030225727022741535,1.0,0.0,1.0,0
38.47314623674783,0.0,1.0,0.6035795056723062,1.0,1.0,1.0,0
44.53931936995463,0.0,1.0,0.6659725748718209,1.0,0.0,1.0,1
32.952374072910686,1.0,0.0,0.2127166892080736,1.0,1.0,0.0,0
48.10358696749613,0.0,0.0,0.7149286579552505,0.0,1.0,1.0,0
2.846209017512521,1.0,0.0,0.4704298952111045,1.0,0.0,0.0,0
87.0102289953329,1.0,1.0,0.4319623365487031,0.0,0.0,0.0,1
9.396656393193425,0.0,1.0,0.5050717269264501,1.0,0.0,1.0,0
23.478897582558794,1.0,0.0,0.7562950464159439,1.0,1.0,0.0,0
50.2377656404771,0.0,0.0,0.7910803198026334,1.0,1.0,0.0,0
9.30731974653374,0.0,0.0,0.524996410303114,1.0,1.0,0.0,0
30.882937687510776,2.0,3.0,0.6298643256846531,1.0,1.0,0.0,1
41.83432760584185,0.0,0.0,0.7198412735084494,1.0,1.0,1.0,0
11.31052663750077,0.0,1.0,0.3736473333252007,1.0,1.0,0.0,1
33.107239730270024,0.0,3.0,0.8126049411503627,0.0,0.0,1.0,1
85.57325665382369,2.0,0.0,0.5644581186819999,1.0,0.0,0.0,1
39.291332466629136,1.0,1.0,0.40013400289292106,1.0,0.0,0.0,1
8.623113066695673,1.0,2.0,0.727351499538831,1.0,0.0,0.0,0
17.64860292126925,0.0,1.0,0.7457944760569233,1.0,0.0,0.0,0
153.07018677577452,0.0,1.0,0.43191852961090715,1.0,1.0,0.0,0
65.4550148853399,0.0,2.0,0.48296276657250264,1.0,0.0,0.0,0
22.17938841043356,1.0,0.0,0.4529340855782049,1.0,1.0,0.0,0
17.102638542633443,1.0,2.0,0.8696013333612701,1.0,0.0,0.0,1
0.0,1.0,1.0,0.4867595702794287,1.0,0.0,0.0,0
27.190972933031265,1.0,0.0,0.8501135591548515,0.0,1.0,1.0,0
26.050072195761743,2.0,2.0,0.9866895471657189,1.0,0.0,0.0,1
26.814690877565045,0.0,0.0,0.4820458481684641,0.0,1.0,0.0,0
37.31764568458634,0.0,1.0,0.8446619103724602,1.0,0.0,0.0,0
81.96862334766838,7.0,0.0,0.5651194348030052,1.0,0.0,1.0,1
11.098460528722873,0.0,2.0,0.43867055052742626,1.0,1.0,1.0,0
29.309925470034678,0.0,1.0,0.7072204092762351,1.0,1.0,0.0,0
68.30177438924376,4.0,2.0,0.3671555483762119,1.0,0.0,1.0,1
0.0,0.0,0.0,0.13311613197915856,1.0,0.0,0.0,0
45.65217319852944,6.0,0.0,0.44952864603998655,1.0,0.0,1.0,1
5.037882510238912,0.0,0.0,0.8800468572146405,1.0,1.0,0.0,0
119.66070770693338,1.0,0.0,0.04519994378971194,1.0,0.0,1.0,1
7.499133388508467,0.0,1.0,0.9034830815689272,1.0,1.0,1.0,0
54.06383185637388,2.0,3.0,0.21491595536421884,0.0,0.0,0.0,1
62.9694366377435,2.0,2.0,0.38478536203349384,1.0,1.0,1.0,1
43.50607908695726,0.0,0.0,0.786050327649907,1.0,1.0,1.0,0
81.41200039643859,1.0,0.0,0.9522862662562158,1.0,0.0,0.0,1
37.15615693684401,1.0,0.0,0.6324051814898796,1.0,1.0,0.0,0
6.597379328869168,1.0,0.0,0.3724503119062048,1.0,1.0,0.0,0
0.0,0.0,0.0,0.274850626069722,1.0,0.0,0.0,0
43.050901836569395,0.0,2.0,0.5380631028303217,1.0,0.0,1.0,1
19.970456799859964,1.0,0.0,0.3252628750454543,1.0,1.0,0.0,1
23.07239301027355,0.0,0.0,0.6389630924782734,1.0,0.0,1.0,1
0.0,0.0,2.0,0.8128761958523447,1.0,1.0,0.0,0
32.88282699817107,1.0,0.0,0.21163771846102386,1.0,1.0,0.0,0
63.77729280148557,2.0,1.0,0.2165148521895315,0.0,1.0,0.0,1
31.262688591286324,1.0,0.0,0.8277130428209102,1.0,0.0,0.0,0
49.019341588223995,0.0,0.0,0.807612884478672,1.0,1.0,0.0,0
34.21202169131959,1.0,1.0,0.3384135516118081,0.0,0.0,0.0,0
106.33779243916383,0.0,3.0,0.38126759990525744,1.0,0.0,0.0,1
17.467124127095936,1.0,2.0,0.16153599253754983,1.0,0.0,0.0,0
28.341456896664052,1.0,1.0,0.5038684929843201,1.0,1.0,1.0,1
50.722851675811874,0.0,2.0,0.9234411277000633,1.0,0.0,0.0,0
19.900106563158293,1.0,1.0,0.5445558561834127,1.0,1.0,0.0,0
51.53766725359947,2.0,1.0,0.4908019327490316,1.0,0.0,1.0,1
23.628715581835493,0.0,1.0,0.09385545936021816,1.0,0.0,0.0,0
0.0,0.0,1.0,0.5805389275361087,1.0,0.0,0.0,0
13.393697586513625,1.0,1.0,0.6748203520186121,1.0,1.0,1.0,0
30.48113172982778,3.0,0.0,0.664048006702992,1.0,0.0,1.0,1
25.63791604045083,0.0,2.0,0.36673097915537073,1.0,0.0,1.0,1
2.039804951262635,0.0,0.0,0.42233238492141106,1.0,0.0,1.0,0
0.0,0.0,0.0,0.7033974406523178,1.0,0.0,0.0,0
21.71363285168525,2.0,1.0,0.4653515500761608,1.0,1.0,1.0,0
0.0,0.0,1.0,0.4575972940636911,1.0,0.0,1.0,1
11.951499772262231,0.0,0.0,0.44633309147647426,1.0,0.0,0.0,0
4.643248134609987,1.0,0.0,0.3472783613923931,1.0,1.0,0.0,0
26.486055929702026,0.0,0.0,0.640887444034116,1.0,0.0,1.0,0
48.111296739502826,0.0,2.0,0.3315174800420833,1.0,0.0,0.0,0
86.9269060671917,4.0,4.0,0.536852066812645,1.0,1.0,1.0,1
32.18870631407459,3.0,0.0,0.4108966334946803,1.0,0.0,1.0,1
22.074343680687953,1.0,1.0,0.4645229641248983,1.0,1.0,0.0,0
7.369743337129325,0.0,0.0,0.575786464427013,1.0,1.0,0.0,0
45.19842933246753,1.0,0.0,0.5152677202646962,1.0,0.0,1.0,0
36.451704413870765,0.0,3.0,0.5391307512800304,1.0,1.0,1.0,0
74.0904846665527,0.0,0.0,0.966690631001364,1.0,1.0,0.0,0
34.28637645199912,2.0,5.0,0.9162810678184985,0.0,0.0,1.0,1
57.21690734027191,0.0,2.0,0.648806763810596,0.0,1.0,0.0,0
0.0,0.0,1.0,0.7428426292736597,1.0,0.0,0.0,0
138.650043619133,1.0,1.0,0.5281919657681325,1.0,0.0,0.0,0
49.04008044164441,2.0,0.0,0.6139557209096947,1.0,1.0,0.0,0
0.0,0.0,2.0,0.5549095029460864,1.0,1.0,0.0,0
25.70076025936757,0.0,1.0,0.1078292250248502,1.0,0.0,1.0,1
54.9958159148901,2.0,1.0,0.17389208421641408,1.0,1.0,1.0,0
21.314296487743704,0.0,1.0,0.48933315407067196,1.0,0.0,1.0,1
28.19404778925511,0.0,0.0,0.7041093168954811,1.0,0.0,0.0,1
87.16291945073868,1.0,1.0,0.10348675345717559,0.0,0.0,1.0,1
81.98404413322876,1.0,3.0,0.43623413953183626,1.0,0.0,0.0,1
1.6221195741392382,0.0,3.0,0.4494545879706651,1.0,1.0,1.0,0
62.1029959900724,0.0,3.0,0.25870301729749784,1.0,1.0,0.0,0
24.530073992291364,0.0,1.0,0.9028049666272933,1.0,0.0,1.0,0
49.55261595882625,1.0,2.0,0.07987843062237057,0.0,1.0,1.0,1
18.57122869701937,0.0,1.0,0.7288764230285761,1.0,0.0,1.0,1
26.678480381852506,1.0,0.0,0.8155231225138616,1.0,0.0,0.0,0
85.87364032346491,0.0,1.0,0.37634093628847903,1.0,1.0,0.0,0
13.22085702721662,1.0,1.0,0.6079170745753598,1.0,1.0,0.0,0
32.70781894479127,2.0,0.0,0.24880957894136116,0.0,0.0,0.0,0
0.0,1.0,0.0,0.6032550445919445,1.0,0.0,1.0,0
38.77145714431762,0.0,1.0,0.5079993832461154,1.0,0.0,0.0,0
36.53504630960487,1.0,1.0,0.7733820882026056,1.0,1.0,0.0,0
38.660646586921395,0.0,3.0,0.5384861423616062,1.0,0.0,1.0,1
50.45451230764674,2.0,0.0,0.6014408273561401,0.0,1.0,1.0,1
18.038115420236615,0.0,2.0,0.10836528672380022,0.0,1.0,1.0,0
28.520576937320534,0.0,0.0,0.7075512626816656,1.0,1.0,0.0,0
8.769899557825173,0.0,1.0,0.5568289610511493,1.0,1.0,0.0,0
13.59041426605901,1.0,2.0,0.9214826503156452,1.0,1.0,1.0,0
95.63937818956626,1.0,2.0,0.6502777785575655,1.0,0.0,0.0,0
21.701495629512564,0.0,1.0,0.4167668577562038,1.0,0.0,0.0,0
29.35256913681178,0.0,1.0,0.7247434073715734,1.0,0.0,0.0,0
18.75610018990188,0.0,4.0,0.293110440006325,1.0,1.0,0.0,0
26.806976212449435,0.0,1.0,0.4706359343680328,1.0,0.0,0.0,0
0.0,1.0,0.0,0.7455985383222056,1.0,0.0,0.0,0
0.0,0.0,0.0,0.764717498711474,1.0,1.0,0.0,0
79.08502250992683,1.0,2.0,0.42368502434264627,1.0,1.0,0.0,0
13.248360178189692,1.0,2.0,0.37853880617623253,1.0,0.0,1.0,0
39.730454355882536,2.0,5.0,0.23013760913165127,1.0,1.0,1.0,1
87.0007371248677,0.0,3.0,0.13132287277577234,1.0,0.0,1.0,1
22.980671514566986,1.0,0.0,0.6099872267718376,1.0,0.0,1.0,1
46.07639113617566,0.0,2.0,0.5127802375834949,0.0,0.0,0.0,0
3.664344854768383,1.0,0.0,0.5622641853176028,1.0,1.0,0.0,0
32.33673361340768,0.0,1.0,0.6086825501425875,1.0,0.0,0.0,0
38.277506510248806,1.0,1.0,0.15086239160553658,1.0,0.0,1.0,1
10.359461005009504,1.0,2.0,0.795197859034202,1.0,0.0,0.0,0
0.0,0.0,2.0,0.8371400530581133,1.0,1.0,0.0,0
24.818677592374442,1.0,0.0,0.6162791275502091,1.0,1.0,0.0,0
20.1795662849135,0.0,1.0,0.3455922745926087,1.0,0.0,1.0,1
91.81038467609392,1.0,3.0,0.6715861757153794,1.0,1.0,1.0,1
11.511589864985918,0.0,0.0,0.9276038286392061,1.0,1.0,0.0,0
18.29032654039539,0.0,0.0,0.2380965218680704,1.0,0.0,0.0,0
43.013227687475826,1.0,1.0,0.5978799958257446,0.0,1.0,0.0,0
19.977827476825645,0.0,1.0,0.778729757242428,1.0,0.0,1.0,0
5.150103056580072,0.0,1.0,0.3403720221058028,1.0,1.0,0.0,0
0.0,0.0,0.0,0.22062499135360233,1.0,0.0,1.0,0
0.0,0.0,1.0,0.5781113061497336,0.0,0.0,0.0,0
38.51133141060695,3.0,0.0,0.16056554021042324,1.0,0.0,0.0,1
20.525197586427883,1.0,1.0,0.5190188132690062,1.0,0.0,0.0,0
85.87402354625894,0.0,2.0,0.24935052086793186,1.0,1.0,0.0,1
12.806498109962053,2.0,2.0,0.6041867404947416,1.0,0.0,0.0,1
0.0,1.0,1.0,0.81443659508338,1.0,1.0,1.0,0
36.78207645633694,1.0,1.0,0.4090679254103946,1.0,1.0,0.0,0
80.11879247405261,1.0,1.0,0.09479693266834736,1.0,0.0,1.0,1
22.151655468318918,0.0,2.0,0.34565578706512584,1.0,0.0,0.0,1
65.96346429092883,2.0,2.0,0.15680971033279642,1.0,0.0,0.0,1
29.3045159713906,0.0,0.0,0.6421183444758852,1.0,0.0,0.0,0
44.90067901342655,3.0,1.0,0.6640098051053386,1.0,0.0,0.0,1
37.23622214917489,1.0,1.0,0.5750177704787582,0.0,0.0,1.0,0
67.05702243146638,0.0,0.0,0.3682167294996522,1.0,0.0,0.0,1
104.97194745829758,2.0,4.0,0.3977761206365575,1.0,0.0,1.0,1
28.061049950128588,1.0,0.0,0.4335493046742971,1.0,1.0,0.0,0
24.465379255166702,0.0,0.0,0.7481296065561098,0.0,1.0,0.0,0
64.85268456090822,0.0,0.0,0.44025410520796554,1.0,0.0,0.0,0
40.932180946425746,1.0,0.0,0.33963897877734445,1.0,1.0,0.0,1
31.54384744216693,1.0,1.0,0.9415441623106072,1.0,0.0,1.0,0
24.65150740742604,1.0,2.0,0.5851545099215156,1.0,1.0,0.0,0
0.0,0.0,0.0,0.2504880939766043,1.0,1.0,0.0,0
62.079694877533356,1.0,1.0,0.4383235331136923,1.0,1.0,1.0,0
53.57703850884152,1.0,5.0,0.15978859036862222,1.0,0.0,1.0,1
114.04666817060084,1.0,0.0,0.6647627751865327,1.0,0.0,0.0,1
35.832085217242074,1.0,2.0,0.3830513543572239,1.0,0.0,1.0,0
45.05968865068748,0.0,0.0,0.497834720558975,1.0,0.0,1.0,1
26.56605412289361,2.0,1.0,0.274848060568243,1.0,0.0,0.0,0
38.20717249420732,0.0,0.0,0.8681589847404682,1.0,1.0,1.0,1
40.486755039192516,0.0,0.0,0.4828182117115649,1.0,1.0,0.0,0
2.8830804594838746,0.0,0.0,0.907018454459338,1.0,1.0,0.0,0
0.0,1.0,0.0,0.7610031737696833,1.0,1.0,0.0,0
26.570544401093624,0.0,0.0,0.33156160140988644,1.0,1.0,0.0,0
8.539595577812442,0.0,3.0,0.8340374526862326,0.0,1.0,1.0,0
0.0,0.0,3.0,0.8473683651683209,1.0,1.0,0.0,0
0.0,1.0,0.0,0.6921938253185203,1.0,1.0,0.0,0
20.99162081483929,0.0,1.0,0.26810797692892385,1.0,0.0,0.0,0
21.60565478021058,2.0,2.0,0.560130699153794,1.0,1.0,0.0,0
46.82204169421494,0.0,0.0,0.5861770855546038,1.0,1.0,0.0,0
62.36151853937552,3.0,3.0,0.08975439882629804,1.0,1.0,1.0,1
67.15348652609453,3.0,3.0,0.3402008742372674,1.0,0.0,0.0,1
27.758059437694413,1.0,1.0,0.7191359461548985,1.0,0.0,1.0,0
110.47906919482844,1.0,1.0,0.12987813081712,1.0,0.0,1.0,1
35.758517715173156,2.0,1.0,0.8543710474863666,1.0,1.0,1.0,1
9.077043114588918,1.0,0.0,0.7133285978108822,1.0,1.0,1.0,0
7.179247623618335,2.0,0.0,0.34888071159182227,1.0,0.0,0.0,0
44.03261997493738,1.0,0.0,0.3823158675319452,1.0,0.0,0.0,0
79.77828685798711,3.0,4.0,0.4453350673438385,0.0,0.0,1.0,1
0.0,0.0,0.0,0.7538599861016629,1.0,1.0,1.0,1
114.66826392185953,0.0,2.0,0.1062557320541795,1.0,0.0,0.0,1
48.66540014026637,1.0,1.0,0.8025413777168732,1.0,1.0,1.0,0
52.44597525020978,0.0,2.0,0.6010193952903498,1.0,1.0,0.0,1
11.330833234920366,1.0,0.0,0.8441158751310204,1.0,1.0,0.0,0
0.0,1.0,2.0,0.19857260594035606,1.0,0.0,1.0,0
61.66062673595672,2.0,2.0,0.26438531209434374,1.0,0.0,1.0,1
32.29300625196283,0.0,0.0,0.4156106383854282,1.0,1.0,0.0,1
27.82709497416586,0.0,1.0,0.7272401392205746,0.0,0.0,0.0,1
36.9230484075374,3.0,4.0,0.22725560405527764,1.0,0.0,0.0,1
0.0,1.0,2.0,0.7623375781376148,1.0,0.0,1.0,0
21.04042904334684,2.0,1.0,0.58631285174154,1.0,1.0,0.0,1
0.0,0.0,1.0,0.4790194942497789,1.0,1.0,0.0,0
0.0,0.0,2.0,0.13599869893853864,1.0,1.0,0.0,0
5.241758775869974,0.0,0.0,0.7935893729028384,1.0,0.0,0.0,0
6.867444480607218,0.0,0.0,0.6487880253365743,1.0,0.0,0.0,1
0.0,0.0,1.0,0.5568694516355991,1.0,1.0,0.0,0
2.353262715829148,0.0,2.0,0.5529811706765099,1.0,0.0,0.0,1
62.707502612505436,4.0,1.0,0.4293928762596171,1.0,1.0,1.0,1
27.971492965001524,1.0,3.0,0.24683244297507612,1.0,0.0,1.0,1
95.8223327163457,2.0,0.0,0.38219073884232035,1.0,0.0,1.0,1
33.527508399097506,1.0,2.0,0.8813074181709702,0.0,0.0,0.0,0
60.690588910791774,2.0,1.0,0.4660956647071982,1.0,0.0,1.0,1
14.090202107884792,0.0,1.0,0.6356910113414861,0.0,1.0,1.0,0
27.21418484007709,0.0,2.0,0.7495492980876787,1.0,1.0,0.0,0
0.0,1.0,0.0,0.18941952089748504,1.0,0.0,0.0,0
27.81762652303575,1.0,0.0,0.4197450991130878,1.0,0.0,0.0,0
17.569474036290416,1.0,2.0,0.6124419996566568,1.0,1.0,0.0,0
37.63274114139382,0.0,0.0,0.5675719477813727,1.0,1.0,0.0,0
10.52236580074497,0.0,3.0,0.5260263103633719,1.0,1.0,1.0,0
25.62004243116212,1.0,0.0,0.46134679983969806,1.0,0.0,1.0,0
57.17924092011664,2.0,3.0,0.539287632401005,1.0,0.0,1.0,0
46.53398798565727,0.0,0.0,0.7267017265549969,1.0,0.0,0.0,0
61.003351715631396,2.0,3.0,0.5648904860009928,1.0,0.0,1.0,1
37.313150765994195,1.0,1.0,0.847671094738814,1.0,1.0,1.0,0
80.40879402153811,2.0,0.0,0.7830940700250483,1.0,1.0,0.0,0
54.75670781418392,1.0,1.0,0.7235940616478505,1.0,0.0,0.0,0
22.498470945849146,1.0,1.0,0.14865112200969663,0.0,1.0,0.0,0
18.86451845504304,0.0,0.0,0.3637644407975031,1.0,1.0,0.0,0
42.740445217925334,3.0,0.0,0.210730448346466,1.0,0.0,0.0,1
36.37336628748368,4.0,0.0,0.40647797126726515,1.0,0.0,0.0,0
28.220685740092907,1.0,0.0,0.6296149746757645,1.0,1.0,0.0,0
0.0,0.0,0.0,0.7291632038295576,1.0,0.0,0.0,0
26.939351951621536,0.0,2.0,0.8675879849927358,0.0,0.0,0.0,1
45.51426516868952,2.0,0.0,0.45503513614675944,1.0,0.0,0.0,0
25.65584163230234,0.0,2.0,0.6270386014986534,1.0,1.0,0.0,0
0.0,1.0,0.0,0.7840261979549747,1.0,0.0,0.0,0
70.86671647027045,0.0,2.0,0.8992903939202922,1.0,0.0,0.0,0
6.228675893015518,0.0,1.0,0.6575410048794718,0.0,1.0,0.0,0
33.7765266723043,2.0,3.0,0.4685029334545022,0.0,1.0,0.0,1
38.83585572481898,1.0,1.0,0.2543166493965435,1.0,0.0,0.0,0
29.49179981387784,0.0,0.0,0.32754260619798603,1.0,1.0,0.0,0
11.902053738360546,2.0,1.0,0.7346752229183654,1.0,0.0,1.0,1
0.0,1.0,1.0,0.5917025156204435,1.0,1.0,0.0,0
37.452778687683676,0.0,3.0,0.8417144966653851,1.0,0.0,0.0,0
3.64584517701436,1.0,1.0,0.5460747890197681,0.0,1.0,0.0,0
20.278299302191968,0.0,1.0,0.5894454971402598,1.0,0.0,1.0,0
71.22162713791008,0.0,2.0,0.5762256160042505,1.0,1.0,0.0,0
34.439254731929566,0.0,0.0,0.9389220558445566,1.0,0.0,0.0,0
151.07678951797084,2.0,3.0,0.1818032082686447,1.0,0.0,1.0,0
40.8974304570218,0.0,1.0,0.502057753163384,1.0,0.0,1.0,1
9.52601449197546,0.0,1.0,0.525335075364915,0.0,0.0,0.0,0
8.386927748153521,0.0,1.0,0.6171539595594144,1.0,0.0,0.0,0
11.663785408759896,1.0,0.0,0.26333658671441457,1.0,0.0,0.0,0
57.010012276086556,0.0,0.0,0.7526167736450944,1.0,0.0,0.0,0
71.66278478897972,3.0,4.0,0.46683372335846224,1.0,0.0,1.0,1
63.69710416010835,1.0,5.0,0.8610410381255321,1.0,0.0,1.0,1
58.19757764402242,2.0,0.0,0.3111471647283521,0.0,0.0,0.0,0
12.750095811614898,1.0,0.0,0.6066179192124638,1.0,1.0,0.0,0
51.798300174821485,4.0,2.0,0.5670735030143714,1.0,0.0,1.0,1
20.389933238827062,0.0,3.0,0.833781448082114,1.0,1.0,0.0,0
10.204713667062087,4.0,1.0,0.20820775401600825,1.0,0.0,0.0,1
6.116959772821161,3.0,0.0,0.5534296078222707,1.0,1.0,0.0,1
43.17727741811462,0.0,2.0,0.4856311668716012,1.0,0.0,1.0,1
0.05985860801233667,0.0,0.0,0.6480165270070147,1.0,0.0,0.0,0
43.331235374877274,0.0,0.0,0.5699742409309231,1.0,0.0,0.0,0
14.53729512169744,0.0,0.0,0.6776497896880791,1.0,1.0,0.0,0
0.0,0.0,0.0,0.4268282924322327,1.0,1.0,0.0,0
84.52102441325731,1.0,0.0,0.4097241255796409,1.0,1.0,1.0,0
5.102481738585221,0.0,0.0,0.6363813418759954,1.0,0.0,1.0,0
0.0,0.0,2.0,0.6960967989857879,1.0,0.0,1.0,0
16.36245804774928,1.0,2.0,0.4777679047380456,1.0,1.0,0.0,0
78.43789484787334,1.0,1.0,0.6750111656683093,1.0,0.0,1.0,1
36.89475394283051,0.0,2.0,0.4389591762590133,1.0,1.0,0.0,0
55.56632702893281,0.0,1.0,0.7135600714036646,1.0,1.0,0.0,0
95.58605111360205,1.0,2.0,0.09075101815341795,1.0,1.0,1.0,1
8.627483894547227,0.0,1.0,0.4513679460583274,1.0,0.0,0.0,0
1.6809965460081528,0.0,0.0,0.8496967802917516,1.0,0.0,0.0,0
15.739960283252135,0.0,1.0,0.7020094841122351,1.0,0.0,0.0,0
7.0432652183926,0.0,0.0,0.7373625461414078,1.0,1.0,0.0,0
123.34720579204456,1.0,1.0,0.28495651559024054,0.0,0.0,1.0,1
53.08748828737967,0.0,1.0,0.5567216461959799,1.0,1.0,1.0,0
0.0,0.0,0.0,0.23647215342585745,1.0,1.0,0.0,0
33.53681130550287,3.0,1.0,0.6137273908186954,1.0,1.0,1.0,0
0.0,0.0,1.0,0.42200867807686476,1.0,1.0,0.0,0
36.1401046974222,0.0,1.0,0.6564835464555326,1.0,1.0,1.0,1
11.877712861197907,0.0,1.0,0.8956130308680375,1.0,0.0,1.0,0
1.8081600081311242,0.0,1.0,0.33457429234977437,1.0,1.0,0.0,0
58.65773352609493,3.0,0.0,0.3718700636449484,0.0,1.0,1.0,1
0.0,1.0,0.0,0.614325116862924,1.0,1.0,0.0,0
79.21152611955142,5.0,4.0,0.10013645092519298,1.0,0.0,0.0,1
80.24238097765881,0.0,2.0,0.3506655043568581,1.0,0.0,0.0,1
33.372168698558625,0.0,0.0,0.8228049205657596,1.0,0.0,0.0,1
95.64611566879059,7.0,0.0,0.3488697656803329,0.0,0.0,1.0,1
20.511328868775347,1.0,2.0,0.6874891846011892,1.0,0.0,0.0,0
107.68833399509649,1.0,0.0,0.4118166974946648,1.0,0.0,0.0,0
10.059204759381359,0.0,2.0,0.7353044673103956,1.0,1.0,0.0,0
31.03830850708517,2.0,0.0,0.4511498438981963,1.0,1.0,1.0,0
17.867077532078056,0.0,1.0,0.4915843636076159,1.0,0.0,0.0,1
18.255159886485316,1.0,0.0,0.3456552174346936,1.0,0.0,0.0,1
110.90591178188073,2.0,3.0,0.24433684226057,1.0,0.0,1.0,1
0.0,1.0,0.0,0.3616149650602132,0.0,0.0,0.0,0
0.0,0.0,0.0,0.3376245306903462,1.0,0.0,0.0,0
51.030633546219,1.0,1.0,0.2996538212551638,1.0,0.0,1.0,1
53.30630337635178,0.0,1.0,0.5188443664529507,1.0,1.0,0.0,0
32.59377934424587,0.0,2.0,0.8692560633673848,1.0,0.0,1.0,1
37.483657997830726,0.0,0.0,0.7325579951411024,1.0,1.0,1.0,0
4.528449623833412,2.0,0.0,0.4491659916611604,1.0,0.0,0.0,0
31.07844637278349,0.0,1.0,0.45150467877216255,1.0,0.0,0.0,0
36.7442095968,0.0,2.0,0.5401005873682052,1.0,1.0,1.0,1
3.8776507155206446,2.0,2.0,0.29887173970973757,1.0,0.0,1.0,1
5.663370326234172,0.0,2.0,0.4909844078740316,1.0,1.0,0.0,0
49.510500834479444,1.0,2.0,0.1788507834579395,1.0,1.0,0.0,1
12.829455052273554,0.0,0.0,0.48374282985925043,1.0,1.0,0.0,0
0.0,0.0,1.0,0.8038670466658066,1.0,0.0,0.0,0
114.3572959627374,2.0,0.0,0.10922470455741423,0.0,1.0,1.0,1
112.93459403005343,1.0,2.0,0.551385209154501,1.0,0.0,0.0,1
40.44498432584861,1.0,2.0,0.8446144176704328,1.0,0.0,0.0,1
22.837883265991255,2.0,0.0,0.9544020397242622,1.0,1.0,0.0,0
67.36941214858372,2.0,4.0,0.43292785975666886,1.0,1.0,0.0,1
0.0,0.0,0.0,0.6136137793826166,1.0,1.0,0.0,0
101.6508447858104,1.0,0.0,0.5879950155258526,1.0,0.0,0.0,0
18.536833375684925,1.0,4.0,0.3880015116763274,1.0,0.0,0.0,1
41.041174356380715,1.0,1.0,0.47439577281781214,1.0,0.0,1.0,1
57.39332532969337,2.0,4.0,0.5961528447717883,1.0,0.0,1.0,1
0.0,1.0,0.0,0.628508595386007,1.0,1.0,0.0,0
0.0,1.0,0.0,0.919081831142769,0.0,0.0,0.0,0
55.21937667888561,1.0,3.0,0.8056854527900953,1.0,1.0,1.0,1
58.37286465874944,1.0,3.0,0.3542606237764777,1.0,0.0,1.0,1
17.496432581762743,0.0,0.0,0.6095441926922879,0.0,0.0,1.0,0
80.83415536337768,0.0,2.0,0.49151152891561556,1.0,0.0,0.0,0
20.404062240803846,1.0,0.0,0.38572531905908636,1.0,0.0,1.0,0
6.600588101556838,1.0,2.0,0.31339814145615724,0.0,0.0,0.0,1
79.39457822870301,0.0,0.0,0.31485390226514565,1.0,0.0,1.0,0
41.30934319599529,0.0,0.0,0.284302103494717,1.0,1.0,0.0,1
62.513793996014336,2.0,0.0,0.4432467671634115,1.0,0.0,0.0,0
13.216619148642783,3.0,2.0,0.6527177083634983,1.0,1.0,1.0,0
23.100601657278048,1.0,2.0,0.8697144148864603,1.0,1.0,0.0,0
9.928846825821388,0.0,1.0,0.7822141920815223,0.0,0.0,0.0,0
73.50821481270228,0.0,2.0,0.20457158829580843,1.0,0.0,1.0,1
24.912289448552556,0.0,0.0,0.7073645786637731,1.0,1.0,0.0,0
11.218212693784615,0.0,1.0,0.44232448863735935,1.0,0.0,0.0,0
4.058649870479087,0.0,3.0,0.5746590351229222,1.0,0.0,0.0,0
6.401657143447148,0.0,1.0,0.6197258645437277,1.0,0.0,0.0,0
18.362592172372945,2.0,0.0,0.5099170708906121,1.0,1.0,0.0,0
17.892088802692896,1.0,1.0,0.3544899537250412,1.0,1.0,0.0,1
125.85126141547272,0.0,3.0,0.2636436980320861,0.0,1.0,0.0,1
42.267822368257846,1.0,1.0,0.37981366003237294,1.0,1.0,0.0,1
34.73813132438763,0.0,1.0,0.6802475260210087,1.0,0.0,0.0,0
44.97251761361028,1.0,1.0,0.4994475908057853,1.0,1.0,0.0,0
19.927751289255745,1.0,1.0,0.623618521670506,1.0,0.0,1.0,1
0.04321756145706068,1.0,0.0,0.7921329626239307,1.0,1.0,0.0,0
5.874702847283455,0.0,1.0,0.08910776948874505,1.0,1.0,0.0,0
38.50205383871477,1.0,0.0,0.49370440318229003,1.0,1.0,0.0,0
55.03120786022137,0.0,0.0,0.46553234843838914,1.0,0.0,0.0,0
47.94789369845832,0.0,2.0,0.836758665909887,1.0,0.0,1.0,0
43.113874725287026,0.0,2.0,0.4857579841004729,1.0,0.0,0.0,0
12.304817039406483,1.0,0.0,0.5978215861423463,1.0,0.0,1.0,0
4.114803437807364,1.0,1.0,0.75035249324757,1.0,1.0,0.0,1
37.04618660740225,0.0,3.0,0.3842392826520412,1.0,0.0,1.0,0
0.0,1.0,2.0,0.6887381154137803,1.0,0.0,1.0,1
33.31718935066279,2.0,2.0,0.16420642765138088,1.0,0.0,0.0,1
0.0,0.0,0.0,0.1347088665267034,1.0,0.0,0.0,0
84.56391179185691,2.0,1.0,0.21801548241318391,1.0,0.0,1.0,1
61.078156201890025,0.0,1.0,0.773993343791969,1.0,0.0,1.0,1
54.449011753944376,1.0,1.0,0.044688555160488946,0.0,0.0,1.0,1
51.64401310658662,1.0,0.0,0.8106318295226027,1.0,0.0,1.0,0
0.0,0.0,0.0,0.6244269150601306,1.0,1.0,0.0,0
3.581396883554005,3.0,4.0,0.847548380032326,1.0,0.0,0.0,1
69.88145915758804,0.0,0.0,0.5802322677999919,1.0,0.0,0.0,0
6.291410523678796,0.0,1.0,0.5306718885705881,1.0,1.0,1.0,0
0.0,0.0,0.0,0.647919865501025,1.0,0.0,1.0,0
144.6125872916552,0.0,1.0,0.6501888931807335,0.0,0.0,0.0,0
7.244681830672516,2.0,1.0,0.6280071551149632,1.0,1.0,0.0,0
0.0,0.0,1.0,0.5831066536914536,1.0,1.0,0.0,0
42.08642367429118,1.0,0.0,0.7849050378854203,1.0,1.0,0.0,0
10.561128437114364,2.0,3.0,0.417838149780138,1.0,1.0,0.0,0
36.54972399746091,0.0,3.0,0.8348794303819213,1.0,1.0,1.0,1
19.16527882651723,3.0,3.0,0.45093150039110086,1.0,0.0,0.0,1
17.99196019803074,0.0,0.0,0.8131731398507536,1.0,0.0,0.0,0
0.0,0.0,1.0,0.5097225115879341,1.0,1.0,1.0,0
39.05741785151348,0.0,1.0,0.2574763498496804,1.0,1.0,0.0,0
20.20402005957925,1.0,1.0,0.631719843192604,1.0,0.0,0.0,0
54.003500947695,1.0,0.0,0.40330129806423143,1.0,0.0,1.0,0
19.38642973007549,2.0,0.0,0.33821659252290304,1.0,1.0,0.0,1
8.585631482903032,0.0,3.0,0.7418167556689436,1.0,1.0,0.0,0
29.623815762016807,1.0,3.0,0.5376197614969924,1.0,0.0,1.0,1
98.94871970825895,1.0,1.0,0.8935548328621601,1.0,0.0,0.0,0
108.62000541170383,2.0,1.0,0.35001346714603204,1.0,1.0,1.0,1
0.0,1.0,0.0,0.5464414803948768,1.0,0.0,0.0,0
0.0,0.0,1.0,0.617090083177902,1.0,0.0,1.0,0
0.0,2.0,0.0,0.5129402756067198,1.0,0.0,0.0,0
23.62171589433845,2.0,1.0,0.6788625307866071,1.0,1.0,1.0,0
43.31491173532394,1.0,1.0,0.7210747167673135,1.0,1.0,1.0,1
32.64192880008129,1.0,3.0,0.1764009648521043,1.0,1.0,0.0,0
42.97777351805121,2.0,1.0,0.4414417432840867,1.0,1.0,1.0,0
24.581131676286837,0.0,1.0,0.8369343379278659,1.0,0.0,1.0,1
41.482872338142414,0.0,0.0,0.8040443552651498,1.0,1.0,0.0,1
7.5440853282518,3.0,4.0,0.7473341867048944,1.0,0.0,0.0,1
56.08638198555457,3.0,2.0,0.6887701257788765,1.0,0.0,1.0,1
0.0,1.0,0.0,0.4678900059789804,1.0,1.0,1.0,0
44.04260459230935,4.0,1.0,0.20084955547136846,0.0,0.0,1.0,1
52.02000095813072,1.0,1.0,0.8319983676725347,1.0,1.0,0.0,0
94.95284495423869,0.0,1.0,0.5992602288865659,1.0,1.0,0.0,1
9.550429370986466,1.0,0.0,0.8370946985693348,1.0,0.0,0.0,0
34.46023611005858,0.0,3.0,0.5764293196784172,1.0,0.0,0.0,1
68.6354714888986,4.0,3.0,0.4114614432783228,1.0,1.0,1.0,1
0.0,1.0,1.0,0.5542692680349499,1.0,1.0,0.0,0
22.78809122681941,1.0,1.0,0.2373282450821792,1.0,0.0,0.0,0
67.10371130120932,1.0,0.0,0.452182929906419,1.0,0.0,1.0,1
91.27770767785785,7.0,0.0,0.5207470309815836,0.0,1.0,1.0,0
5.125037056577607,1.0,1.0,0.6103113188028071,1.0,0.0,0.0,0
70.7330567426067,3.0,2.0,0.5491753360475222,0.0,0.0,0.0,1
18.239112291115156,0.0,1.0,0.5034545725049292,1.0,0.0,1.0,0
39.24859383614401,0.0,1.0,0.9342681064043205,0.0,0.0,1.0,0
20.911039072137513,0.0,0.0,0.19493176035962537,1.0,0.0,1.0,0
50.10771736832729,1.0,0.0,0.4304346134712981,1.0,0.0,1.0,1
114.99694680022509,2.0,2.0,0.3377539499523163,1.0,1.0,1.0,1
81.3370551497542,1.0,0.0,0.3491559664491417,1.0,1.0,0.0,0
41.6846168486588,0.0,1.0,0.3391360201932503,1.0,1.0,0.0,0
27.35797714285424,0.0,1.0,0.5765811901923228,1.0,1.0,0.0,0
3.410750761683275,0.0,0.0,0.45041706695876316,1.0,0.0,0.0,0
31.9380848821437,0.0,0.0,0.5949254525534706,1.0,0.0,1.0,1
40.30424951814623,2.0,4.0,0.37234866633002006,1.0,0.0,1.0,1
81.90158408412466,3.0,2.0,0.2892895061833866,1.0,0.0,1.0,1
0.0,0.0,3.0,0.654321062415546,1.0,1.0,0.0,0
7.371910809145481,0.0,0.0,0.3462708454556873,1.0,1.0,0.0,0
8.56757581286842,0.0,1.0,0.47275018003780606,1.0,1.0,0.0,0
5.800198155328149,1.0,1.0,0.5528901957810248,1.0,1.0,0.0,0
37.87646891899714,0.0,2.0,0.47694847405035834,1.0,0.0,1.0,1
30.108346192320205,2.0,0.0,0.6132544873083257,1.0,0.0,0.0,1
0.0,3.0,0.0,0.2092346623832156,1.0,1.0,1.0,0
65.75426500509091,4.0,4.0,0.6123385988474154,1.0,0.0,1.0,1
0.0,0.0,1.0,0.7554421364903179,0.0,1.0,0.0,0
99.12176402441212,0.0,0.0,0.5261217345752077,1.0,1.0,0.0,0
0.0,0.0,0.0,0.8879663359401363,1.0,0.0,0.0,1
11.58913860733336,2.0,0.0,0.22020185378549023,1.0,1.0,0.0,0
19.6852248008478,0.0,0.0,0.8225968515965114,1.0,0.0,1.0,0
1.6212697092205666,0.0,0.0,0.38286913464213934,1.0,0.0,1.0,0
2.051282746288109,0.0,1.0,0.8424723780783294,1.0,0.0,0.0,0
18.602078736530345,0.0,1.0,0.35344404953717057,1.0,1.0,0.0,0
37.04218412282653,1.0,1.0,0.32241697304366723,0.0,1.0,0.0,0
40.39794305914705,1.0,0.0,0.6681700118347402,1.0,0.0,0.0,0
24.380234023762792,1.0,1.0,0.5891597824404554,1.0,0.0,0.0,1
136.13901109254294,0.0,1.0,0.7625181324983703,1.0,0.0,1.0,0
31.6441161667053,1.0,1.0,0.6054351261407679,1.0,0.0,0.0,1
25.26156307204201,2.0,2.0,0.2943391842621079,0.0,1.0,0.0,1
2.234393009204637,1.0,2.0,0.7648732611173698,1.0,1.0,0.0,0
0.0,1.0,1.0,0.7098732629177923,1.0,0.0,0.0,1
72.99328197471046,1.0,3.0,0.527108720085226,1.0,1.0,0.0,1
42.33696424394046,2.0,0.0,0.6042623753171772,1.0,1.0,0.0,0
63.813528260412575,3.0,2.0,0.49678396407453146,1.0,0.0,0.0,0
31.198756953077073,2.0,1.0,0.5163544554543652,1.0,0.0,1.0,1
42.1121467632689,1.0,0.0,0.18963537600882882,1.0,1.0,0.0,0
23.480848332001,0.0,3.0,0.3443451402819684,1.0,0.0,0.0,0
45.62243901943436,7.0,0.0,0.49433287746012256,1.0,0.0,0.0,1
28.061413339105663,0.0,1.0,0.45516735520933677,1.0,1.0,0.0,1
39.220241278791235,2.0,1.0,0.37540327247460364,1.0,0.0,0.0,0
46.233609531008675,0.0,2.0,0.8500144471047505,1.0,1.0,1.0,1
17.919206343607655,0.0,1.0,0.43766131573966904,1.0,0.0,0.0,1
31.996138446432468,2.0,0.0,0.7039837277124468,1.0,0.0,0.0,0
24.26076751595464,2.0,0.0,0.647057062484089,1.0,0.0,1.0,1
22.888677218707848,0.0,1.0,0.8220729909917831,1.0,1.0,1.0,0
53.45593313826585,1.0,2.0,0.378740083230151,1.0,1.0,1.0,0
0.0,1.0,2.0,0.06408819260203935,1.0,0.0,0.0,1
103.38006077734208,3.0,1.0,0.43854676898157374,1.0,0.0,0.0,1
67.68756354673835,1.0,3.0,0.29723405373736955,1.0,0.0,1.0,1
14.192517397319977,0.0,0.0,0.40679315807787525,1.0,0.0,0.0,0
66.57638377909085,0.0,1.0,0.2989214126859135,1.0,1.0,0.0,0
9.439985719740754,1.0,3.0,0.7155331110905679,1.0,0.0,1.0,1
40.141002747574596,1.0,1.0,0.5918635885633419,1.0,1.0,0.0,0
12.214181399938402,0.0,2.0,0.8402086049892175,1.0,1.0,0.0,0
0.0,1.0,1.0,0.5125030463475394,0.0,1.0,0.0,0
96.05306320603475,1.0,0.0,0.7979390472482671,1.0,1.0,0.0,0
26.231332076389002,1.0,2.0,0.8685360208433045,1.0,0.0,0.0,0
0.0,1.0,0.0,0.7066383897797464,1.0,1.0,1.0,0
107.58774999144285,2.0,5.0,0.08548921242779316,0.0,0.0,0.0,0
0.0,0.0,0.0,0.48220707647620803,1.0,1.0,1.0,1
117.17255647351979,1.0,1.0,0.5552769651838766,0.0,0.0,0.0,0
40.97967640095719,2.0,2.0,0.6182499960266227,1.0,0.0,1.0,0
153.63329020500606,1.0,2.0,0.6689629921030853,1.0,0.0,0.0,1
37.8807340827023,0.0,3.0,0.40119103112669785,1.0,0.0,0.0,0
14.898185239876351,0.0,0.0,0.8302243550995577,1.0,1.0,0.0,0
25.15561983575385,0.0,1.0,0.1432552943348079,1.0,1.0,0.0,0
3.0294558756277237,0.0,0.0,0.8227983971474367,1.0,1.0,0.0,0
24.746531371248647,0.0,1.0,0.5576071687872529,1.0,1.0,1.0,1
0.0,0.0,0.0,0.2637998813109301,1.0,0.0,0.0,0
20.40121890975415,0.0,0.0,0.37707145807165876,1.0,1.0,1.0,0
52.831552659233864,1.0,1.0,0.4394480805905923,1.0,0.0,1.0,0
127.20176807969396,0.0,0.0,0.45985903792728733,1.0,1.0,0.0,0
0.0,1.0,2.0,0.7503769926775758,1.0,1.0,0.0,0
16.965460537360386,0.0,2.0,0.6393895631190238,1.0,1.0,0.0,0
54.32170220421533,2.0,2.0,0.6479851317840646,1.0,0.0,1.0,1
19.526702714803868,0.0,2.0,0.2713058354634993,1.0,0.0,0.0,0
16.833168809610925,1.0,1.0,0.2519265248937392,1.0,1.0,0.0,0
14.494066466476397,0.0,0.0,0.27914008543371405,1.0,1.0,0.0,0
97.81760951255836,5.0,0.0,0.269207366618994,1.0,0.0,1.0,1
38.05816827529152,2.0,1.0,0.2955753461408414,1.0,1.0,1.0,1
0.0,0.0,1.0,0.400468494549208,1.0,1.0,1.0,0
143.13751061578398,2.0,1.0,0.16418255550314279,1.0,0.0,1.0,1
18.87144764024969,0.0,0.0,0.4726493537601955,1.0,1.0,0.0,0
14.482821779237337,0.0,0.0,0.8684479190038998,1.0,0.0,0.0,0
22.98933207864834,0.0,1.0,0.49868858660869114,1.0,1.0,1.0,0
105.48563174515348,0.0,0.0,0.7115306308360961,1.0,0.0,0.0,0
8.509917919875729,0.0,0.0,0.9078096330115751,1.0,0.0,0.0,0
44.44193226250909,2.0,0.0,0.20066401157291805,1.0,0.0,1.0,0
41.583782432945114,0.0,2.0,0.6420361881799265,1.0,1.0,1.0,1
0.0,0.0,2.0,0.7931470117996328,1.0,0.0,0.0,0
28.496046310004203,0.0,0.0,0.5367944370767633,1.0,1.0,1.0,0
0.0,1.0,0.0,0.6476127964115957,1.0,1.0,1.0,1
57.452470760243585,1.0,1.0,0.9160913088321706,1.0,1.0,0.0,0
23.977284916456956,0.0,0.0,0.9001990542397557,1.0,0.0,0.0,0
83.79316891619543,2.0,1.0,0.03584427120734157,1.0,0.0,0.0,1
0.0,0.0,0.0,0.5535685060309717,1.0,0.0,0.0,0
66.74979287579768,2.0,1.0,0.7444216789744482,1.0,1.0,0.0,1
44.61916957934932,1.0,2.0,0.47135495412435596,1.0,1.0,0.0,0
22.670900135333113,0.0,2.0,0.6185472883611092,1.0,1.0,0.0,0
29.750761350005202,2.0,0.0,0.7603731131913185,1.0,1.0,0.0,0
31.358986365123325,1.0,0.0,0.2057484198079037,1.0,0.0,0.0,0
123.03585003219325,2.0,1.0,0.233034992263472,1.0,0.0,0.0,1
123.94984162627986,1.0,3.0,0.3316139628803051,1.0,0.0,0.0,0
56.928962332135384,1.0,2.0,0.7504224789179521,0.0,0.0,0.0,1
36.76500940740062,1.0,2.0,0.4628559209880597,1.0,0.0,0.0,0
82.15170043306537,0.0,1.0,0.5949863474219595,1.0,0.0,1.0,0
43.97021242788164,1.0,3.0,0.969839619915874,1.0,0.0,1.0,0
16.6126330596489,2.0,2.0,0.40847266785097,1.0,0.0,0.0,0
53.46229898125423,1.0,0.0,0.9726949333897827,1.0,1.0,1.0,0
5.944065540061994,0.0,1.0,0.8168108784671194,1.0,0.0,0.0,1
0.0,1.0,1.0,0.6545425336364197,1.0,0.0,0.0,0
46.07387522636471,1.0,0.0,0.38840039364476336,1.0,1.0,0.0,0
20.95204514070172,1.0,2.0,0.937163586722765,1.0,1.0,0.0,1
37.86948741815172,0.0,0.0,0.31261909365200596,1.0,1.0,0.0,0
104.91642322711058,4.0,2.0,0.22298654220539077,1.0,0.0,0.0,1
0.0,0.0,0.0,0.5706317653362896,1.0,0.0,0.0,0
37.24143131630681,1.0,1.0,0.6643311719870385,1.0,1.0,1.0,1
7.9815759310597185,0.0,0.0,0.7021945603388791,1.0,0.0,1.0,0
72.6297376888336,1.0,0.0,0.6174352790606739,0.0,0.0,1.0,1
0.0,0.0,0.0,0.17438447206992988,1.0,1.0,1.0,0
14.558998599774505,2.0,0.0,0.4899047049998391,1.0,1.0,0.0,0
24.084518818599488,0.0,0.0,0.8369606225669745,1.0,0.0,0.0,0
66.18185014627623,1.0,4.0,0.5904122862290441,0.0,0.0,0.0,1
0.0,0.0,1.0,0.5750884755446802,1.0,1.0,0.0,0
31.06950309506602,0.0,0.0,0.5691282700305684,0.0,0.0,0.0,0
75.95961706006702,0.0,1.0,0.8916721349218762,1.0,0.0,1.0,0
60.61648011747789,0.0,0.0,0.21171230826607781,1.0,0.0,1.0,0
99.63293323044624,1.0,1.0,0.2931240071585138,1.0,0.0,1.0,1
34.010716287063914,0.0,0.0,0.2390121144578306,1.0,0.0,0.0,0
73.01914960219436,5.0,2.0,0.5693742964157668,1.0,0.0,1.0,1
21.58738085986119,0.0,0.0,0.4487569488882705,1.0,1.0,0.0,0
0.0,0.0,0.0,0.5196244001763551,1.0,1.0,0.0,0
63.73285120064022,2.0,1.0,0.1511118704695135,0.0,0.0,1.0,1
0.0,0.0,0.0,0.592600736015458,1.0,0.0,0.0,0
20.717591429823898,1.0,1.0,0.6632739834114503,1.0,1.0,0.0,0
96.97187477060271,2.0,1.0,0.3061386000069843,1.0,0.0,0.0,1
30.05247062748773,1.0,5.0,0.3788074651643989,1.0,1.0,1.0,1
0.0,0.0,1.0,0.8715827765128671,1.0,0.0,0.0,1
14.215804141760657,0.0,1.0,0.6168390770090704,1.0,1.0,1.0,1
60.40004148482425,3.0,2.0,0.2684972283234452,1.0,0.0,0.0,1
34.271238035852065,3.0,2.0,0.7021448873781294,1.0,0.0,1.0,0
103.70924122430498,1.0,3.0,0.5060473294737972,1.0,0.0,1.0,1
28.989697470859817,2.0,2.0,0.1112849856953335,1.0,0.0,1.0,1
42.71946976651291,2.0,1.0,0.7330206790962684,1.0,1.0,1.0,1
34.7284459364881,2.0,0.0,0.5514166982772037,1.0,0.0,1.0,1
26.848525684814874,0.0,0.0,0.8025969686955684,1.0,0.0,0.0,0
7.168190770121111,1.0,0.0,0.7456631396007736,1.0,1.0,0.0,0
48.9555076136489,0.0,1.0,0.4604633657730426,1.0,1.0,1.0,1
15.60697577386216,0.0,1.0,0.636332557901006,1.0,0.0,1.0,0
57.54882803844211,4.0,3.0,0.12865032541855642,1.0,0.0,1.0,1
38.38239609047469,0.0,0.0,0.7325980711270558,1.0,1.0,0.0,0
80.53402712557566,3.0,0.0,0.2798577620231129,1.0,1.0,1.0,1
48.14966787257714,2.0,2.0,0.7566896599486952,0.0,0.0,1.0,1
65.56130631884669,1.0,1.0,0.5083991165409077,1.0,0.0,0.0,1
41.81410598010936,1.0,1.0,0.4496449174511503,1.0,1.0,0.0,0
30.907197641144244,0.0,0.0,0.28708088064245313,1.0,1.0,0.0,1
22.504497527794246,2.0,2.0,0.9171135004220873,1.0,1.0,0.0,0
138.17609457020941,3.0,2.0,0.5203342320941818,0.0,0.0,1.0,1
10.658798423482398,1.0,1.0,0.5306762545433923,1.0,0.0,0.0,1
8.651647377311946,0.0,0.0,0.49749292025776604,1.0,1.0,1.0,0
10.754351252540843,0.0,1.0,0.8554067549384833,0.0,1.0,0.0,1
88.89026083234711,3.0,2.0,0.2917011482426689,0.0,0.0,0.0,1
21.03407057108228,0.0,1.0,0.4182186700065248,1.0,1.0,1.0,0
22.877235715521547,0.0,1.0,0.7259567297947069,1.0,0.0,1.0,1
0.0,1.0,0.0,0.511038403846213,1.0,1.0,1.0,0
76.95781314937504,0.0,0.0,0.35196686627137236,1.0,0.0,1.0,0
0.0,0.0,1.0,0.6031709754518189,0.0,1.0,0.0,0
16.573977316987456,4.0,3.0,0.37268756593786845,0.0,0.0,1.0,1
8.03150500836125,1.0,0.0,0.7420789457519491,0.0,1.0,0.0,0
0.0,0.0,1.0,0.7152907736218246,1.0,0.0,0.0,0
99.99880023072643,1.0,1.0,0.20738635362696847,1.0,0.0,1.0,0
60.1095926508644,1.0,0.0,0.8383968682387732,1.0,0.0,0.0,0
1.6138776736203968,0.0,0.0,0.6226683805661322,1.0,1.0,1.0,0
64.92271763503912,0.0,0.0,0.357996526744623,0.0,0.0,0.0,0
138.33213943508588,0.0,1.0,0.8555585308282431,1.0,1.0,1.0,0
37.49351849533393,0.0,1.0,0.6128564704178321,1.0,0.0,0.0,1
0.0,1.0,2.0,0.5689018361287903,0.0,1.0,1.0,0
2.634021506745019,0.0,2.0,0.5235132223759148,1.0,1.0,1.0,0
46.12537710417658,1.0,1.0,0.4317351555178567,1.0,1.0,0.0,0
45.56273270398236,0.0,1.0,0.6371710231204256,1.0,1.0,0.0,0
37.72301828126644,0.0,2.0,0.7716750789042212,1.0,0.0,1.0,1
18.547113369834072,0.0,2.0,0.8232940327910007,1.0,1.0,0.0,0
13.594296689960657,0.0,0.0,0.9191303821986683,1.0,1.0,1.0,1
30.21826071691377,1.0,0.0,0.7707590852173883,1.0,1.0,0.0,0
26.664874937680693,0.0,0.0,0.3580377069689297,1.0,1.0,1.0,0
6.147684269799045,0.0,0.0,0.5016193723847662,1.0,1.0,1.0,0
15.442219128195497,1.0,1.0,0.6201509124213183,1.0,0.0,1.0,0
0.0,1.0,2.0,0.4535438519249065,1.0,1.0,0.0,0
3.8158866129736335,0.0,0.0,0.6058689950690529,1.0,0.0,0.0,0
93.7031774185152,2.0,1.0,0.45672336860254825,1.0,1.0,1.0,1
19.25442053822588,0.0,1.0,0.7841905231476087,1.0,0.0,0.0,0
49.791078083173275,0.0,0.0,0.9282964250579452,1.0,1.0,0.0,0
44.68126364825938,1.0,0.0,0.15449031084970763,1.0,0.0,1.0,1
36.45546004385879,0.0,2.0,0.7437596608073637,1.0,1.0,0.0,0
0.42127541649803657,1.0,1.0,0.32608082251936277,1.0,1.0,0.0,0
17.751234952569803,1.0,0.0,0.3368741152266617,1.0,1.0,1.0,0
24.745317694385037,0.0,0.0,0.9699447385619422,1.0,0.0,0.0,0
21.769756331038884,0.0,0.0,0.8692509801620416,1.0,0.0,0.0,0
27.048644652895028,2.0,3.0,0.3174103343385547,1.0,0.0,1.0,1
24.373949252057166,0.0,1.0,0.7304083331945013,1.0,0.0,1.0,1
17.392640935334562,2.0,1.0,0.3121358211742049,1.0,1.0,1.0,0
38.35775359751118,1.0,2.0,0.42504518999653407,1.0,0.0,1.0,1
22.423531858281965,1.0,0.0,0.4305667915299719,1.0,1.0,0.0,0
57.791848171583105,2.0,2.0,0.0402625625726531,1.0,1.0,1.0,0
14.121757126098757,1.0,0.0,0.47785082976197807,1.0,1.0,0.0,0
18.626028737134547,1.0,1.0,0.7901401423297881,1.0,0.0,0.0,0
0.0,2.0,1.0,0.6731177084173398,1.0,1.0,0.0,0
15.919828423063517,0.0,0.0,0.7284986698033066,1.0,0.0,0.0,0
65.26183814619438,3.0,3.0,0.5069465715991902,1.0,1.0,1.0,1
0.0,0.0,0.0,0.48567781983026737,1.0,0.0,1.0,1
4.593313319112829,1.0,0.0,0.47783026129903955,1.0,1.0,0.0,0
74.16219066352404,2.0,1.0,0.27249199876024377,1.0,1.0,0.0,1
12.4441245583122,1.0,0.0,0.755377269106168,0.0,1.0,1.0,0
0.0,0.0,0.0,0.702247959705183,0.0,0.0,1.0,1
40.14385770009719,2.0,0.0,0.544721033266258,1.0,0.0,1.0,1
57.92937160422302,1.0,1.0,0.6903608111597194,1.0,0.0,0.0,0
0.0,1.0,1.0,0.6003274449596384,1.0,0.0,0.0,0
0.0,2.0,0.0,0.3335517805801382,1.0,0.0,0.0,0
40.031028533720395,0.0,0.0,0.5692051147225113,1.0,1.0,0.0,0
74.3707453336002,0.0,2.0,0.7419877335870102,1.0,0.0,0.0,1
0.0,0.0,1.0,0.6509716521128334,1.0,1.0,0.0,0
30.901800035250968,0.0,2.0,0.7333130652301998,1.0,1.0,0.0,0
55.02775220317868,0.0,1.0,0.7288832943334577,1.0,0.0,0.0,0
40.320378093184445,0.0,0.0,0.638659256402637,1.0,1.0,0.0,0
8.680718575927944,1.0,3.0,0.7217546080073226,1.0,0.0,1.0,1
38.62734341545338,1.0,1.0,0.2836372224787169,1.0,0.0,0.0,0
27.947616929443132,1.0,2.0,0.3052942429535933,1.0,1.0,0.0,0
64.70607949988434,0.0,1.0,0.4301699277574565,1.0,1.0,0.0,1
30.71791394284314,0.0,0.0,0.5086795619575106,1.0,0.0,1.0,0
0.0,1.0,2.0,0.2989382337180406,1.0,1.0,0.0,1
25.10405017588912,0.0,0.0,0.6297070211523189,0.0,0.0,0.0,0
24.17696049588784,1.0,2.0,0.6447778406318095,1.0,1.0,1.0,1
0.0,0.0,1.0,0.6979196143964648,1.0,1.0,0.0,0
2.2356124897247827,1.0,1.0,0.565267785976428,1.0,0.0,0.0,0
18.97345355890353,0.0,1.0,0.38889676501323095,1.0,1.0,0.0,0
0.0,0.0,2.0,0.6919995598433388,1.0,1.0,0.0,0
22.983504976117786,1.0,1.0,0.8044524602833224,1.0,0.0,0.0,1
23.266237095733125,3.0,3.0,0.617641090447273,1.0,0.0,0.0,0
0.0,0.0,1.0,0.4219309116697335,1.0,0.0,1.0,0
96.41231354905051,2.0,1.0,0.033575128018135864,1.0,1.0,1.0,1
48.04637548066379,2.0,4.0,0.8482872826100837,1.0,0.0,0.0,1
49.61537093687726,1.0,2.0,0.35418839728765716,1.0,0.0,1.0,1
0.0,0.0,1.0,0.6674484491519622,0.0,1.0,1.0,0
0.0,0.0,0.0,0.7105742317479485,1.0,0.0,0.0,0
26.54614712343877,0.0,0.0,0.5915521933178692,1.0,0.0,0.0,0
18.00754941016247,0.0,1.0,0.41884645263449405,1.0,0.0,0.0,0
30.876458558659102,0.0,0.0,0.29356424197055,1.0,0.0,0.0,0
30.276601030323043,0.0,1.0,0.5420063931445962,1.0,1.0,1.0,0
9.60353105926463,0.0,0.0,0.9126566489864276,1.0,1.0,1.0,0
5.302520311631275,1.0,1.0,0.46454486802689754,0.0,0.0,0.0,0
38.312534335324614,1.0,2.0,0.3653209665544083,0.0,0.0,1.0,0
27.154588988280235,0.0,1.0,0.36981101497522034,1.0,1.0,0.0,1
25.48529427496301,0.0,3.0,0.9685223358835036,1.0,1.0,1.0,1
30.753728316248342,0.0,2.0,0.7395654684659317,1.0,1.0,1.0,1
0.0,1.0,1.0,0.5538393061117877,1.0,1.0,1.0,1
4.450681673958396,0.0,0.0,0.8329852405036603,1.0,1.0,0.0,0
17.764139115685897,0.0,1.0,0.4031649140840366,1.0,1.0,0.0,0
0.8265831029536432,0.0,0.0,0.4924838810347907,1.0,1.0,0.0,0
8.013148958780574,1.0,2.0,0.5079869913917316,1.0,0.0,1.0,1
0.0,3.0,1.0,0.24293762442658096,1.0,0.0,0.0,0
34.656262986822,1.0,3.0,0.610578531137348,1.0,1.0,1.0,1
77.48669527695323,2.0,2.0,0.14285965647896146,1.0,0.0,1.0,1
15.634808515445192,0.0,0.0,0.269790294681812,1.0,0.0,0.0,0
64.33311336869126,0.0,0.0,0.2440213568554148,1.0,0.0,0.0,1
73.91967806853482,3.0,2.0,0.27589132303435693,1.0,0.0,1.0,1
22.994429190884162,0.0,0.0,0.7280010788160296,1.0,1.0,0.0,0
70.68249022595461,2.0,0.0,0.8670121139511912,0.0,1.0,1.0,0
0.0,0.0,1.0,0.6152007840012799,1.0,0.0,0.0,0
35.131115347154825,0.0,3.0,0.31094936481949265,1.0,1.0,1.0,0
0.0,0.0,0.0,0.559306181999889,1.0,0.0,1.0,1
53.372304393049305,1.0,6.0,0.7404443510370432,0.0,1.0,1.0,1
18.157100239551898,0.0,1.0,0.8655642371963206,1.0,1.0,1.0,0
7.447223266385894,1.0,0.0,0.6560402884580668,1.0,0.0,0.0,1
63.41157119305016,1.0,1.0,0.8612493788440652,1.0,1.0,0.0,0
14.074467934073226,0.0,1.0,0.8131006296439299,1.0,0.0,0.0,0
52.896706334002374,2.0,2.0,0.5331255663473861,1.0,0.0,0.0,0
0.0,0.0,0.0,0.8435427044647485,1.0,1.0,0.0,0
52.9345311124067,3.0,3.0,0.24582774584800224,0.0,0.0,1.0,1
49.57053715946847,3.0,2.0,0.42701661286794773,1.0,0.0,1.0,1
2.8543303051097944,0.0,0.0,0.5489778003363717,0.0,0.0,0.0,0
29.605750876155614,0.0,1.0,0.5682516536779443,1.0,0.0,0.0,0
0.0,1.0,0.0,0.669395292666886,1.0,1.0,1.0,0
81.19013444336203,4.0,2.0,0.2875779421812021,1.0,0.0,1.0,1
31.670925328781987,0.0,1.0,0.28664866595108546,1.0,1.0,0.0,0
2.721600423115836,0.0,2.0,0.36452296878801005,1.0,0.0,1.0,0
6.132380850483191,2.0,1.0,0.5969104794066106,1.0,0.0,0.0,0
37.6530865461479,1.0,0.0,0.44657361833019804,1.0,1.0,0.0,0
43.25372181489033,0.0,1.0,0.8803518428095833,1.0,0.0,0.0,0
8.867221463252143,1.0,3.0,0.31689024461725174,1.0,1.0,1.0,1
0.0,1.0,1.0,0.330298685295628,1.0,1.0,1.0,0
92.98757063605542,2.0,1.0,0.4796362637064621,1.0,1.0,0.0,1
85.83704893036996,2.0,0.0,0.529100232311071,1.0,1.0,1.0,1
53.691787595850776,1.0,0.0,0.9217750663886325,1.0,1.0,1.0,0
40.009368852598485,0.0,0.0,0.837244613561489,1.0,1.0,1.0,1
82.01327426650211,0.0,0.0,0.8166682949135587,1.0,1.0,0.0,0
66.18445515328862,3.0,1.0,0.45101543141059963,1.0,1.0,1.0,1
66.32121595682091,5.0,5.0,0.4653335256601246,1.0,0.0,1.0,1
56.79045050164147,1.0,0.0,0.5596794558539722,1.0,0.0,0.0,0
29.849536162467423,0.0,0.0,0.701407129437256,1.0,1.0,1.0,0
54.072856495520945,1.0,2.0,0.6650782513417524,1.0,0.0,1.0,1
41.67030506795696,1.0,2.0,0.5559966802815417,1.0,1.0,0.0,1
16.208834419685765,3.0,1.0,0.33731770047940973,1.0,0.0,1.0,1
62.68851153967672,0.0,0.0,0.5255734270336324,1.0,1.0,0.0,0
37.30849439161428,0.0,1.0,0.1757107751959513,1.0,0.0,0.0,0
48.99893146831227,0.0,2.0,0.5723859430659856,1.0,0.0,1.0,1
17.929029952133682,1.0,1.0,0.5577185171300597,1.0,0.0,1.0,1
76.39370203174164,2.0,1.0,0.5489887643811431,1.0,0.0,1.0,1
15.185987911264881,0.0,0.0,0.6853217544347703,1.0,1.0,1.0,0
11.838970035718809,0.0,0.0,0.9860082092818119,1.0,1.0,0.0,0
78.68568804234167,0.0,0.0,0.6446951397195724,1.0,1.0,1.0,0
17.32518699522898,0.0,1.0,0.8836036848286909,1.0,0.0,1.0,0
64.59693270864577,2.0,1.0,0.8232078521343239,1.0,0.0,1.0,1
86.54891126036058,0.0,5.0,0.4261140975445781,0.0,1.0,1.0,1
4.896324694086317,2.0,0.0,0.5108728463712562,1.0,1.0,0.0,0
52.73565850527065,2.0,2.0,0.13115910905324438,1.0,1.0,0.0,0
32.45398169799274,0.0,2.0,0.40720231872483276,1.0,0.0,1.0,1
34.32498534882402,0.0,2.0,0.4824410452129696,1.0,1.0,0.0,1
80.49302189315502,1.0,4.0,0.3381347664950173,1.0,0.0,0.0,1
34.36506174683777,2.0,0.0,0.4172298510748393,1.0,1.0,1.0,0
25.970144835967595,0.0,0.0,0.6960210096716664,1.0,0.0,0.0,0
39.33788085957633,0.0,0.0,0.44509328503328266,1.0,0.0,1.0,0
24.84689959386717,1.0,1.0,0.8798232915496228,1.0,1.0,1.0,0
9.871146238942199,0.0,0.0,0.8799371792355497,1.0,1.0,1.0,0
118.44072591882528,2.0,2.0,0.6814115063772338,1.0,0.0,0.0,1
6.795121591469531,1.0,0.0,0.5391453855775851,1.0,1.0,0.0,0
20.190359606541154,1.0,0.0,0.5361557882816932,1.0,1.0,1.0,0
42.26911436866406,0.0,3.0,0.3875047373002817,1.0,0.0,0.0,1
28.11440593017569,0.0,2.0,0.9275849221840334,1.0,0.0,0.0,0
4.404711033440892,3.0,1.0,0.5715250254319276,1.0,0.0,1.0,0
0.0,0.0,0.0,0.6514634621473508,1.0,1.0,0.0,0
29.75925601125676,2.0,0.0,0.9189660938636919,1.0,1.0,0.0,0
29.942114014686112,2.0,1.0,0.6655705218290952,1.0,0.0,0.0,1
71.89175733560931,1.0,1.0,0.30125287112277843,0.0,0.0,1.0,1
92.81104700093617,1.0,1.0,0.20559569997114896,1.0,0.0,0.0,1
19.838726246612165,0.0,2.0,0.6069084081412797,1.0,0.0,0.0,0
45.304154805590464,0.0,1.0,0.494767088557069,1.0,1.0,0.0,0
81.24690519204087,2.0,3.0,0.29822851516106214,0.0,0.0,0.0,1
36.229127462247824,1.0,0.0,0.5754231649391274,1.0,0.0,0.0,0
39.68510353594441,1.0,1.0,0.4726544061425183,1.0,0.0,1.0,0
28.52146522789043,2.0,2.0,0.7792672845921208,1.0,0.0,0.0,0
10.109849578385422,3.0,0.0,0.8254304006832727,1.0,1.0,0.0,0
7.516463444592949,1.0,0.0,0.4699463426329507,1.0,0.0,0.0,1
28.539771398473526,0.0,0.0,0.6958111269589807,1.0,1.0,0.0,0
28.695958587015227,1.0,2.0,0.8795189771549323,0.0,0.0,1.0,1
33.44634938527227,1.0,0.0,0.45193638433882805,1.0,0.0,1.0,1
7.943646849394476,0.0,1.0,0.8408834357875482,1.0,1.0,0.0,0
93.91549817454829,0.0,2.0,0.880266457644909,1.0,0.0,1.0,0
70.20873975096796,1.0,2.0,0.1247397522010281,1.0,0.0,0.0,1
30.05797716526304,4.0,2.0,0.17265111882187498,1.0,1.0,1.0,1
20.990600996071223,1.0,3.0,0.6105731535282167,0.0,1.0,0.0,1
48.5842304146897,0.0,2.0,0.3865147261891228,1.0,0.0,1.0,1
78.30853908037878,3.0,3.0,0.21312067852459238,1.0,0.0,1.0,1
15.57290412054369,0.0,0.0,0.6212603544241585,1.0,1.0,0.0,1
36.74515060949982,3.0,4.0,0.4193416721754647,1.0,1.0,0.0,1
0.0,2.0,1.0,0.42304734239733016,1.0,1.0,0.0,0
2.524433769159577,0.0,0.0,0.8410296159599,1.0,0.0,0.0,0
66.51559623323355,0.0,0.0,0.8584655801644782,1.0,1.0,0.0,0
18.451115960872134,1.0,0.0,0.5822027014425737,1.0,1.0,0.0,0
51.70710170277569,1.0,1.0,0.33527643716316696,1.0,0.0,0.0,0
18.43620014283217,0.0,2.0,0.5642177097562324,1.0,1.0,0.0,0
96.64744783300978,3.0,4.0,0.2662596332714081,0.0,0.0,1.0,1
0.0,1.0,2.0,0.1610062140140917,1.0,1.0,0.0,0
9.128093769616369,2.0,0.0,0.7452587358029465,1.0,0.0,0.0,0
40.1357895026536,0.0,0.0,0.349968456037471,1.0,0.0,0.0,0
154.93999315264588,0.0,0.0,0.533460934875527,1.0,0.0,1.0,1
0.0,1.0,2.0,0.9378240499578674,1.0,1.0,0.0,0
10.570615630453716,0.0,3.0,0.15722977210823993,1.0,1.0,0.0,0
38.05344963065369,0.0,0.0,0.36352905586317996,1.0,0.0,1.0,0
38.06998016864911,2.0,3.0,0.7680391929142453,1.0,0.0,1.0,1
61.95675234673104,0.0,2.0,0.9737083973862859,1.0,1.0,1.0,0
125.01221158955343,3.0,3.0,0.04040217570085488,1.0,0.0,1.0,1
62.486234763800724,1.0,2.0,0.10735089925945174,1.0,0.0,1.0,1
16.31738996847093,0.0,0.0,0.24622949955097498,1.0,1.0,0.0,0
32.99797731371499,0.0,3.0,0.6999786548695452,1.0,0.0,1.0,0
60.772208396155236,0.0,1.0,0.4841482955692464,0.0,1.0,1.0,0
1.309671292463939,0.0,3.0,0.6246111513327617,1.0,0.0,0.0,0
26.123297434691835,0.0,1.0,0.5190281263076171,1.0,0.0,0.0,0
2.5635745724135264,1.0,0.0,0.8275093655932078,1.0,1.0,0.0,0
41.065129824568864,0.0,0.0,0.5770121329347584,1.0,0.0,0.0,0
30.34738474153755,2.0,0.0,0.7165575428889879,1.0,0.0,0.0,0
44.30878346288688,1.0,1.0,0.8321764518072877,1.0,1.0,0.0,0
39.3953403561027,0.0,2.0,0.6114641578933524,1.0,1.0,0.0,0
37.84140828185873,2.0,0.0,0.6569013001538385,1.0,1.0,1.0,0
11.7224643148546,0.0,1.0,0.8836176017246201,1.0,0.0,0.0,0
11.509563445998143,0.0,3.0,0.6576935520034727,1.0,0.0,0.0,0
7.661317408202898,0.0,3.0,0.13965360749479938,1.0,0.0,0.0,0
25.23828801558208,0.0,0.0,0.6892822729878109,1.0,0.0,0.0,0
39.92269523731967,0.0,0.0,0.8241810739420075,1.0,1.0,1.0,0
15.926229241321725,0.0,0.0,0.8926893197152019,1.0,0.0,0.0,0
15.633465906459499,1.0,2.0,0.10857027612617605,1.0,0.0,1.0,1
22.25018801065692,0.0,0.0,0.2621231522141845,1.0,1.0,0.0,0
27.826661527034307,0.0,3.0,0.468666673687391,1.0,1.0,0.0,0
34.87457287133997,1.0,2.0,0.29457732795410185,1.0,0.0,1.0,0
41.67012508007727,1.0,0.0,0.5006110245569625,1.0,1.0,0.0,0
47.775238354175166,1.0,0.0,0.06973103238349328,1.0,0.0,1.0,1
5.989239664450864,2.0,0.0,0.33005468142039085,1.0,1.0,1.0,1
21.690522293842683,0.0,2.0,0.7351283822249837,1.0,1.0,0.0,0
24.925497306552945,5.0,6.0,0.38520259572862137,1.0,1.0,0.0,1
49.60702191487823,0.0,1.0,0.629755928886801,1.0,1.0,0.0,1
29.026367482853612,0.0,1.0,0.16243426522482204,0.0,1.0,0.0,0
28.44386326868414,1.0,1.0,0.4277340896140987,0.0,0.0,1.0,1
36.501319547142124,5.0,1.0,0.5623146082424003,0.0,0.0,0.0,1
39.154759199234704,0.0,1.0,0.9002868700776464,1.0,1.0,0.0,0
71.87674221853311,3.0,0.0,0.08078728648409195,1.0,0.0,0.0,1
41.841173934462475,2.0,3.0,0.37591335714686314,1.0,0.0,1.0,1
70.84990186521645,0.0,0.0,0.3292350967335794,1.0,0.0,1.0,1
73.79863981900498,4.0,2.0,0.3235341468935965,1.0,1.0,1.0,1
0.0,0.0,0.0,0.8999433154965053,1.0,0.0,0.0,1
4.651710057524525,0.0,0.0,0.9656046054174725,1.0,1.0,1.0,0
6.656502139503578,0.0,0.0,0.47973903303372273,1.0,1.0,0.0,0
42.67599223991974,1.0,2.0,0.7534370381789394,1.0,1.0,0.0,0
0.0,2.0,0.0,0.8105784022621999,1.0,0.0,1.0,0
0.0,0.0,1.0,0.205691963211388,1.0,0.0,0.0,0
0.0,0.0,0.0,0.8376944277452056,1.0,0.0,0.0,0
0.0,0.0,1.0,0.4252074681997723,1.0,1.0,0.0,0
0.0,0.0,0.0,0.2835970793011624,1.0,1.0,1.0,0
0.0,0.0,0.0,0.7269392936815722,1.0,0.0,0.0,0
27.479057821948658,0.0,0.0,0.5527812132842947,1.0,1.0,0.0,0
0.0,0.0,1.0,0.5590207629725881,1.0,1.0,1.0,0
93.53339900203768,0.0,2.0,0.38420552866924645,1.0,1.0,1.0,1
26.108816242919204,1.0,0.0,0.458292431740647,1.0,1.0,0.0,0
18.67788729553122,0.0,1.0,0.5232319661499092,1.0,0.0,0.0,1
18.309498937397045,2.0,0.0,0.7592163889622248,1.0,1.0,0.0,0
17.378051379146317,1.0,1.0,0.9363414596442993,1.0,1.0,0.0,0
8.87145327154435,1.0,1.0,0.6802126257960479,1.0,0.0,1.0,0
95.62593607534173,1.0,1.0,0.6028074881275077,1.0,0.0,1.0,1
27.299190274010897,1.0,0.0,0.6352133742781686,1.0,1.0,0.0,0
24.462380057138887,0.0,0.0,0.4485400509938311,1.0,1.0,0.0,0
30.505426178622788,1.0,1.0,0.6004437784916686,1.0,1.0,0.0,0
7.5073553295743185,0.0,0.0,0.7909597315020492,1.0,0.0,0.0,0
13.680363984363884,1.0,1.0,0.8882496787241971,1.0,0.0,0.0,0
14.262978126563983,2.0,1.0,0.7660810698969784,0.0,0.0,0.0,1
122.73858516746967,2.0,3.0,0.49093397466963257,0.0,0.0,0.0,1
1.9895127500506433,0.0,1.0,0.5461709346481014,1.0,1.0,1.0,0
134.54256592009784,1.0,1.0,0.3368133754756466,1.0,1.0,0.0,1
0.0,0.0,0.0,0.9049107400468378,1.0,1.0,0.0,0
26.216067037324866,1.0,1.0,0.2821831631126724,0.0,1.0,1.0,1
47.23466732456787,0.0,0.0,0.7225294609493482,1.0,1.0,0.0,0
10.500540509666429,0.0,2.0,0.33254850895562127,1.0,0.0,0.0,0
0.0,1.0,0.0,0.8155757845723346,1.0,1.0,0.0,0
0.024602628115193426,0.0,1.0,0.6675292233240725,1.0,1.0,1.0,0
0.0,0.0,0.0,0.517691391365073,1.0,0.0,0.0,0
115.95115907249378,5.0,3.0,0.1406334353974418,1.0,0.0,1.0,0
27.78355527911156,3.0,1.0,0.8309045169450137,1.0,0.0,1.0,1
13.581138984353977,0.0,0.0,0.49522333943813185,1.0,0.0,1.0,0
33.03548526141131,2.0,1.0,0.09216791209532395,1.0,0.0,1.0,1
39.8786676900592,0.0,1.0,0.7524257115811854,1.0,1.0,0.0,0
1.7965081458229575,0.0,3.0,0.7669055000040002,1.0,0.0,0.0,0
12.121114846824145,1.0,2.0,0.5994557532529652,1.0,0.0,1.0,1
0.0,0.0,0.0,0.5149990486508619,1.0,1.0,0.0,0
6.059956545223059,0.0,0.0,0.7174575575200246,0.0,0.0,0.0,0
53.10768866291903,2.0,2.0,0.9717368191305645,1.0,0.0,0.0,0
91.42274295037194,3.0,2.0,0.5574331452469765,0.0,0.0,1.0,1
3.6893468873856743,1.0,1.0,0.831894208351036,1.0,0.0,0.0,0
16.39936757054067,0.0,3.0,0.6730397419603275,1.0,1.0,0.0,0
20.995469507927798,0.0,0.0,0.747638315211564,1.0,0.0,0.0,0
5.846856865818115,1.0,1.0,0.2959862869137598,1.0,0.0,0.0,0
9.417886442871119,0.0,1.0,0.5616653793208188,1.0,1.0,0.0,0
0.0,1.0,0.0,0.6872101480630302,1.0,0.0,0.0,0
64.4735988607113,0.0,0.0,0.4701867578029528,1.0,0.0,0.0,0
63.60171763031659,0.0,3.0,0.46288631475884007,1.0,0.0,1.0,1
5.16629619778584,0.0,1.0,0.3215257176929267,1.0,0.0,0.0,0
76.02972613057186,0.0,1.0,0.6742971479730252,1.0,1.0,0.0,0
57.4208695373538,3.0,1.0,0.17360968113922845,0.0,0.0,0.0,1
27.47857819390668,1.0,0.0,0.6532518354439827,1.0,0.0,1.0,0
67.11126690559047,0.0,2.0,0.7229818999240252,1.0,0.0,0.0,0
0.7984480039148959,0.0,1.0,0.6573774500803523,0.0,0.0,1.0,0
9.679181121718972,0.0,1.0,0.6367254880267605,1.0,0.0,0.0,0
29.925942934924084,0.0,1.0,0.5226407110623433,1.0,0.0,0.0,0
0.0,1.0,0.0,0.8640889178946032,1.0,1.0,0.0,0
8.164438909699067,0.0,1.0,0.35394788175166403,1.0,1.0,0.0,0
14.442325877614621,0.0,0.0,0.39938410683744374,1.0,0.0,1.0,0
8.397102698728075,0.0,1.0,0.7810809591419406,1.0,0.0,1.0,1
17.025648231452283,2.0,4.0,0.746907832189621,1.0,0.0,1.0,0
53.44086915104222,0.0,1.0,0.8870980956034762,1.0,0.0,1.0,0
51.28295181273275,2.0,1.0,0.5037925170718072,1.0,1.0,1.0,0
38.03317899288511,1.0,2.0,0.8888452426870294,1.0,1.0,0.0,0
15.603204679477308,1.0,1.0,0.518479197177555,1.0,0.0,0.0,1
105.66144089894559,1.0,1.0,0.15312628613763743,0.0,0.0,1.0,1
44.98780008988099,0.0,3.0,0.4507347396540746,1.0,0.0,0.0,1
20.255272609109305,3.0,0.0,0.7076928227776564,0.0,1.0,0.0,0
0.0,1.0,2.0,0.8763466292789514,0.0,0.0,0.0,0
27.608557118497465,0.0,3.0,0.38148319291625576,1.0,0.0,0.0,1
65.7752280414636,0.0,2.0,0.277498270112286,1.0,1.0,0.0,0
0.0,1.0,1.0,0.7345886669650749,1.0,1.0,0.0,0
1.3747870399800952,0.0,1.0,0.36496353506894963,1.0,1.0,0.0,0
34.502199440495545,0.0,3.0,0.8710253147672337,1.0,1.0,1.0,1
8.495164855765195,0.0,0.0,0.7351388010788923,1.0,0.0,0.0,0
13.78552276440859,0.0,5.0,0.39419956293741765,0.0,0.0,1.0,0
69.9654288918104,1.0,1.0,0.8939192593117214,1.0,1.0,0.0,0
104.13264758545427,0.0,2.0,0.6364186140572957,1.0,0.0,0.0,1
0.0,0.0,0.0,0.8295098601705132,1.0,0.0,1.0,0
11.535295702316574,1.0,1.0,0.6530223887572385,1.0,1.0,0.0,0
42.90710124280186,1.0,3.0,0.32454475259303084,1.0,0.0,1.0,0
16.5769281175372,1.0,0.0,0.8676560603255994,1.0,0.0,0.0,0
42.13229971359169,3.0,3.0,0.5256571169723163,0.0,0.0,0.0,0
0.0,0.0,0.0,0.8648434265311481,1.0,1.0,0.0,0
45.217797932934715,0.0,1.0,0.7676290792614525,1.0,1.0,0.0,0
26.94601592714239,0.0,0.0,0.7045261149942954,1.0,0.0,1.0,0
48.78574919703715,1.0,0.0,0.6779842931886725,1.0,0.0,0.0,0
115.2984275340715,3.0,3.0,0.03538224995672268,1.0,0.0,1.0,1
52.38194513109262,0.0,0.0,0.7416824993131832,1.0,1.0,0.0,0
93.40603363802363,0.0,1.0,0.3745955823979935,0.0,0.0,0.0,1
49.22931703721481,0.0,1.0,0.5284792895198339,1.0,0.0,1.0,1
22.796461720026247,4.0,2.0,0.8723125632199403,1.0,0.0,1.0,1
19.900952299570573,0.0,3.0,0.5672193584266172,1.0,0.0,0.0,0
31.90034010681287,2.0,3.0,0.8162497642096613,0.0,0.0,1.0,1
5.559052573595494,1.0,0.0,0.6487727053896084,1.0,0.0,1.0,0
151.7053753451221,1.0,1.0,0.11669642672043924,1.0,0.0,0.0,1
6.486032092538899,0.0,2.0,0.6638063332225375,1.0,1.0,0.0,0
41.31708385053803,1.0,1.0,0.3032711412435007,1.0,1.0,1.0,1
8.889340546323666,1.0,0.0,0.7504573627040022,0.0,0.0,1.0,0
45.655667520462956,0.0,1.0,0.8543823936699942,1.0,0.0,1.0,0
47.04534798926492,1.0,0.0,0.5199239495769434,1.0,0.0,0.0,0
0.0,0.0,0.0,0.8658080081977467,1.0,1.0,0.0,0
17.690568774017958,0.0,1.0,0.91078379312484,1.0,1.0,0.0,0
8.109013743389372,0.0,2.0,0.7261428891855125,0.0,1.0,0.0,0
79.46963511452684,0.0,2.0,0.3855495363612185,1.0,0.0,1.0,1
29.373532244128604,2.0,2.0,0.04757111616570177,1.0,1.0,0.0,0
22.27846928337968,1.0,2.0,0.6393111829483743,1.0,0.0,1.0,1
85.2927504389553,2.0,0.0,0.5026277655504209,1.0,0.0,1.0,1
36.94293868184121,2.0,1.0,0.4486536189355506,1.0,1.0,0.0,0
79.64993389963104,3.0,3.0,0.41069030693838365,1.0,1.0,0.0,1
42.377100178971816,0.0,1.0,0.9595085328046433,1.0,0.0,1.0,1
0.0,1.0,0.0,0.5928839186578413,0.0,0.0,0.0,1
34.80526728225662,3.0,1.0,0.5312894540340439,0.0,0.0,1.0,1
39.06754021433268,1.0,3.0,0.7900571563656958,1.0,0.0,1.0,1
29.956813251487986,0.0,1.0,0.6652933411742002,1.0,0.0,1.0,1
135.20952525712104,0.0,1.0,0.5919179722467147,0.0,0.0,1.0,0
44.674198378085585,0.0,0.0,0.6598753797232555,1.0,0.0,0.0,0
24.91481654548201,0.0,2.0,0.7769610854171752,1.0,1.0,1.0,1
0.3500535278765735,0.0,2.0,0.6450327529449786,1.0,1.0,1.0,0
20.859170646872368,1.0,0.0,0.3815584471423722,1.0,0.0,0.0,0
1.0141979121619613,2.0,2.0,0.2709467910059854,1.0,1.0,1.0,1
14.328769979289994,1.0,4.0,0.7623742017247488,1.0,1.0,0.0,0
17.270459928610954,2.0,1.0,0.7163863341177438,1.0,1.0,0.0,0
38.855166478301314,4.0,1.0,0.30877874593097815,1.0,0.0,1.0,1
133.5184417002482,1.0,1.0,0.33303313011146707,0.0,0.0,1.0,1
38.85530441906562,1.0,2.0,0.5419624869069208,1.0,1.0,0.0,0
17.88867572262268,1.0,3.0,0.5028292678665317,1.0,0.0,0.0,1
23.472741799760527,0.0,1.0,0.4576730435535123,1.0,1.0,0.0,0
24.201060465756758,0.0,0.0,0.6916913346408835,0.0,1.0,0.0,0
25.825000827149115,1.0,0.0,0.760673313929224,1.0,1.0,0.0,0
55.08434569707909,4.0,4.0,0.31718213206400564,1.0,0.0,1.0,1
47.93071340031379,0.0,0.0,0.903509128284128,1.0,1.0,1.0,0
126.41859237391817,5.0,1.0,0.22078243625910463,1.0,0.0,1.0,1
60.24562338384101,5.0,1.0,0.563681998131546,1.0,0.0,1.0,1
15.208545778321824,0.0,1.0,0.4536555630747914,1.0,0.0,0.0,0
60.68581692393448,5.0,0.0,0.06959737427356064,0.0,1.0,0.0,1
0.0,0.0,5.0,0.8471667834141876,1.0,0.0,1.0,1
117.82231688973316,0.0,1.0,0.15217253675491732,1.0,1.0,0.0,0
0.0,0.0,1.0,0.6724680206709626,1.0,0.0,0.0,0
23.065635023948346,0.0,0.0,0.5207681093988621,1.0,1.0,0.0,0
2.2815030379461962,0.0,1.0,0.5565100878603502,1.0,1.0,0.0,0
80.6549460335081,0.0,0.0,0.1363456742001973,1.0,1.0,0.0,0
13.827989241455883,1.0,0.0,0.7727998672632621,1.0,1.0,0.0,0
37.67022852700327,1.0,1.0,0.40018969664257503,1.0,0.0,0.0,0
23.7342400698432,1.0,3.0,0.8331276233446971,0.0,1.0,0.0,0
21.120817897123143,0.0,0.0,0.6945110805567196,1.0,1.0,1.0,0
0.0,0.0,0.0,0.3819250013108968,1.0,1.0,1.0,0
1.6705196504633997,0.0,0.0,0.6470805683462152,1.0,1.0,0.0,0
42.94927159724877,3.0,1.0,0.34290371563906985,1.0,0.0,1.0,1
51.93374535539923,1.0,3.0,0.16298504024683214,1.0,1.0,1.0,1
5.282001355277288,0.0,0.0,0.45003040317410553,1.0,0.0,0.0,0
66.53217635748788,0.0,0.0,0.6645114940112189,1.0,0.0,0.0,0
0.0,1.0,0.0,0.41819148822555907,1.0,0.0,1.0,0
14.693013109753084,2.0,1.0,0.6850519475542021,1.0,0.0,0.0,0
70.98788261411337,0.0,2.0,0.18285306662398185,1.0,0.0,0.0,1
3.776867463316913,0.0,0.0,0.7451964647820217,1.0,1.0,0.0,0
0.0,0.0,0.0,0.16639634854816268,1.0,1.0,0.0,0
29.515539816767443,3.0,2.0,0.5972627098879276,1.0,0.0,1.0,1
127.35971401664418,0.0,1.0,0.2801822840484876,1.0,1.0,0.0,0
4.163352816194383,1.0,0.0,0.638448157498533,1.0,1.0,0.0,0
7.7475412226805105,0.0,1.0,0.5855126912436383,1.0,0.0,1.0,0
5.735017613060583,0.0,1.0,0.6801234612080945,1.0,0.0,0.0,0
50.24513755764876,1.0,0.0,0.20001298317329974,1.0,0.0,1.0,1
9.037083723754495,0.0,0.0,0.7809768812272434,1.0,0.0,1.0,0
69.25596810007036,0.0,3.0,0.15997007200768704,1.0,0.0,1.0,1
53.52013064684577,2.0,4.0,0.7309617445978865,1.0,0.0,1.0,1
19.463266600992867,2.0,2.0,0.9714924275659926,0.0,0.0,0.0,1
80.60204774032546,0.0,1.0,0.5103805005630401,1.0,0.0,1.0,1
70.43772144441262,4.0,3.0,0.5829022133871898,1.0,0.0,0.0,1
32.22217284053368,1.0,0.0,0.4719782325242223,1.0,0.0,0.0,0
24.85110157447056,0.0,1.0,0.3567987641310673,1.0,1.0,0.0,0
7.6979665046248975,0.0,2.0,0.9468435874474306,1.0,0.0,1.0,1
22.360094519199897,1.0,2.0,0.5844255431051887,1.0,0.0,1.0,0
0.0,1.0,1.0,0.6473795397696925,1.0,0.0,0.0,0
63.348436589936576,0.0,1.0,0.5470684762460902,1.0,0.0,1.0,0
106.95975784209554,0.0,3.0,0.10979869283129441,1.0,0.0,1.0,1
21.4551959979332,1.0,0.0,0.5582938611498494,1.0,1.0,1.0,0
143.0988667363976,1.0,2.0,0.5364081600708538,1.0,1.0,0.0,1
17.28573098962612,1.0,2.0,0.6405166906021182,1.0,0.0,1.0,1
2.0349071610352434,0.0,1.0,0.4114587894480695,0.0,0.0,0.0,0
2.99490960541576,0.0,4.0,0.7968080916013683,1.0,1.0,1.0,1
44.18988116353893,0.0,0.0,0.7402943282169423,1.0,0.0,0.0,0
42.47294996467553,1.0,0.0,0.47468358484036005,1.0,1.0,0.0,0
53.64004399876315,1.0,0.0,0.6663338828475822,1.0,0.0,0.0,0
40.3585007776521,1.0,0.0,0.39864096634685176,1.0,1.0,0.0,0
2.195404687397776,0.0,0.0,0.9247439082885183,1.0,0.0,0.0,0
43.3065237603848,1.0,1.0,0.2866493480206414,1.0,1.0,0.0,0
23.74060884696549,0.0,0.0,0.8135825284909246,1.0,0.0,0.0,0
91.3074963352887,0.0,1.0,0.8787052554563183,1.0,1.0,0.0,0
26.417833923406285,0.0,0.0,0.7529856794364042,1.0,1.0,0.0,0
95.26376227277143,3.0,3.0,0.08323761165563635,1.0,0.0,1.0,1
4.746970387162646,0.0,2.0,0.5927959963252682,1.0,1.0,0.0,0
35.972139142404224,0.0,0.0,0.9254055817409499,1.0,0.0,0.0,0
4.127121170076784,0.0,0.0,0.23321742328133105,1.0,1.0,0.0,0
0.0,0.0,1.0,0.5204811882746058,1.0,1.0,0.0,0
55.84042704058209,1.0,2.0,0.2456649826734177,0.0,0.0,1.0,1
41.123567365361296,1.0,1.0,0.3800212483859696,1.0,0.0,0.0,0
103.58994568567891,1.0,2.0,0.5986523762214042,1.0,0.0,1.0,1
0.0,1.0,1.0,0.6637692671346255,1.0,0.0,0.0,1
9.208316084023524,2.0,0.0,0.9098777539466278,1.0,0.0,0.0,0
0.0,0.0,1.0,0.3791565732360154,1.0,0.0,0.0,0
112.11032641534243,4.0,2.0,0.40629867550337445,1.0,0.0,1.0,1
26.609075943580024,2.0,2.0,0.40070197858354734,1.0,0.0,1.0,1
40.67564087283313,0.0,1.0,0.552707609460901,1.0,0.0,1.0,0
19.65075118616373,0.0,0.0,0.8261392165236292,0.0,1.0,0.0,1
81.47235907421798,4.0,0.0,0.6809369831586622,1.0,0.0,0.0,1
0.0,1.0,0.0,0.7546899566071912,1.0,1.0,0.0,0
50.692813516315965,2.0,4.0,0.6318956591276661,1.0,1.0,1.0,1
2.3518803153034504,0.0,1.0,0.7234211226120869,1.0,1.0,1.0,0
37.797047443127475,1.0,1.0,0.4889552569115382,1.0,1.0,1.0,0
68.30042467980192,2.0,2.0,0.21823293810220964,1.0,1.0,1.0,1
16.760558498577744,2.0,1.0,0.05199365917791154,1.0,1.0,1.0,0
35.81381172762366,1.0,1.0,0.8339294454349189,1.0,0.0,0.0,0
56.136906541038165,0.0,0.0,0.8489395827529375,1.0,1.0,1.0,0
0.0,0.0,0.0,0.7215768955361176,1.0,0.0,1.0,0
23.879462431365322,2.0,0.0,0.45635821674811267,1.0,1.0,0.0,0
72.01985439605963,2.0,1.0,0.20939162789259375,1.0,0.0,1.0,1
0.0,2.0,1.0,0.3078326812218958,0.0,0.0,0.0,0
0.0,1.0,1.0,0.25882982734195237,1.0,0.0,0.0,0
46.78965945434416,0.0,0.0,0.42896189448274,1.0,1.0,0.0,0
0.0,0.0,2.0,0.32241767501891455,1.0,1.0,0.0,0
77.50032472367997,0.0,2.0,0.7438887315059629,1.0,0.0,0.0,1
13.19404994181128,0.0,1.0,0.7870335290365413,1.0,1.0,0.0,0
0.0,1.0,2.0,0.9968035962692087,1.0,1.0,1.0,0
55.83856118273427,0.0,2.0,0.9628655845343385,1.0,0.0,0.0,0
50.42560513655233,0.0,1.0,0.5125202644107696,1.0,1.0,1.0,1
76.87260517425918,3.0,1.0,0.6820303829648626,0.0,0.0,0.0,1
61.088945846051715,1.0,2.0,0.9137072824038841,1.0,0.0,0.0,1
41.1777599335966,0.0,0.0,0.5775738782930152,1.0,1.0,0.0,0
46.22590016007459,0.0,0.0,0.44890461948644983,1.0,0.0,0.0,0
41.1165390300001,0.0,0.0,0.4335709776022063,1.0,1.0,0.0,0
0.0,0.0,0.0,0.5344225569603126,1.0,1.0,0.0,0
29.712926633660665,0.0,0.0,0.05409238113241411,1.0,0.0,1.0,0
17.19852339005666,1.0,1.0,0.6658826333802139,1.0,1.0,1.0,1
28.410969526247236,1.0,1.0,0.22356025680088956,1.0,1.0,0.0,0
48.903167023308065,0.0,0.0,0.45831608015704167,1.0,0.0,0.0,0
103.45286697714855,0.0,3.0,0.5687397532645432,1.0,1.0,1.0,0
0.8911571495636714,1.0,1.0,0.6560498042023288,1.0,0.0,0.0,0
25.471533142548502,1.0,0.0,0.40345213549215997,1.0,1.0,0.0,0
95.147193347696,0.0,0.0,0.6393471758619448,1.0,1.0,0.0,0
12.397745200897102,1.0,2.0,0.824571456896676,0.0,0.0,1.0,0
5.962168732754996,2.0,0.0,0.44825036251883293,0.0,1.0,0.0,0
19.575089011700438,1.0,1.0,0.3698171472755818,1.0,0.0,1.0,0
85.54038451075814,2.0,2.0,0.2599806633798142,0.0,1.0,1.0,1
19.635454342658438,2.0,0.0,0.479131291132781,1.0,1.0,0.0,0
66.75706394574767,0.0,0.0,0.8498371029127358,1.0,1.0,0.0,0
12.903747878505003,1.0,4.0,0.6551758444722563,1.0,0.0,1.0,0
57.58842321854353,3.0,2.0,0.13731867651703347,1.0,0.0,1.0,1
14.205608646031894,0.0,0.0,0.3467645668817285,1.0,1.0,1.0,0
39.35765399348798,1.0,4.0,0.5829514195408034,1.0,1.0,1.0,1
0.0,2.0,1.0,0.8986763946159063,0.0,0.0,1.0,0
57.735596060582154,1.0,2.0,0.718376365716253,1.0,0.0,0.0,0
0.0,0.0,0.0,0.3544685989496377,1.0,0.0,1.0,0
34.34778277204394,0.0,0.0,0.5949867943681908,1.0,0.0,0.0,0
11.720525638501762,1.0,2.0,0.8372834098766264,0.0,0.0,0.0,0
46.290795226656094,1.0,3.0,0.7988475304864759,1.0,0.0,0.0,0
0.0,2.0,1.0,0.44041556352593475,1.0,1.0,0.0,0
17.660352424328508,0.0,2.0,0.775545587495062,1.0,1.0,0.0,1
59.249115385353505,0.0,0.0,0.4915195017988517,1.0,1.0,1.0,0
77.9607237167935,0.0,0.0,0.8307867194986847,1.0,0.0,0.0,0
3.2721004460212555,0.0,2.0,0.9320138915484275,1.0,0.0,1.0,1
48.14600856648103,3.0,0.0,0.09890170971146132,1.0,0.0,0.0,1
0.0,0.0,2.0,0.8729501373827113,1.0,0.0,0.0,0
41.2916883152083,0.0,0.0,0.46127871209244,1.0,0.0,0.0,0
19.60447368455097,1.0,2.0,0.6943012138804927,1.0,0.0,1.0,1
0.0,0.0,0.0,0.3196757048360539,1.0,0.0,0.0,0
74.6927482374571,0.0,0.0,0.9737146028896851,0.0,1.0,1.0,0
83.44300514806324,0.0,1.0,0.5149831067496294,1.0,0.0,0.0,0
26.033916280334083,0.0,0.0,0.12422263072486599,1.0,0.0,0.0,0
18.703000590429326,1.0,0.0,0.9013482061376097,1.0,1.0,0.0,0
22.309749544615578,0.0,0.0,0.5968018979400891,1.0,1.0,0.0,0
23.473248874262445,0.0,1.0,0.8251958007185382,1.0,0.0,1.0,0
27.274920178287996,0.0,0.0,0.6671664365590088,1.0,1.0,0.0,1
22.51421165766134,0.0,2.0,0.2845921813450188,1.0,0.0,1.0,1
23.09129292683891,1.0,0.0,0.6228169866811306,1.0,0.0,0.0,0
109.13977671647464,1.0,1.0,0.0863538919371756,1.0,0.0,0.0,1
57.927585894349676,1.0,0.0,0.5177627498118296,1.0,1.0,0.0,0
36.897049634711735,3.0,1.0,0.23136105280585773,1.0,0.0,1.0,1
35.167693209618825,1.0,1.0,0.4573631739417121,1.0,1.0,1.0,0
0.0,0.0,1.0,0.6352966676990377,1.0,0.0,0.0,0
34.716581653708104,2.0,0.0,0.4607252670021659,1.0,1.0,1.0,0
65.67766684065944,0.0,0.0,0.7107976564532668,1.0,0.0,0.0,1
22.463824340380505,2.0,0.0,0.7171949269689918,1.0,0.0,1.0,0
38.045244842899734,2.0,1.0,0.544507096574747,0.0,0.0,1.0,1
24.36330233094298,1.0,0.0,0.7307619801246279,1.0,0.0,0.0,0
20.79253179791061,0.0,1.0,0.5436284908368281,0.0,1.0,1.0,0
65.78505064291963,1.0,2.0,0.9256908166521123,1.0,0.0,0.0,1
0.0,0.0,1.0,0.9461536542899671,1.0,0.0,0.0,0
0.0,0.0,4.0,0.5827999181528705,1.0,0.0,0.0,0
1.537620689065733,2.0,1.0,0.43823223044279913,1.0,0.0,1.0,1
167.35132273606973,0.0,1.0,0.8054527821578218,1.0,1.0,0.0,0
72.82307128178579,2.0,2.0,0.41428541551876286,1.0,1.0,0.0,1
0.0,1.0,1.0,0.6617928820153038,1.0,0.0,1.0,0
10.382075869091178,0.0,1.0,0.4154495242275738,1.0,0.0,0.0,0
85.37000164337408,0.0,2.0,0.6493162637145357,1.0,1.0,0.0,0
22.35142216236944,1.0,1.0,0.48739166253287247,1.0,1.0,0.0,0
69.1935017080411,0.0,0.0,0.56444145356147,1.0,1.0,0.0,0
0.0,1.0,0.0,0.5394914340944968,1.0,1.0,0.0,0
0.0,1.0,1.0,0.33487784967518264,1.0,0.0,0.0,0
49.35606273049447,0.0,0.0,0.47431386916527374,1.0,1.0,1.0,0
0.0,0.0,2.0,0.7986547504301552,1.0,0.0,0.0,0
24.846703514397174,0.0,0.0,0.6860473794055345,1.0,1.0,0.0,0
0.9589219113477654,1.0,0.0,0.8515761398286466,1.0,1.0,0.0,0
0.0,0.0,0.0,0.3624952229735817,1.0,0.0,0.0,0
126.13225079560885,2.0,1.0,0.3230917484448075,0.0,0.0,0.0,1
21.16540540497949,1.0,0.0,0.8120039111351423,0.0,0.0,0.0,0
99.4278027848317,5.0,2.0,0.431357536471149,1.0,0.0,1.0,1
10.512928215875835,0.0,0.0,0.8700371972888482,1.0,0.0,0.0,0
0.5126037982139543,2.0,0.0,0.5981183865493094,1.0,0.0,0.0,0
13.649212053500348,0.0,1.0,0.6513297532312994,1.0,0.0,1.0,0
0.0,1.0,0.0,0.6285739852791246,1.0,1.0,1.0,0
54.23598134423822,1.0,5.0,0.8260347704196086,0.0,1.0,0.0,1
50.22363245656196,0.0,0.0,0.7507477514066189,1.0,1.0,0.0,0
3.0743057902523887,2.0,1.0,0.9342025292002204,1.0,1.0,0.0,1
11.756499595948775,0.0,1.0,0.57407070316672,1.0,1.0,0.0,0
65.31413552981762,5.0,1.0,0.4408669196263395,1.0,0.0,0.0,1
0.0,0.0,0.0,0.42067851723959904,1.0,0.0,0.0,1
80.47412817447372,4.0,0.0,0.2164628573357974,1.0,0.0,0.0,1
10.981028498562168,0.0,0.0,0.36428417188000695,1.0,0.0,1.0,1
117.06914574661302,0.0,3.0,0.25256712082288907,1.0,1.0,1.0,0
32.90062463030885,0.0,1.0,0.3861501686226207,1.0,1.0,1.0,0
42.054154978349644,1.0,1.0,0.6192948650108097,1.0,0.0,0.0,0
0.0,0.0,0.0,0.7934458007813187,1.0,1.0,1.0,0
0.0,1.0,0.0,0.42865793812945396,1.0,1.0,0.0,0
0.0,0.0,0.0,0.3130417012441908,1.0,0.0,0.0,0
21.574500693120264,2.0,1.0,0.9316237180283078,1.0,1.0,1.0,1
32.56383731276103,0.0,0.0,0.3060571141344685,1.0,1.0,0.0,0
0.0,0.0,1.0,0.2079487053626205,1.0,1.0,0.0,0
51.19176807871197,1.0,4.0,0.5571836649784186,0.0,1.0,1.0,0
22.36891721311618,1.0,1.0,0.6361050310675246,1.0,1.0,0.0,0
12.272902559434101,1.0,1.0,0.20936826279391502,1.0,0.0,0.0,0
6.037176094376482,0.0,0.0,0.7739870057830632,1.0,1.0,0.0,1
20.803853748395433,0.0,0.0,0.6764453009180773,1.0,1.0,0.0,0
44.90387203960783,1.0,1.0,0.8550042692712453,1.0,0.0,1.0,1
2.1743032972882403,0.0,1.0,0.21064247862977517,1.0,1.0,0.0,0
32.36981433396829,4.0,0.0,0.6260510670369832,1.0,1.0,0.0,0
110.78397668797678,2.0,1.0,0.5636739227539562,1.0,0.0,0.0,1
15.352572284903104,0.0,0.0,0.4481486148569163,1.0,1.0,0.0,0
92.9458316128815,1.0,0.0,0.08169277484362944,1.0,1.0,0.0,0
48.017165002472844,4.0,1.0,0.08112403490594847,1.0,0.0,0.0,1
4.046579771401149,0.0,1.0,0.7164114703676308,1.0,0.0,0.0,0
45.11055445627999,0.0,0.0,0.5615530467652786,1.0,0.0,1.0,0
47.65309913152399,0.0,0.0,0.9363111483553175,1.0,0.0,0.0,0
57.49130385412075,3.0,1.0,0.16462813562055703,1.0,0.0,1.0,1
29.332239839330306,0.0,1.0,0.4445352927514009,1.0,0.0,0.0,0
58.04737309138342,5.0,1.0,0.08821516479502105,1.0,0.0,1.0,1
74.07892502669597,0.0,2.0,0.3890358910558269,1.0,0.0,1.0,1
0.0,2.0,0.0,0.22713212079293282,1.0,1.0,1.0,0
51.14636969315334,2.0,1.0,0.5696273985879483,1.0,0.0,1.0,0
0.0,0.0,0.0,0.3547333113514609,1.0,1.0,0.0,0
23.609877463867335,1.0,0.0,0.5431275210498023,1.0,1.0,0.0,0
46.68912143090479,1.0,1.0,0.22382620495625932,1.0,0.0,0.0,1
0.0,0.0,1.0,0.5286069395445131,1.0,0.0,1.0,0
0.0,1.0,0.0,0.7254024964330923,1.0,0.0,1.0,0
0.0,0.0,1.0,0.6004842517461211,1.0,1.0,0.0,0
50.74282512049574,0.0,1.0,0.5296082639221166,1.0,1.0,1.0,0
0.0,0.0,1.0,0.17093187674005417,1.0,1.0,1.0,0
28.369541770701893,3.0,1.0,0.3627177771040526,0.0,0.0,1.0,1
0.0,0.0,0.0,0.9412222174665488,1.0,0.0,1.0,0
7.637948028937328,0.0,1.0,0.4699016597371986,1.0,0.0,0.0,0
51.25637015548859,3.0,1.0,0.25741846086034126,1.0,0.0,1.0,1
0.0,0.0,0.0,0.6892269985815699,1.0,0.0,0.0,0
26.03340826477279,0.0,0.0,0.9738184465666841,1.0,0.0,0.0,0
27.664561726239913,1.0,1.0,0.3980673898094815,1.0,0.0,1.0,1
30.12442262960031,0.0,1.0,0.8076684574172955,1.0,1.0,0.0,0
0.0,0.0,0.0,0.4799222277909154,1.0,0.0,0.0,0
54.334056719146204,0.0,0.0,0.8958257240179689,1.0,0.0,0.0,0
0.0,0.0,0.0,0.6412829266937482,1.0,1.0,0.0,0
34.395384037254075,0.0,0.0,0.6732271984294613,1.0,1.0,0.0,0
68.86245526344106,1.0,1.0,0.288509073544238,1.0,1.0,0.0,0
81.64619068506872,0.0,1.0,0.487741317331876,1.0,0.0,1.0,1
0.0,0.0,0.0,0.5308038055393303,1.0,0.0,1.0,0
18.05318057881941,1.0,0.0,0.5351276777781854,0.0,1.0,0.0,0
21.54477364708815,0.0,0.0,0.32357900447198157,1.0,0.0,1.0,0
15.138025958659512,1.0,1.0,0.9170642578154053,1.0,1.0,0.0,0
54.845755844914564,1.0,2.0,0.43134223252731824,1.0,1.0,0.0,1
6.929483724138079,2.0,0.0,0.7125876440603752,1.0,0.0,0.0,0
68.78659232112872,3.0,3.0,0.4989614592319395,1.0,0.0,1.0,1
0.0,1.0,2.0,0.8960123498908251,1.0,0.0,0.0,0
55.802526319988374,2.0,1.0,0.42300314067737294,1.0,1.0,1.0,1
70.29994195854059,1.0,1.0,0.7031271118589975,1.0,0.0,1.0,1
44.17433107772912,0.0,0.0,0.8816115489242757,1.0,0.0,1.0,0
20.28997870235954,3.0,1.0,0.12612002548563003,1.0,0.0,0.0,0
23.160451672963504,0.0,0.0,0.5086617923216868,1.0,0.0,0.0,0
131.4370803961595,0.0,4.0,0.29862212481857203,0.0,0.0,0.0,1
87.03828945762399,3.0,2.0,0.3560350515003384,1.0,1.0,1.0,1
4.066550309380659,0.0,1.0,0.9115050185617184,1.0,1.0,0.0,0
13.402418934324507,0.0,1.0,0.28655551037342575,1.0,0.0,0.0,0
49.760480778289946,0.0,1.0,0.41971810053138303,1.0,0.0,0.0,0
38.953012332371365,0.0,2.0,0.11241908253691936,1.0,1.0,1.0,1
5.772326770090812,0.0,0.0,0.7392538842519846,1.0,1.0,0.0,0
29.73903687272192,1.0,4.0,0.9303453729617271,1.0,0.0,1.0,1
22.187718113754393,1.0,0.0,0.4368002848479598,1.0,1.0,0.0,0
16.51874109436376,0.0,0.0,0.7194140465480947,1.0,1.0,1.0,1
5.586770242694691,0.0,0.0,0.5724798657207097,1.0,1.0,0.0,0
2.52404629177048,0.0,0.0,0.891503311769738,1.0,0.0,0.0,0
21.701175228927042,1.0,2.0,0.47830316110549576,1.0,0.0,1.0,1
0.0,0.0,1.0,0.4907524789399107,0.0,1.0,0.0,0
75.98165711735368,2.0,3.0,0.5803895009979366,1.0,0.0,0.0,1
24.622812500572167,1.0,3.0,0.656581314255849,1.0,0.0,0.0,1
34.29870075078019,3.0,1.0,0.5954282824000774,0.0,1.0,0.0,1
21.705221922838717,2.0,0.0,0.29443986245505627,1.0,1.0,0.0,0
13.264758254408918,1.0,1.0,0.9409585062996918,0.0,0.0,0.0,1
12.103692253861102,0.0,1.0,0.710783209017447,1.0,1.0,0.0,0
46.01843667831807,0.0,2.0,0.3986469715259033,0.0,0.0,1.0,1
0.0,0.0,0.0,0.8593666690794212,1.0,0.0,1.0,0
2.801738242033922,1.0,0.0,0.6040182246189987,1.0,0.0,1.0,0
97.12068163683121,1.0,1.0,0.5850424791723842,1.0,1.0,0.0,0
42.34488098337552,1.0,1.0,0.20106720382461082,1.0,1.0,0.0,0
80.6675611051381,0.0,2.0,0.626422658021362,1.0,1.0,0.0,1
40.595735432818216,0.0,1.0,0.8944733671894854,1.0,0.0,1.0,0
70.69126238609279,1.0,0.0,0.6102641336021888,1.0,0.0,0.0,0
40.80775406052638,1.0,0.0,0.7521436829349082,0.0,0.0,1.0,0
61.92174700261173,1.0,2.0,0.6801677073673957,1.0,0.0,1.0,1
39.42816100267308,0.0,1.0,0.6896561783337107,0.0,0.0,0.0,0
38.00479113780975,2.0,0.0,0.8200397006788904,0.0,0.0,1.0,1
79.8022447604474,6.0,1.0,0.3710353055531769,1.0,0.0,1.0,1
52.05616372862335,2.0,1.0,0.7471974986044957,0.0,0.0,0.0,0
2.5116543130531266,2.0,0.0,0.6652970525569007,1.0,1.0,0.0,0
78.66769725603157,0.0,0.0,0.8276354685592753,1.0,1.0,0.0,0
62.90218247955474,3.0,2.0,0.11620222340934848,1.0,1.0,1.0,1
0.0,0.0,0.0,0.8257476336434727,1.0,1.0,1.0,0
22.63778903039805,0.0,1.0,0.21778651209475497,1.0,0.0,1.0,0
32.8799066950721,0.0,0.0,0.6304689330286453,1.0,0.0,0.0,0
21.665336883005537,0.0,1.0,0.8525092975695281,1.0,1.0,0.0,0
1.3118781376090043,0.0,1.0,0.47839950918779695,1.0,0.0,0.0,0
8.189710738158396,0.0,0.0,0.3753095320487679,1.0,1.0,0.0,0
51.036262500878806,2.0,0.0,0.24058138824227385,1.0,0.0,0.0,1
9.265638337433623,1.0,0.0,0.9369013888245507,1.0,0.0,0.0,0
57.98441756063744,0.0,0.0,0.551186803542973,1.0,0.0,0.0,0
0.0,0.0,2.0,0.6766923635846239,1.0,0.0,0.0,0
5.897509471190016,0.0,0.0,0.8324545068716155,1.0,1.0,0.0,0
20.545035260804134,4.0,2.0,0.5104067479673152,1.0,0.0,0.0,1
32.18996786073977,1.0,1.0,0.7555330792477887,1.0,1.0,0.0,0
0.0,2.0,2.0,0.2524760136920034,0.0,0.0,1.0,1
47.13364906320687,0.0,0.0,0.7273977863614622,1.0,0.0,1.0,0
27.14064362057526,0.0,1.0,0.33884095830210864,1.0,1.0,0.0,0
26.126738988450104,0.0,1.0,0.7535835445570522,1.0,1.0,1.0,0
21.68324393669826,0.0,1.0,0.3701422858556434,1.0,1.0,0.0,0
38.775064512172605,1.0,0.0,0.8359335489105849,1.0,1.0,1.0,0
41.8630328169305,2.0,2.0,0.3186995868271697,0.0,1.0,0.0,0
26.801921624436318,0.0,0.0,0.8971178848124459,1.0,0.0,0.0,0
0.0,0.0,1.0,0.48316844206679166,1.0,0.0,0.0,0
50.42345215372815,1.0,2.0,0.6566091558543802,1.0,0.0,0.0,1
135.07387303288564,0.0,0.0,0.66669658503654,1.0,0.0,0.0,1
44.696896555206095,0.0,0.0,0.3099318638509056,1.0,1.0,0.0,0
0.0,1.0,0.0,0.7520669072767454,1.0,0.0,0.0,0
51.07949516651715,0.0,1.0,0.7715384661514804,0.0,0.0,0.0,0
27.844255356936117,0.0,1.0,0.45123801068807246,1.0,1.0,0.0,0
5.170821568320944,1.0,0.0,0.6146728409327953,1.0,1.0,0.0,0
21.692918443513342,0.0,0.0,0.8007814641122714,1.0,1.0,1.0,0
24.425742064325284,4.0,4.0,0.38679795886176366,1.0,1.0,0.0,0
27.656313271118872,1.0,1.0,0.6407383245857499,1.0,1.0,0.0,0
79.13839787121142,1.0,0.0,0.7377426928287515,1.0,1.0,0.0,0
61.7140024705142,2.0,1.0,0.6777543225937284,1.0,0.0,1.0,1
11.672960615532348,2.0,0.0,0.6105987119249265,1.0,0.0,0.0,0
0.0,1.0,0.0,0.6416092897728234,1.0,0.0,1.0,1
0.0,0.0,0.0,0.42884303833037524,1.0,1.0,0.0,0
0.0,0.0,0.0,0.6813340963467518,1.0,1.0,0.0,0
49.627840132628734,0.0,0.0,0.4754968231927292,1.0,0.0,0.0,0
0.0,2.0,0.0,0.8054501425040435,1.0,0.0,0.0,0
19.20886907317273,0.0,1.0,0.5692656251305939,1.0,1.0,1.0,1
10.676949189730077,1.0,3.0,0.5963835959018079,1.0,0.0,0.0,0
37.38672298828835,0.0,0.0,0.7261060340791113,1.0,1.0,0.0,0
27.22502297286835,1.0,1.0,0.4620964315771516,1.0,1.0,1.0,0
0.0,0.0,2.0,0.7578746247478643,1.0,1.0,1.0,0
90.76715210687188,1.0,4.0,0.35944941787115375,1.0,1.0,1.0,1
33.141478806259485,2.0,0.0,0.5691812260554935,0.0,1.0,0.0,0
0.0,1.0,0.0,0.7216492867681541,1.0,0.0,1.0,1
65.98855114947852,1.0,0.0,0.45291533563703673,1.0,1.0,1.0,0
42.417715017798386,2.0,0.0,0.8414820469740338,1.0,1.0,0.0,0
33.41177740623714,0.0,1.0,0.1039492907478811,0.0,0.0,1.0,1
81.99231130833329,1.0,2.0,0.8283162405601616,0.0,0.0,0.0,0
19.7301352192578,1.0,1.0,0.9110999781120361,1.0,1.0,1.0,0
0.0,0.0,1.0,0.45086695589921083,1.0,1.0,0.0,0
94.89244109979433,7.0,0.0,0.3145134496641729,0.0,0.0,1.0,1
16.604540814406025,0.0,0.0,0.675785757066533,1.0,0.0,0.0,0
88.03202421876905,5.0,2.0,0.11353006482823816,1.0,0.0,0.0,1
18.180766238682274,0.0,0.0,0.6573044592353117,1.0,1.0,0.0,0
75.20853360359261,0.0,0.0,0.6817591931925602,1.0,0.0,1.0,0
14.462871379380745,1.0,0.0,0.8745955573700923,1.0,1.0,1.0,0
19.35760906413194,0.0,2.0,0.49635172951108275,1.0,0.0,1.0,1
8.96629214513937,0.0,0.0,0.3324525891351508,1.0,0.0,0.0,1
0.0,1.0,1.0,0.23496643887049326,1.0,1.0,0.0,0
1.174098010617245,0.0,0.0,0.3246507646184639,1.0,1.0,0.0,0
44.55983485648602,4.0,0.0,0.40412056574738464,1.0,0.0,0.0,1
6.089535203343091,0.0,0.0,0.5262030055585318,1.0,1.0,0.0,0
82.28128293463645,0.0,1.0,0.2361013942471835,1.0,0.0,1.0,1
12.929458387754863,1.0,1.0,0.2176006209575467,1.0,0.0,0.0,0
32.34923598368978,0.0,0.0,0.8397095918510197,1.0,1.0,0.0,0
30.87422700476752,0.0,1.0,0.5974403189565539,1.0,0.0,0.0,0
43.09393950862236,1.0,0.0,0.2679511285742173,0.0,1.0,1.0,0
16.824365460716812,1.0,0.0,0.35868009713235566,1.0,1.0,0.0,0
24.78319514744325,0.0,0.0,0.6806812089393447,1.0,1.0,0.0,0
74.93447904143436,1.0,2.0,0.304924313300532,1.0,0.0,0.0,1
0.0,1.0,1.0,0.5977565599901631,1.0,0.0,0.0,0
91.69184118926194,0.0,5.0,0.2301747308896829,1.0,0.0,0.0,1
50.79784817196266,0.0,1.0,0.47566600796703656,1.0,1.0,0.0,0
0.0,0.0,1.0,0.46836258990222773,1.0,0.0,1.0,0
16.288323949499805,0.0,1.0,0.5467182966254938,1.0,1.0,0.0,0
32.343800646543215,4.0,1.0,0.1443007143943159,1.0,0.0,1.0,1
28.13022954356666,0.0,0.0,0.4428607528244467,1.0,0.0,1.0,0
16.312539823470487,0.0,0.0,0.7293335783637523,1.0,1.0,0.0,0
16.529169619686872,0.0,2.0,0.49972707584730763,1.0,0.0,1.0,1
8.341977310119816,1.0,0.0,0.5244051963658807,1.0,1.0,1.0,0
109.65203468534567,0.0,1.0,0.2655551410926962,1.0,0.0,1.0,0
0.0,0.0,0.0,0.5897074130765729,1.0,0.0,0.0,0
0.0,1.0,1.0,0.8747439157621256,1.0,1.0,1.0,0
14.826125602527934,0.0,0.0,0.2790384700524577,1.0,1.0,0.0,1
35.36526150159159,1.0,2.0,0.9165706548359084,1.0,0.0,1.0,1
33.60847856608884,1.0,1.0,0.5653290110995994,1.0,1.0,0.0,0
3.992589468020796,1.0,0.0,0.5630624370709826,1.0,1.0,1.0,0
36.99912627441149,0.0,0.0,0.6936975180758291,1.0,0.0,0.0,0
0.0,0.0,1.0,0.35274290564678196,1.0,1.0,0.0,0
66.05818890981918,1.0,2.0,0.46991669167234495,1.0,0.0,1.0,1
54.000527694089826,3.0,3.0,0.6263555060586531,1.0,0.0,1.0,1
26.355058974740352,1.0,0.0,0.8186619754889078,1.0,1.0,0.0,0
14.320810360576207,2.0,2.0,0.7122378556916007,1.0,0.0,0.0,0
48.27959471912321,1.0,4.0,0.8136692249887507,1.0,0.0,1.0,1
65.24125634154517,0.0,0.0,0.8382632059600954,0.0,1.0,0.0,0
39.26939258733348,0.0,0.0,0.4752525210710274,0.0,1.0,0.0,0
71.80143600323548,2.0,2.0,0.012244581112956529,0.0,0.0,1.0,1
0.0,1.0,0.0,0.47695870950922686,1.0,0.0,0.0,0
0.0,0.0,0.0,0.6028526147555896,1.0,1.0,1.0,0
30.763842316685114,0.0,1.0,0.4952438344519465,1.0,0.0,0.0,0
0.0,2.0,0.0,0.861927746006768,1.0,0.0,0.0,0
62.376918072050465,1.0,0.0,0.3031608085180857,1.0,0.0,0.0,0
62.756174281415895,1.0,1.0,0.5790204374721863,1.0,1.0,0.0,0
10.673576765444889,0.0,0.0,0.6656542473462893,1.0,1.0,1.0,0
31.285104462838987,2.0,1.0,0.7907127914053982,1.0,0.0,1.0,1
23.419334948876376,1.0,1.0,0.7176956990356578,1.0,0.0,1.0,0
40.60090910763499,1.0,1.0,0.7962581146348577,1.0,0.0,0.0,0
29.218875169415607,0.0,2.0,0.6960760008074374,0.0,0.0,1.0,0
12.835233669765454,2.0,0.0,0.6707273836439323,1.0,0.0,1.0,0
40.552761519359066,1.0,0.0,0.8209993438020374,1.0,1.0,1.0,0
26.34845635036277,0.0,1.0,0.5748090179743628,1.0,1.0,0.0,0
45.001645750767445,1.0,2.0,0.9847688352946533,1.0,0.0,0.0,1
8.577166852287359,2.0,4.0,0.5643434684533832,1.0,0.0,0.0,1
83.16153300629462,1.0,1.0,0.5875660027619988,1.0,1.0,1.0,1
22.759052278058295,1.0,3.0,0.37883409262546397,1.0,0.0,0.0,1
42.47503146777109,1.0,4.0,0.8112540569672464,1.0,0.0,1.0,0
7.870162975326645,0.0,1.0,0.7310547995567392,1.0,1.0,0.0,0
13.570051570583885,0.0,1.0,0.7341881157935024,1.0,0.0,0.0,0
19.821943385720836,0.0,1.0,0.623839017494479,1.0,1.0,1.0,0
159.64391286499315,2.0,2.0,0.3129823689441288,1.0,0.0,0.0,1
178.70741635378263,1.0,1.0,0.6328470702600081,1.0,1.0,1.0,0
105.5012705672552,0.0,2.0,0.2771382780484722,0.0,0.0,1.0,1
19.668879313581748,1.0,0.0,0.4318683520961624,1.0,1.0,0.0,0
49.81294162344993,1.0,2.0,0.9881767686967334,1.0,1.0,0.0,0
50.93365656529144,0.0,0.0,0.37992489852468037,1.0,0.0,0.0,0
3.0857918405950784,1.0,1.0,0.13930866261208205,0.0,0.0,1.0,1
44.37487848552054,0.0,2.0,0.8570059686517495,1.0,1.0,0.0,0
26.793145204702242,1.0,1.0,0.5880256731429359,1.0,0.0,0.0,0
64.81334569384947,1.0,2.0,0.4079595637200431,1.0,1.0,1.0,0
48.37975169476827,2.0,1.0,0.5093802273694747,1.0,1.0,0.0,1
18.950773190936346,0.0,0.0,0.8600066410807465,1.0,0.0,0.0,0
22.931871157160742,0.0,1.0,0.4911513917691559,1.0,1.0,0.0,0
10.627270178601474,0.0,0.0,0.8104841842663308,0.0,1.0,1.0,0
40.254069475753354,1.0,0.0,0.7803931432346886,1.0,0.0,0.0,0
10.035121720035791,1.0,0.0,0.2746000130574714,0.0,0.0,0.0,0
11.574817013991321,0.0,2.0,0.5623439108485622,1.0,1.0,0.0,0
75.74237160981173,1.0,2.0,0.06908479249986799,1.0,0.0,1.0,1
38.794980198035674,0.0,0.0,0.5600286441099653,1.0,0.0,1.0,0
40.85500797764456,0.0,1.0,0.3971513059532235,1.0,1.0,0.0,0
2.8363532302217536,1.0,0.0,0.5132594572682972,1.0,1.0,0.0,0
13.983077319544694,1.0,0.0,0.8131185183294884,1.0,1.0,0.0,0
66.51192577834878,1.0,0.0,0.7433042565257003,1.0,0.0,1.0,0
30.419229361689034,0.0,1.0,0.8688906970904189,1.0,0.0,0.0,0
0.2638152781573011,0.0,0.0,0.7169098716918711,1.0,0.0,0.0,0
22.404041425297713,0.0,1.0,0.6385524939535064,1.0,0.0,1.0,1
15.292404853193755,0.0,1.0,0.7450280216213382,1.0,0.0,0.0,0
45.57185619698587,1.0,1.0,0.6976915772842593,0.0,0.0,0.0,0
0.0,1.0,1.0,0.4667337848137865,1.0,0.0,0.0,1
27.026371766481653,0.0,0.0,0.5224757039287896,1.0,1.0,0.0,0
19.341037165110166,1.0,1.0,0.7270107908532472,1.0,1.0,0.0,0
0.0,4.0,2.0,0.8388040554042497,1.0,0.0,1.0,1
26.384773498292105,2.0,1.0,0.6675399070587157,1.0,0.0,0.0,0
6.3415192350876435,1.0,1.0,0.6932344831140258,1.0,0.0,0.0,0
105.46775274529074,0.0,0.0,0.8550816746511813,1.0,1.0,1.0,1
13.27394329978027,0.0,0.0,0.8220197362759152,1.0,1.0,0.0,0
1.989386423521367,0.0,1.0,0.6944341326657613,1.0,1.0,1.0,0
74.75377314493315,0.0,1.0,0.7975854387479283,1.0,0.0,1.0,1
0.0,0.0,1.0,0.9060298046153913,1.0,1.0,0.0,0
39.13623456328669,0.0,0.0,0.32667451706525563,1.0,1.0,0.0,0
12.925564123101054,2.0,1.0,0.7297569662439274,1.0,1.0,1.0,1
62.154987594483416,0.0,2.0,0.3204628566048134,1.0,0.0,0.0,1
0.0,0.0,0.0,0.720064915193794,1.0,1.0,0.0,0
36.806252535881015,0.0,1.0,0.6839344060755442,1.0,0.0,1.0,1
95.64084659567443,2.0,0.0,0.25204852405193856,0.0,0.0,0.0,1
13.241318508743195,0.0,1.0,0.3533649769853744,1.0,1.0,0.0,0
16.613082344870488,0.0,0.0,0.7875562326611824,1.0,1.0,0.0,0
51.859020798213926,2.0,2.0,0.24748030613294128,1.0,0.0,0.0,1
0.0,0.0,1.0,0.6610453104131117,1.0,1.0,1.0,0
30.5067783392116,0.0,1.0,0.5736817116506266,1.0,1.0,0.0,0
14.532803222838789,0.0,1.0,0.6442019919314618,1.0,0.0,0.0,0
47.97806221458467,1.0,1.0,0.15819611023081753,0.0,0.0,0.0,1
3.208965485760709,0.0,1.0,0.2926074237126629,1.0,0.0,0.0,0
91.40283037678299,1.0,0.0,0.02168992279978281,0.0,0.0,1.0,1
35.49780996029739,2.0,3.0,0.1756273518228307,1.0,0.0,1.0,1
45.78139165246255,2.0,2.0,0.21602512804393875,0.0,0.0,1.0,1
16.794789426507293,0.0,1.0,0.7850463375424902,1.0,1.0,0.0,0
4.365499671733096,0.0,0.0,0.6477292527722993,1.0,0.0,0.0,0
13.238504492147076,1.0,0.0,0.6459850068161314,1.0,1.0,0.0,0
0.0,2.0,1.0,0.7016353805442439,1.0,1.0,1.0,0
43.087604417175896,0.0,2.0,0.6169006739709381,1.0,1.0,0.0,0
23.544789391549493,1.0,2.0,0.7201782166379853,1.0,0.0,1.0,1
29.67873192519754,0.0,0.0,0.6205724988961155,1.0,0.0,1.0,0
0.0,1.0,1.0,0.5469093968680432,1.0,1.0,0.0,0
0.0,2.0,0.0,0.6562533562653186,1.0,0.0,0.0,0
32.50522121298101,0.0,0.0,0.7197463132512169,1.0,0.0,1.0,0
58.909256354967226,1.0,1.0,0.8643731095101708,1.0,0.0,1.0,1
0.0,1.0,1.0,0.6957525019961077,1.0,1.0,0.0,0
49.60673222283362,2.0,0.0,0.681956229270054,1.0,0.0,1.0,1
50.48122860072358,0.0,0.0,0.5302710078594355,1.0,0.0,1.0,0
61.13861496534515,1.0,3.0,0.6337755099492858,1.0,0.0,0.0,0
65.59581710395744,3.0,0.0,0.12767931477081593,1.0,1.0,0.0,1
74.98463940419748,2.0,1.0,0.23023643461423812,0.0,0.0,0.0,1
0.0,0.0,1.0,0.46423043453521917,0.0,0.0,1.0,0
29.30753428152112,0.0,0.0,0.9206290180042422,1.0,1.0,0.0,0
29.662763865932806,2.0,0.0,0.40334580971822415,0.0,1.0,1.0,1
3.3589294436804877,0.0,1.0,0.22846224544178315,1.0,1.0,1.0,0
0.0,1.0,0.0,0.556618744171447,1.0,0.0,1.0,0
14.299389295303104,1.0,1.0,0.5825835520422524,1.0,1.0,0.0,0
40.46488329407348,3.0,2.0,0.11735729700450004,1.0,0.0,0.0,0
6.318183949523994,0.0,0.0,0.9025968821686693,1.0,0.0,1.0,0
36.86825332300449,1.0,1.0,0.6637707176879911,1.0,1.0,1.0,0
18.08921058498277,1.0,0.0,0.7949416452696585,1.0,1.0,0.0,0
19.965675164318288,0.0,1.0,0.1424803740307764,1.0,1.0,0.0,0
67.58551643818394,0.0,0.0,0.2952928245008748,1.0,0.0,0.0,0
0.0,0.0,0.0,0.7415029031962063,1.0,1.0,0.0,0
35.98813813706357,0.0,0.0,0.7229785796564802,0.0,1.0,0.0,0
17.891640562472425,0.0,0.0,0.6294674018708801,1.0,1.0,1.0,1
0.0,0.0,0.0,0.8506566144288985,1.0,1.0,0.0,0
42.05994240189887,0.0,1.0,0.8174248513280186,1.0,1.0,0.0,0
115.83047035763971,1.0,1.0,0.1724171165491187,0.0,0.0,1.0,1
52.83282902282018,3.0,4.0,0.1777645599323231,1.0,1.0,1.0,1
7.283184352777063,2.0,0.0,0.7172513334661738,1.0,0.0,0.0,1
83.03773077791243,4.0,3.0,0.24499111380428779,0.0,0.0,1.0,1
2.655681876191796,0.0,0.0,0.4980777560393999,1.0,0.0,0.0,0
51.21784981576597,2.0,0.0,0.7478266706204464,1.0,0.0,0.0,0
25.645979711134892,0.0,0.0,0.18985647405793396,1.0,1.0,0.0,1
33.816555790368426,0.0,1.0,0.8168971613180543,1.0,1.0,1.0,1
10.493835202332216,0.0,1.0,0.5618176205782582,1.0,0.0,0.0,0
43.641026665958975,1.0,3.0,0.4503458726234894,1.0,1.0,1.0,0
56.2813317005286,1.0,0.0,0.8126848348623397,1.0,1.0,0.0,0
24.75549634345381,7.0,2.0,0.5079246299514455,0.0,1.0,0.0,1
10.204969182864952,2.0,0.0,0.786489484392577,1.0,1.0,1.0,0
24.94961570620551,1.0,0.0,0.901259134000869,1.0,0.0,0.0,0
40.29228739014805,1.0,1.0,0.7066632932858841,1.0,0.0,1.0,1
14.71701432420591,0.0,1.0,0.22454992260403914,1.0,0.0,0.0,0
89.37348342929587,1.0,1.0,0.6011330403694984,0.0,0.0,0.0,1
16.613369480673533,0.0,0.0,0.20519181030977787,1.0,1.0,1.0,0
19.78224692032819,1.0,3.0,0.8447579961924185,1.0,0.0,0.0,0
0.0,0.0,2.0,0.6259591761179137,1.0,1.0,1.0,0
25.728562758334796,0.0,2.0,0.23775403595665232,0.0,0.0,1.0,1
50.22467783012185,1.0,0.0,0.4850387169897932,1.0,1.0,0.0,0
108.32747295367405,1.0,0.0,0.8274773353099807,1.0,0.0,1.0,0
23.088235498325833,0.0,1.0,0.6399152836618047,1.0,0.0,0.0,0
0.0,1.0,1.0,0.4765011941512364,1.0,1.0,0.0,0
24.14024904974048,0.0,3.0,0.7760326853079693,1.0,0.0,0.0,0
51.99092302815835,0.0,1.0,0.6691077932222458,1.0,1.0,0.0,0
7.639640620278907,0.0,3.0,0.7960764293731175,1.0,1.0,0.0,1
33.67460333425677,1.0,0.0,0.8952264611587769,1.0,0.0,0.0,0
9.681471288659822,0.0,0.0,0.5844086051327355,0.0,1.0,0.0,0
41.200585721397026,0.0,1.0,0.22341792961316825,1.0,0.0,0.0,0
0.0,1.0,0.0,0.4079134853457597,1.0,0.0,0.0,0
33.726283664745985,1.0,0.0,0.7655716580829145,1.0,1.0,0.0,1
89.09095086278984,2.0,1.0,0.03366779214203166,1.0,0.0,1.0,1
18.045557017557428,1.0,2.0,0.504722758197436,1.0,0.0,1.0,0
35.49653334846821,1.0,1.0,0.7790453932161002,0.0,1.0,0.0,0
55.264766563287516,2.0,1.0,0.5781522443082477,1.0,1.0,0.0,0
52.089220833008426,0.0,0.0,0.437883537662819,1.0,1.0,0.0,0
28.556557439635913,1.0,0.0,0.8630175290104294,1.0,1.0,1.0,0
53.00011389048493,2.0,2.0,0.6262041811443995,1.0,0.0,1.0,0
64.20214933995919,1.0,1.0,0.5848853858681727,1.0,1.0,0.0,0
91.74192026503206,1.0,2.0,0.31713265976483795,1.0,0.0,0.0,0
50.850147639849936,1.0,2.0,0.7013456531546991,1.0,0.0,0.0,1
16.83540569039574,0.0,1.0,0.552932483820412,1.0,0.0,0.0,0
92.09312561414708,0.0,1.0,0.9568308156676748,1.0,1.0,1.0,0
0.0,0.0,1.0,0.6016417832912768,1.0,1.0,0.0,0
11.343738955960475,0.0,1.0,0.3103813111442143,1.0,0.0,1.0,0
59.82996389208324,1.0,0.0,0.7217924380206906,1.0,0.0,1.0,0
5.561262058948266,1.0,2.0,0.8931881113344434,1.0,1.0,1.0,1
0.0,0.0,1.0,0.6034690667449303,1.0,1.0,0.0,0
6.659998039903492,0.0,4.0,0.8842693472876239,1.0,0.0,1.0,1
1.4380720246559013,0.0,0.0,0.27834958866105963,0.0,1.0,0.0,0
0.0,0.0,0.0,0.48317111634727383,1.0,1.0,1.0,0
14.712888342046377,0.0,1.0,0.6085017693016643,1.0,1.0,0.0,0
32.39359347551661,1.0,0.0,0.6806733470590507,1.0,0.0,0.0,0
19.149737007629874,0.0,2.0,0.46425051506860293,1.0,1.0,1.0,0
0.0,1.0,1.0,0.45051461909031926,1.0,0.0,0.0,0
0.0,2.0,0.0,0.6351915120954904,1.0,1.0,0.0,0
17.49031184665924,0.0,1.0,0.24481932550275892,1.0,0.0,0.0,0
0.0,1.0,0.0,0.49796100118579967,1.0,0.0,0.0,0
16.987723583698966,1.0,0.0,0.8665525858121026,0.0,1.0,0.0,0
0.9323495270653144,1.0,1.0,0.5396621663026309,1.0,1.0,1.0,0
37.11033953734806,2.0,1.0,0.4513575462545711,1.0,0.0,1.0,1
0.0,0.0,0.0,0.3457464158084042,1.0,1.0,0.0,0
30.137190195506143,1.0,1.0,0.12998788915885734,1.0,0.0,1.0,1
43.58324823251964,0.0,0.0,0.3062593632820088,1.0,0.0,0.0,0
4.973402665795092,0.0,1.0,0.44484201370161397,0.0,0.0,1.0,0
85.14095833570875,2.0,0.0,0.18020895270031737,1.0,0.0,1.0,1
51.805621233814236,0.0,5.0,0.7133521439760471,1.0,1.0,1.0,1
8.324364164935254,2.0,0.0,0.14631559534822255,1.0,0.0,0.0,0
107.9094992726666,4.0,4.0,0.28145056510800504,0.0,0.0,0.0,1
13.523509122524533,0.0,0.0,0.3558378327756938,1.0,1.0,0.0,1
11.741661278565902,0.0,0.0,0.7611302958685234,1.0,0.0,0.0,0
56.80613960274871,1.0,3.0,0.488083133052606,1.0,1.0,0.0,1
7.262170183948561,0.0,0.0,0.6239817646601912,1.0,0.0,0.0,0
25.49256895841735,3.0,3.0,0.6503224571801023,1.0,1.0,0.0,1
114.24760848508694,0.0,0.0,0.40287815809911426,1.0,1.0,0.0,0
0.0,0.0,2.0,0.4195321012520968,1.0,0.0,0.0,0
17.806831323764836,0.0,0.0,0.6137526731921353,1.0,0.0,0.0,0
49.17157651256598,0.0,0.0,0.8455501870846642,1.0,1.0,0.0,0
22.858965634784557,1.0,1.0,0.7749815974493656,1.0,1.0,0.0,0
11.20704207246612,4.0,2.0,0.21454756738897252,1.0,0.0,1.0,1
31.086509021645927,0.0,1.0,0.6141974883763249,1.0,0.0,0.0,0
9.954194267926654,0.0,1.0,0.6926377368184139,1.0,1.0,0.0,0
8.518865573442099,2.0,4.0,0.6100302559443178,1.0,0.0,1.0,1
65.67090629653495,0.0,0.0,0.6205614061269699,1.0,1.0,1.0,0
46.28160232517578,1.0,2.0,0.57390692186092,1.0,0.0,1.0,1
21.18352427119737,4.0,0.0,0.27563195139156116,1.0,1.0,1.0,1
28.561905885713625,0.0,1.0,0.5090588553732229,0.0,1.0,0.0,0
13.22239034796762,1.0,1.0,0.563523778965428,1.0,1.0,0.0,0
0.0,1.0,2.0,0.5578643422156647,1.0,0.0,0.0,0
45.84815727545986,1.0,4.0,0.0982836506942724,1.0,0.0,1.0,0
13.90234228946004,1.0,1.0,0.7568512143235424,1.0,1.0,1.0,1
17.092870433522464,1.0,0.0,0.5667366799547864,1.0,0.0,0.0,0
0.0,2.0,2.0,0.431786944265512,1.0,0.0,1.0,1
0.0,0.0,1.0,0.7478951562009942,1.0,0.0,0.0,0
58.18854135072707,0.0,1.0,0.641177662867992,1.0,1.0,0.0,0
25.877060651663086,1.0,0.0,0.6242191432517956,1.0,0.0,0.0,0
25.746829805893633,1.0,0.0,0.615956027915822,1.0,1.0,1.0,0
0.0,0.0,0.0,0.855343092058174,1.0,1.0,0.0,0
0.0,0.0,0.0,0.5653272947622777,1.0,1.0,1.0,0
30.29330898504666,0.0,0.0,0.381138508751854,1.0,0.0,0.0,0
0.0,1.0,1.0,0.3923179910696423,1.0,0.0,0.0,1
45.49370618376417,3.0,2.0,0.05039954164776655,1.0,0.0,1.0,1
4.295024300201543,0.0,1.0,0.6851656579485391,1.0,1.0,0.0,0
56.96228518822129,1.0,2.0,0.3043391805459025,1.0,0.0,1.0,0
0.0,1.0,1.0,0.6684346724279167,1.0,0.0,0.0,1
25.820932863564753,1.0,0.0,0.4301344704768267,1.0,0.0,0.0,0
35.16744341965487,1.0,0.0,0.6834613237259272,1.0,0.0,0.0,0
0.0,1.0,2.0,0.5114988409123873,1.0,1.0,1.0,0
0.0,1.0,0.0,0.6568302825865479,1.0,1.0,0.0,0
4.1480417562464496,0.0,0.0,0.7776607025027659,1.0,0.0,0.0,0
47.34793189566724,0.0,1.0,0.46321453255908834,1.0,0.0,0.0,0
10.404956407091385,0.0,1.0,0.6927075968786053,0.0,0.0,1.0,1
8.419274807007014,0.0,1.0,0.2641864426494327,1.0,1.0,0.0,0
49.99210059891568,1.0,2.0,0.505811722703036,1.0,0.0,1.0,1
6.2269878064941055,1.0,1.0,0.653242485754834,1.0,0.0,0.0,0
42.25810366288796,0.0,1.0,0.662488821042164,1.0,0.0,0.0,1
35.59388073744796,0.0,0.0,0.44683213017792955,1.0,0.0,0.0,0
69.69089950587144,2.0,1.0,0.23494901335456078,1.0,0.0,1.0,1
26.776775739599092,0.0,0.0,0.3410919483703413,1.0,1.0,1.0,0
6.027766843203214,0.0,3.0,0.48577119644050565,1.0,0.0,1.0,0
128.80632473664016,1.0,1.0,0.5265188293505074,1.0,0.0,1.0,1
0.0,0.0,0.0,0.7203674085833046,1.0,1.0,0.0,0
28.63363420672807,1.0,2.0,0.5042736717397088,1.0,1.0,0.0,0
63.586206055223016,1.0,0.0,0.30324699188273607,1.0,1.0,0.0,0
86.90686709947553,1.0,1.0,0.6802161480919249,1.0,0.0,1.0,1
11.094000624094296,0.0,0.0,0.8148481756399707,1.0,1.0,0.0,0
16.44529417372884,0.0,0.0,0.4054906927382218,1.0,1.0,0.0,0
11.349406463197878,1.0,2.0,0.8586847880116872,1.0,0.0,0.0,0
4.965743693038494,2.0,1.0,0.5202763185714917,1.0,1.0,0.0,1
0.0,1.0,0.0,0.641621187698916,1.0,1.0,0.0,0
73.05604595087613,0.0,1.0,0.702127326886275,1.0,0.0,0.0,1
5.609264896949687,1.0,0.0,0.057238512053887594,0.0,0.0,1.0,1
4.874781048571142,1.0,1.0,0.9810056730011419,1.0,1.0,0.0,0
53.90642514397957,0.0,1.0,0.12608724747242922,1.0,1.0,0.0,1
7.003557651262767,0.0,0.0,0.9177764401794506,1.0,0.0,0.0,0
90.12511538663321,1.0,1.0,0.4394749701392915,1.0,0.0,1.0,1
4.5852916162863595,2.0,0.0,0.5150978007140339,1.0,0.0,1.0,0
43.76887436134528,0.0,2.0,0.41527214754738767,1.0,1.0,1.0,1
9.682330882098471,0.0,2.0,0.48934195011058834,1.0,0.0,0.0,0
51.536275427811795,0.0,2.0,0.6890668957287768,1.0,0.0,0.0,0
38.244653935625095,1.0,2.0,0.5994614267371992,1.0,0.0,0.0,1
11.449794762805645,0.0,0.0,0.11567232066222251,1.0,0.0,1.0,0
47.09172562286501,1.0,0.0,0.8159271541864329,1.0,1.0,1.0,0
11.341141672234404,1.0,0.0,0.12554448198685014,1.0,1.0,0.0,0
15.990212405511567,0.0,0.0,0.47829624644175633,1.0,0.0,0.0,0
0.0,0.0,0.0,0.8667483869208614,1.0,0.0,0.0,0
21.35652072910413,0.0,2.0,0.6941985944403286,0.0,0.0,0.0,0
10.272425032763163,0.0,1.0,0.5280499127972327,1.0,1.0,1.0,0
43.91519284576111,2.0,1.0,0.28277090888032286,1.0,1.0,0.0,1
15.91544609385624,1.0,0.0,0.701478776925574,1.0,0.0,1.0,0
105.89503975678196,0.0,1.0,0.5949341721181504,1.0,1.0,0.0,0
65.77204636550464,2.0,2.0,0.23184478777694317,1.0,0.0,1.0,1
0.0,1.0,2.0,0.6951178966501333,1.0,0.0,0.0,0
74.65820830071519,2.0,0.0,0.435067156652287,0.0,0.0,1.0,1
52.881333454288466,3.0,2.0,0.20140546887416907,1.0,0.0,1.0,1
93.22408574375325,0.0,4.0,0.5340040489664081,0.0,0.0,0.0,1
73.41578218390899,0.0,2.0,0.3218004381955976,1.0,0.0,0.0,0
76.17761190982911,0.0,2.0,0.254606991143394,1.0,0.0,1.0,1
91.39813109143626,0.0,2.0,0.2064667123286687,0.0,0.0,1.0,1
18.52525997992325,1.0,1.0,0.7614980872202637,1.0,1.0,1.0,1
48.92259943296847,3.0,1.0,0.5441888029651238,1.0,0.0,1.0,1
26.703050249384127,0.0,1.0,0.8750394231030488,1.0,1.0,0.0,0
28.404007767999104,0.0,0.0,0.7778573729350562,1.0,1.0,0.0,0
40.513914714634446,2.0,0.0,0.5069850709966688,1.0,1.0,0.0,0
0.0,1.0,0.0,0.49429270299268885,1.0,0.0,0.0,0
79.53075997421598,0.0,3.0,0.2689959422413814,1.0,0.0,0.0,1
74.9775075889933,1.0,0.0,0.49365100045806987,0.0,0.0,1.0,1
46.53685488809114,0.0,0.0,0.6531738788787962,1.0,1.0,0.0,0
7.596375050904431,0.0,0.0,0.30103920735991907,1.0,0.0,1.0,0
1.876636990466391,1.0,3.0,0.6683450128116001,1.0,0.0,1.0,1
65.22110921483271,0.0,2.0,0.28646088881657644,1.0,0.0,1.0,1
9.947208401317795,0.0,1.0,0.8080394735144608,1.0,0.0,0.0,0
36.84901157255837,1.0,2.0,0.9027285447161656,1.0,0.0,1.0,0
30.17475799714344,1.0,0.0,0.4330465723709809,1.0,1.0,0.0,0
33.463910912020474,0.0,0.0,0.6929629498489723,0.0,0.0,0.0,1
46.89665479131501,0.0,0.0,0.29324689507446844,1.0,1.0,0.0,0
7.134909916705552,0.0,1.0,0.8414167083261724,1.0,0.0,1.0,1
54.553450331391346,0.0,1.0,0.5497470811784813,1.0,0.0,1.0,0
67.51078999825349,1.0,2.0,0.20002190011120402,1.0,0.0,1.0,1
28.787893552250402,0.0,1.0,0.9378105378431711,1.0,1.0,0.0,0
67.16405438732242,3.0,1.0,0.1069912306901384,1.0,0.0,1.0,1
0.0,0.0,1.0,0.7455213928603548,1.0,0.0,1.0,0
12.79607322399065,0.0,2.0,0.6246463936886469,1.0,1.0,0.0,0
46.21697544546366,2.0,3.0,0.054878105630498976,1.0,0.0,0.0,1
0.0,0.0,0.0,0.5698601102871678,1.0,1.0,0.0,0
62.67699490648232,1.0,2.0,0.4665164969889771,0.0,0.0,1.0,1
26.066640607915275,1.0,2.0,0.5316991736149017,1.0,1.0,1.0,0
6.354671734873448,2.0,2.0,0.7108883032165867,0.0,1.0,0.0,0
6.929962497535337,0.0,1.0,0.5685834560576283,1.0,0.0,0.0,0
32.088687105813314,1.0,3.0,0.49274073712707084,0.0,0.0,1.0,0
29.6320013892763,2.0,3.0,0.4189889384444671,1.0,1.0,0.0,0
43.24938422025686,2.0,3.0,0.2106864663080513,1.0,0.0,1.0,1
38.33919946253137,1.0,1.0,0.6041548416833764,0.0,0.0,1.0,1
41.29323496811157,0.0,3.0,0.8070177703728594,0.0,0.0,0.0,1
22.733856102838324,0.0,2.0,0.6169920256225813,1.0,0.0,0.0,1
14.737587422326285,1.0,0.0,0.7618958869943151,1.0,1.0,1.0,0
14.308806472499743,0.0,2.0,0.6432279647160676,1.0,0.0,0.0,1
63.98108400515459,0.0,3.0,0.6776925442733607,1.0,0.0,1.0,1
0.0,1.0,0.0,0.849485343398751,1.0,1.0,0.0,0
100.25899000193704,1.0,0.0,0.49713737413636505,1.0,0.0,1.0,0
0.0,0.0,1.0,0.4053256313630001,1.0,1.0,0.0,0
70.25280286614262,1.0,1.0,0.03162969254511004,1.0,1.0,1.0,1
116.65645131198951,2.0,2.0,0.4608232151355785,1.0,0.0,1.0,1
63.54106397487534,3.0,6.0,0.25789278758405726,1.0,0.0,1.0,1
38.20039871219092,0.0,2.0,0.8672642166469974,1.0,0.0,0.0,0
80.37393219623357,0.0,0.0,0.14572732095230462,0.0,0.0,0.0,1
52.932194724312374,1.0,2.0,0.6961292585120735,1.0,0.0,1.0,1
0.0,1.0,0.0,0.8372836211796875,0.0,1.0,1.0,0
0.0,0.0,0.0,0.5249268916355103,1.0,0.0,0.0,0
0.0,0.0,0.0,0.32026933874778923,1.0,0.0,0.0,0
14.18485580270709,0.0,1.0,0.8293182270105056,1.0,0.0,1.0,1
38.97176462118216,0.0,0.0,0.8472804966409782,1.0,0.0,0.0,1
6.293795014141806,2.0,2.0,0.7557471087020758,1.0,0.0,0.0,0
20.42155698608123,0.0,0.0,0.8510295831816646,1.0,1.0,0.0,0
2.6763397648386906,0.0,2.0,0.7130348850075885,1.0,1.0,0.0,0
24.540906547367335,0.0,0.0,0.8585650885980581,1.0,1.0,0.0,0
39.65417409940348,2.0,2.0,0.9139896537370366,0.0,1.0,0.0,1
0.0,0.0,0.0,0.45125994168623995,1.0,1.0,1.0,0
0.0,0.0,0.0,0.9377155527555376,1.0,1.0,0.0,0
0.0,0.0,2.0,0.7292715310043412,1.0,1.0,0.0,0
31.375659039378434,0.0,0.0,0.05939161248523587,1.0,0.0,0.0,0
23.427541137234407,1.0,2.0,0.6100770355888233,1.0,0.0,1.0,1
22.75802951701953,3.0,2.0,0.5884536017892997,1.0,1.0,1.0,1
0.0,1.0,0.0,0.4138056062896215,1.0,0.0,1.0,0
1.8485591606134593,0.0,0.0,0.5209169342194875,1.0,1.0,0.0,0
13.858126697368716,0.0,2.0,0.09152148802100826,1.0,0.0,0.0,1
26.420966542948882,0.0,2.0,0.4308170983436164,1.0,1.0,1.0,1
0.0,0.0,1.0,0.6426714000181967,1.0,1.0,0.0,0
72.70804238368076,2.0,0.0,0.26009694092985586,1.0,1.0,1.0,1
0.0,0.0,0.0,0.4690733863368574,1.0,0.0,0.0,0
22.654193025314573,0.0,2.0,0.7665237107574885,1.0,1.0,0.0,0
70.89266132168905,2.0,2.0,0.25192959656220887,1.0,1.0,1.0,0
21.244281483562688,0.0,2.0,0.6484776899765015,1.0,0.0,0.0,0
12.241538405996913,0.0,0.0,0.3894650814519582,1.0,0.0,0.0,0
4.935306240765634,3.0,2.0,0.40646993698606354,1.0,1.0,1.0,1
23.257177451056506,1.0,1.0,0.4857851867829405,1.0,0.0,1.0,1
0.0,2.0,3.0,0.28859392855941307,0.0,0.0,0.0,1
19.408910174795388,0.0,0.0,0.6407271222356806,1.0,0.0,0.0,0
0.0,1.0,0.0,0.28433838185168964,1.0,0.0,0.0,0
92.41164138580787,2.0,3.0,0.5371250626966817,1.0,0.0,1.0,1
0.0,2.0,1.0,0.5142737386836082,1.0,1.0,1.0,0
9.406880883995985,0.0,0.0,0.8182931773566475,0.0,1.0,0.0,0
81.05808733601695,0.0,3.0,0.41049929282936043,1.0,0.0,1.0,1
35.989256415410495,0.0,1.0,0.3851414749865211,1.0,0.0,0.0,0
16.443619869926174,0.0,2.0,0.87931553418611,1.0,0.0,1.0,1
45.62376185679096,1.0,3.0,0.13993533719359563,0.0,0.0,1.0,1
58.348261960094135,1.0,0.0,0.42002148519920857,1.0,1.0,0.0,0
14.418032915932118,2.0,1.0,0.9254116070514586,1.0,0.0,1.0,0
13.896802914975787,0.0,0.0,0.3406508196252942,1.0,0.0,1.0,0
9.743608226998504,3.0,0.0,0.3372234581224161,1.0,0.0,1.0,1
0.0,0.0,2.0,0.5844846094286681,1.0,1.0,0.0,0
38.108966611647126,0.0,0.0,0.679796197232869,1.0,1.0,0.0,0
0.0,0.0,0.0,0.7212552250924001,1.0,0.0,1.0,0
117.2792860033369,1.0,1.0,0.7376461522276181,1.0,0.0,1.0,0
10.737949800551569,1.0,0.0,0.6478395000592415,1.0,0.0,1.0,1
0.0,0.0,0.0,0.855806412196724,1.0,1.0,1.0,1
77.62992731669071,0.0,1.0,0.9528252154750145,1.0,0.0,1.0,0
13.010482049371483,2.0,0.0,0.4950155034282412,1.0,1.0,0.0,0
24.206828043942167,0.0,1.0,0.4137605636127644,1.0,1.0,1.0,0
2.859547946549272,0.0,0.0,0.6724923674542433,1.0,1.0,0.0,0
0.0,0.0,4.0,0.48477154673087675,1.0,0.0,1.0,1
37.19019144557714,2.0,3.0,0.333556599564418,1.0,0.0,1.0,1
2.9195714294851838,1.0,1.0,0.5615963283039096,1.0,1.0,0.0,0
14.660578067899339,1.0,0.0,0.46405546301468353,1.0,0.0,0.0,0
86.71173838584279,2.0,1.0,0.721597866854233,1.0,0.0,1.0,1
34.05490050278773,0.0,0.0,0.9399596594285989,1.0,1.0,0.0,0
29.89060762345623,1.0,0.0,0.5631482167755241,1.0,1.0,0.0,0
0.0,0.0,2.0,0.3323071178588472,1.0,0.0,1.0,0
20.43061774797912,0.0,1.0,0.8221726179557152,1.0,0.0,1.0,0
0.0,0.0,0.0,0.6425378647810324,1.0,1.0,0.0,0
46.80358641012976,3.0,2.0,0.635976696736543,1.0,0.0,1.0,1
57.85003227736218,3.0,3.0,0.2575581987547308,0.0,0.0,1.0,1
22.109869000728096,1.0,3.0,0.5577011691034217,1.0,1.0,0.0,0
0.6391780874394128,0.0,0.0,0.6915506157044331,1.0,1.0,0.0,0
55.10105298706948,0.0,1.0,0.38734622347234104,1.0,0.0,0.0,0
61.50700674159293,0.0,4.0,0.7872781961470019,1.0,0.0,0.0,0
75.66716950710304,2.0,1.0,0.4792689675712304,0.0,0.0,0.0,1
19.96564627152644,0.0,0.0,0.648434463555563,1.0,0.0,0.0,0
42.56174895338558,1.0,2.0,0.6154116611607054,1.0,0.0,0.0,0
27.748451693731273,1.0,0.0,0.5848439491560876,1.0,0.0,0.0,0
88.49240426543122,2.0,0.0,0.16146958382518875,0.0,0.0,1.0,1
4.988772216155255,0.0,1.0,0.12852139043702673,0.0,1.0,1.0,0
2.000395347467861,1.0,0.0,0.9019179685879972,1.0,1.0,0.0,0
44.07922526810412,1.0,5.0,0.4938352323714964,1.0,0.0,1.0,1
10.70489059504325,0.0,0.0,0.29640635134779414,1.0,0.0,0.0,0
28.14702548220246,2.0,0.0,0.4858641859097493,1.0,1.0,1.0,1
26.54856418128526,0.0,1.0,0.8630837622863933,1.0,1.0,0.0,0
10.927206452032678,0.0,1.0,0.6391915478615073,0.0,1.0,0.0,1
59.47542256825726,1.0,0.0,0.5753907373079538,1.0,0.0,0.0,0
0.0,2.0,1.0,0.8428760315608079,1.0,1.0,0.0,0
27.895401064119152,1.0,1.0,0.47584280184908884,0.0,1.0,0.0,0
2.8305567958502884,1.0,0.0,0.5745895568708251,1.0,0.0,0.0,0
0.0,1.0,0.0,0.6425227892235292,0.0,0.0,0.0,0
77.4740535951383,3.0,2.0,0.6128968739201589,1.0,0.0,1.0,1
0.0,0.0,3.0,0.47878654723213365,1.0,0.0,0.0,0
95.58190005650275,2.0,2.0,0.08332801976345662,1.0,0.0,1.0,1
0.0,0.0,2.0,0.7741552990322982,0.0,0.0,0.0,0
16.39686528125739,0.0,1.0,0.8161204179733735,1.0,1.0,1.0,0
0.0,0.0,0.0,0.7457157360833447,1.0,0.0,0.0,0
111.15110488937663,1.0,2.0,0.44365085747495125,1.0,0.0,0.0,1
13.341705553623026,2.0,1.0,0.671877578996698,0.0,1.0,0.0,0
24.225624122594475,4.0,2.0,0.3301395960132431,1.0,1.0,0.0,1
3.3360820928496793,1.0,1.0,0.5379379265175583,1.0,0.0,0.0,0
17.549109308938803,1.0,0.0,0.8392265944293963,1.0,1.0,0.0,0
77.33546025165155,0.0,1.0,0.2800431970902803,1.0,0.0,0.0,1
33.45085236432766,0.0,0.0,0.3563050662747253,1.0,0.0,1.0,0
28.374990160262065,1.0,0.0,0.5765388474395726,1.0,1.0,1.0,0
5.737162411829363,1.0,1.0,0.4454158741007993,1.0,1.0,0.0,1
16.03711717802792,0.0,1.0,0.4397483105055106,1.0,1.0,0.0,0
29.627467490867225,1.0,1.0,0.5997481431246495,0.0,1.0,1.0,0
77.55153087337357,1.0,1.0,0.23268995785963015,1.0,0.0,1.0,1
50.242003772080736,0.0,0.0,0.7116901278417429,1.0,1.0,1.0,0
42.44434773534579,0.0,0.0,0.7353262292635717,1.0,0.0,0.0,0
0.0,2.0,0.0,0.5276782605262054,1.0,1.0,0.0,0
33.59499542103119,0.0,2.0,0.5246440988085511,1.0,1.0,0.0,0
28.17409662840287,1.0,1.0,0.3355850479338842,1.0,0.0,0.0,0
41.571153094566,1.0,1.0,0.29689338173960395,1.0,0.0,0.0,0
60.63333740493546,2.0,2.0,0.3595179217935437,0.0,1.0,0.0,1
7.5963584978738785,0.0,1.0,0.5197804798077776,1.0,0.0,1.0,0
42.90338593139661,4.0,2.0,0.7266360584232137,1.0,1.0,1.0,1
74.47985375794812,6.0,2.0,0.2836340188756434,1.0,0.0,1.0,1
0.0,0.0,1.0,0.6698316897253556,1.0,1.0,0.0,0
70.25489908884657,1.0,1.0,0.5906383646956727,1.0,0.0,1.0,0
40.865366016953985,0.0,2.0,0.9085820637244286,1.0,1.0,0.0,0
14.704699059453533,2.0,1.0,0.845332708300293,1.0,0.0,0.0,1
0.0,0.0,1.0,0.6505208280167666,1.0,1.0,0.0,0
15.421333106348289,1.0,1.0,0.859774045618762,1.0,1.0,0.0,0
60.291609067755516,0.0,1.0,0.603934332404378,1.0,0.0,0.0,0
0.0,0.0,0.0,0.6235112677710325,0.0,1.0,0.0,0
16.665960310560497,0.0,0.0,0.6279842019938875,1.0,1.0,1.0,0
42.97287214171455,1.0,0.0,0.7553293768266062,0.0,0.0,1.0,1
35.98087206330213,2.0,5.0,0.6061004499028841,1.0,1.0,1.0,1
61.381190801780306,0.0,2.0,0.31039744322178503,1.0,1.0,1.0,1
11.193453853278527,0.0,0.0,0.7223214710493502,1.0,1.0,1.0,0
30.538054103247873,5.0,2.0,0.544897073808042,1.0,1.0,0.0,1
29.49681887450897,0.0,2.0,0.2480871590199368,1.0,1.0,0.0,1
15.568274513270158,0.0,0.0,0.7190951802734046,1.0,0.0,0.0,0
132.78433815245074,1.0,1.0,0.22308184082207083,1.0,1.0,1.0,1
101.18887602780995,2.0,2.0,0.551022963590787,0.0,0.0,1.0,1
10.083101541932066,0.0,2.0,0.7991125266896955,1.0,0.0,0.0,0
26.89582653816744,0.0,0.0,0.863477161803018,1.0,1.0,1.0,0
96.70577983473713,2.0,3.0,0.2992579026403004,1.0,0.0,1.0,1
0.0,0.0,0.0,0.3008461287759357,1.0,1.0,0.0,0
12.08258789844582,2.0,0.0,0.21993987594140324,1.0,0.0,0.0,1
0.0,0.0,0.0,0.4568233082718687,0.0,1.0,1.0,0
17.719014774067382,1.0,0.0,0.6000332972070077,1.0,1.0,1.0,0
43.42713373524425,0.0,0.0,0.7848788888209481,0.0,0.0,1.0,0
26.239945101607336,0.0,1.0,0.5839532133368243,1.0,1.0,0.0,0
0.0,0.0,0.0,0.793742928030154,1.0,0.0,1.0,1
0.9061280352949339,0.0,0.0,0.6972653529709321,0.0,1.0,0.0,0
25.72841348007747,0.0,0.0,0.813178833965019,1.0,1.0,1.0,0
48.74680953949216,0.0,2.0,0.7053145061658541,1.0,1.0,0.0,0
51.5477456838061,1.0,5.0,0.8387375368811252,1.0,1.0,0.0,1
16.14493199137386,2.0,0.0,0.4382989326102493,1.0,1.0,0.0,0
33.90722796352546,0.0,1.0,0.8287577603644064,1.0,0.0,1.0,0
47.985824836149355,1.0,1.0,0.5699169099678584,1.0,1.0,0.0,0
51.84643568835932,0.0,0.0,0.43535635124759553,1.0,1.0,1.0,0
20.580347021858234,1.0,0.0,0.5402807272251717,1.0,1.0,0.0,0
0.0,0.0,1.0,0.748301941741035,1.0,0.0,0.0,0
33.952073087487676,1.0,1.0,0.8597882897635777,1.0,0.0,1.0,1
36.07506334579985,0.0,0.0,0.8791096134675602,1.0,0.0,0.0,0
11.717103692249385,4.0,4.0,0.3369301857773939,0.0,0.0,0.0,1
17.10993305835409,0.0,1.0,0.6692502887867724,1.0,0.0,0.0,0
39.282005944631635,2.0,0.0,0.5255282018164328,0.0,1.0,0.0,0
1.6965113357773376,0.0,1.0,0.47967450108932197,1.0,1.0,1.0,0
135.24185339246554,2.0,1.0,0.1943941083787053,1.0,0.0,1.0,1
39.207601404715504,1.0,2.0,0.7896710865504684,1.0,0.0,1.0,1
0.0,1.0,2.0,0.9104018511726194,1.0,0.0,1.0,0
14.494421920257803,1.0,1.0,0.27700761908440785,1.0,1.0,1.0,0
52.8657520898109,2.0,2.0,0.1524653488936872,1.0,0.0,1.0,1
0.0,1.0,0.0,0.46843953347466144,1.0,0.0,0.0,0
61.50617685126694,0.0,2.0,0.8894312929500465,1.0,0.0,0.0,0
24.565378364451643,0.0,0.0,0.5184948740712233,1.0,0.0,1.0,1
33.92557419593779,0.0,0.0,0.5285586512162815,1.0,1.0,1.0,0
53.74195811626038,4.0,2.0,0.49322508816790117,1.0,0.0,1.0,1
0.0,0.0,0.0,0.3594198237499347,1.0,1.0,0.0,0
103.42922930221177,0.0,2.0,0.4147467169896037,1.0,0.0,1.0,1
23.865356948947856,0.0,2.0,0.7823888776264482,1.0,0.0,0.0,0
119.90195861808196,2.0,1.0,0.8684443301157123,1.0,0.0,0.0,0
4.8362608129931495,0.0,1.0,0.79044314047975,1.0,1.0,0.0,0
62.51089665258188,1.0,1.0,0.755913365065379,1.0,0.0,0.0,0
33.56532330448309,1.0,1.0,0.1639024810183039,1.0,1.0,0.0,0
47.52765885125062,0.0,1.0,0.31404753174393457,1.0,0.0,1.0,0
36.98456485365495,0.0,0.0,0.9630573845843391,1.0,1.0,0.0,1
44.33764531907218,0.0,4.0,0.7936878226795304,1.0,0.0,0.0,1
6.2140104602865645,0.0,0.0,0.7527086784880194,1.0,1.0,0.0,0
45.3591987515563,5.0,2.0,0.5646446898044075,1.0,0.0,1.0,1
11.967430528432116,1.0,0.0,0.7553126180877475,1.0,0.0,1.0,0
21.297484669005957,0.0,0.0,0.6772659844272635,1.0,0.0,0.0,0
22.219211588468276,0.0,0.0,0.7809810514388478,1.0,1.0,0.0,0
24.436078386629692,0.0,1.0,0.5492876005016354,1.0,1.0,0.0,0
0.0,1.0,0.0,0.6955433006123387,0.0,0.0,0.0,0
16.826957973936864,2.0,2.0,0.7831811917867669,1.0,0.0,1.0,1
55.870094705732505,0.0,3.0,0.40058881315441924,1.0,0.0,1.0,0
52.85471883892478,0.0,0.0,0.3166780470005148,1.0,1.0,1.0,0
23.60447107322832,1.0,1.0,0.7004288346561358,1.0,1.0,0.0,0
75.35191571064266,4.0,0.0,0.6622816905505786,1.0,0.0,1.0,0
0.002589179573071476,0.0,1.0,0.5854851686403222,1.0,1.0,0.0,0
67.8487089088156,0.0,1.0,0.48488313372027814,1.0,1.0,1.0,1
0.0,1.0,1.0,0.6423014050075954,1.0,0.0,0.0,0
64.07132325897057,0.0,1.0,0.2976961448884504,1.0,0.0,0.0,0
5.1529062110039865,0.0,1.0,0.47314418571695616,1.0,1.0,0.0,0
152.29149871949812,2.0,0.0,0.46138039268026787,1.0,0.0,0.0,1
38.467993547481385,1.0,0.0,0.5734509108018065,1.0,1.0,0.0,0
51.2169653501434,0.0,0.0,0.6556593990512739,1.0,0.0,1.0,1
133.92778275290487,2.0,1.0,0.8337827228673412,1.0,0.0,0.0,0
36.94138585643577,1.0,1.0,0.3016765873631099,1.0,0.0,1.0,1
59.5578172756542,0.0,2.0,0.6514814622693136,1.0,1.0,0.0,0
30.783650463108206,0.0,2.0,0.31682859897424676,1.0,0.0,0.0,0
164.48660767321277,1.0,0.0,0.4149308814759847,0.0,0.0,1.0,0
10.707309577232216,0.0,0.0,0.44887087689578953,1.0,1.0,0.0,0
4.578253218114621,0.0,2.0,0.878289795681009,1.0,0.0,0.0,0
10.408415488059871,0.0,3.0,0.3137696404447661,1.0,0.0,0.0,0
2.56451598880233,0.0,1.0,0.6926942578505565,1.0,0.0,0.0,0
5.454322978656999,3.0,0.0,0.5730153348634285,0.0,0.0,0.0,1
47.709598075492025,0.0,2.0,0.5922853057321853,1.0,1.0,1.0,0
52.42443010914284,1.0,1.0,0.5634381587345502,1.0,1.0,1.0,1
0.0,0.0,1.0,0.38969711378669486,1.0,0.0,0.0,0
70.06275017826533,0.0,2.0,0.6689620432154112,1.0,0.0,0.0,0
34.735773341692756,0.0,0.0,0.6151261083099674,1.0,0.0,1.0,1
0.0,0.0,1.0,0.6860747958287475,1.0,0.0,1.0,0
12.941314221837624,1.0,0.0,0.6720516680669432,1.0,0.0,0.0,0
45.75635416145692,1.0,2.0,0.04782364091508718,1.0,0.0,1.0,1
75.00811649636137,1.0,3.0,0.24560801149796616,1.0,1.0,0.0,1
41.217801403758926,0.0,0.0,0.5613983819513294,1.0,1.0,0.0,0
52.17901111159006,1.0,2.0,0.22866570677443943,1.0,0.0,0.0,1
57.13850588409438,0.0,1.0,0.21362196244430548,1.0,1.0,1.0,0
0.0,2.0,0.0,0.8742257043356952,1.0,0.0,0.0,0
86.22547470708011,4.0,1.0,0.27095385300484814,1.0,1.0,1.0,1
11.490011968535669,0.0,1.0,0.29713948559327924,1.0,0.0,0.0,0
58.98036527241813,2.0,0.0,0.5162857410965598,1.0,0.0,0.0,1
13.41504745545123,0.0,1.0,0.3515319284332606,1.0,1.0,0.0,0
15.940566280444783,0.0,0.0,0.727278710580445,1.0,1.0,1.0,1
10.525562287801929,1.0,0.0,0.6235731257528362,1.0,0.0,0.0,0
45.76934437794691,3.0,0.0,0.44335536764117855,0.0,0.0,0.0,1
53.879831914235595,0.0,0.0,0.5945425170607017,1.0,1.0,0.0,0
14.348817579480073,0.0,1.0,0.4543620077022552,1.0,1.0,1.0,0
11.442793008794546,2.0,0.0,0.7491283168863943,1.0,0.0,0.0,0
2.5056456512489023,1.0,1.0,0.47363687806783294,1.0,1.0,0.0,0
16.027261958932076,1.0,2.0,0.2840735583955787,1.0,1.0,0.0,0
45.632777815731245,2.0,4.0,0.155099395461744,1.0,0.0,0.0,1
16.68565775750185,0.0,0.0,0.3501559535726506,1.0,1.0,0.0,1
52.661190213670054,1.0,0.0,0.5833747764277625,1.0,1.0,0.0,0
13.157559407085044,0.0,2.0,0.5035185740436368,1.0,0.0,0.0,0
10.334085001745944,0.0,1.0,0.40477171348361346,1.0,0.0,0.0,0
14.948620990296305,1.0,1.0,0.09697743736103218,1.0,1.0,0.0,0
94.76337055331102,4.0,5.0,0.15877814945010194,0.0,0.0,0.0,1
45.103145294387836,0.0,2.0,0.7382401209689671,1.0,0.0,1.0,1
30.849723301204804,1.0,1.0,0.467550006959589,1.0,1.0,0.0,0
38.30557917687125,2.0,5.0,0.1490881851482546,1.0,0.0,1.0,1
83.3723662314919,3.0,1.0,0.4521992280659607,1.0,0.0,1.0,1
37.39378332429668,3.0,4.0,0.37625634736825164,1.0,0.0,0.0,1
39.26120103134655,0.0,0.0,0.8370521075859246,1.0,0.0,0.0,0
5.8255314023099976,1.0,1.0,0.2695554721087774,1.0,0.0,1.0,0
45.76305958648101,0.0,0.0,0.9778947842703727,1.0,0.0,1.0,0
0.0,0.0,0.0,0.705441734261867,1.0,1.0,1.0,0
0.0,1.0,0.0,0.32273705138472947,1.0,1.0,0.0,0
14.351970043293104,1.0,1.0,0.932962034773837,1.0,0.0,0.0,0
72.27840330232989,3.0,1.0,0.5835550814696245,1.0,0.0,1.0,1
67.04791306197188,2.0,4.0,0.5902979162944972,0.0,0.0,0.0,1
36.4597657806752,0.0,1.0,0.9226215535975121,1.0,0.0,0.0,0
14.738964350569894,1.0,0.0,0.7366983063038134,1.0,0.0,1.0,0
26.323141151373875,1.0,0.0,0.4326694393541239,1.0,1.0,0.0,1
31.521536152979476,1.0,1.0,0.5214049631919953,1.0,0.0,1.0,1
0.0,0.0,1.0,0.3670866767375488,1.0,0.0,1.0,0
56.15904101277865,3.0,1.0,0.2422378602470074,1.0,0.0,1.0,1
69.70432858427202,2.0,4.0,0.6832025019050287,1.0,0.0,0.0,1
33.78868287180433,1.0,2.0,0.5241922761240412,1.0,0.0,0.0,1
2.4560811615117575,1.0,2.0,0.490503440419467,1.0,0.0,0.0,1
0.0,0.0,0.0,0.7190956092858392,1.0,0.0,1.0,0
75.30200579459466,1.0,3.0,0.18503495502228234,1.0,0.0,1.0,1
0.0,0.0,1.0,0.6124847443572944,1.0,1.0,0.0,0
38.77324196482881,1.0,1.0,0.42497147124927526,1.0,0.0,1.0,0
23.571070692422666,0.0,1.0,0.7943470083580232,1.0,1.0,0.0,0
51.400218498046506,0.0,1.0,0.5173040320709822,1.0,1.0,1.0,0
12.073203752393674,0.0,2.0,0.5170556218859319,1.0,0.0,1.0,0
134.18897090470793,0.0,1.0,0.15347241230679198,1.0,0.0,0.0,1
5.464037959600379,0.0,0.0,0.6808455756856261,1.0,0.0,0.0,0
61.56534445234618,0.0,2.0,0.5336073939342076,1.0,0.0,0.0,0
42.58053054745585,0.0,0.0,0.05498936665844364,1.0,1.0,0.0,0
29.509319869558475,1.0,1.0,0.65069759873773,1.0,0.0,0.0,0
20.40683575374089,0.0,0.0,0.6599706557303783,1.0,0.0,0.0,0
80.32441815856333,1.0,3.0,0.599250319687345,1.0,0.0,1.0,1
22.242500355300443,1.0,1.0,0.5271657462997132,1.0,1.0,1.0,0
60.66513332124576,0.0,2.0,0.2256413326058772,1.0,0.0,1.0,0
59.39721857579245,1.0,4.0,0.627975411095876,1.0,1.0,1.0,1
9.476384871778254,1.0,0.0,0.5922679666280465,1.0,1.0,0.0,0
31.318554030520588,1.0,0.0,0.6510936641666731,1.0,1.0,0.0,0
155.6612486412441,0.0,1.0,0.7554888482876071,0.0,1.0,0.0,0
59.24080796372796,0.0,0.0,0.6898109475823572,1.0,0.0,0.0,0
19.025879568428465,2.0,1.0,0.6139101525217996,1.0,0.0,0.0,1
98.620992861113,6.0,2.0,0.043038656251533774,1.0,1.0,1.0,1
0.0,0.0,1.0,0.6417968066391742,1.0,1.0,0.0,0
47.16230232207688,1.0,1.0,0.37738612307060393,0.0,0.0,1.0,1
13.463260668455394,1.0,1.0,0.8194571325663091,1.0,0.0,1.0,1
20.835228724001382,0.0,1.0,0.512956714221438,1.0,1.0,0.0,0
65.60675187815852,1.0,2.0,0.17377283372640792,1.0,0.0,1.0,1
102.40766855803578,0.0,2.0,0.13022720534795768,1.0,0.0,1.0,1
122.01865811087004,1.0,0.0,0.46675331150315197,0.0,1.0,1.0,1
18.916510675824167,0.0,1.0,0.6112257383729226,1.0,1.0,0.0,0
56.559105695255525,3.0,1.0,0.6233730641286321,1.0,0.0,0.0,1
60.41843990510782,1.0,3.0,0.5418198377956226,1.0,0.0,1.0,1
3.1067016305076844,0.0,0.0,0.5802598399330168,1.0,0.0,1.0,0
57.87333588177462,1.0,1.0,0.42041134947948755,1.0,0.0,0.0,0
29.8677342249198,1.0,3.0,0.6408799614662688,1.0,1.0,0.0,1
77.77375870687884,4.0,4.0,0.5441689795057283,0.0,0.0,0.0,1
59.97532837857517,1.0,0.0,0.602255216812647,1.0,0.0,0.0,0
22.800643320262207,0.0,0.0,0.4982868737229276,1.0,1.0,0.0,0
6.396656871318212,0.0,0.0,0.28871267234343606,1.0,1.0,0.0,0
6.7301188397269645,0.0,0.0,0.736906150171459,1.0,1.0,1.0,0
19.00936301799252,0.0,0.0,0.0993308376798719,1.0,1.0,1.0,0
55.27532328944423,0.0,1.0,0.6008789615194391,0.0,1.0,0.0,0
2.6163815004742332,1.0,0.0,0.4596452550970766,1.0,1.0,0.0,0
0.0,0.0,0.0,0.7743889679399846,1.0,1.0,1.0,0
13.776290431072658,0.0,1.0,0.6892504600576261,1.0,0.0,0.0,0
0.0,0.0,0.0,0.42912198283200814,1.0,1.0,0.0,0
38.17828696040376,0.0,3.0,0.8375478779979836,1.0,1.0,1.0,1
0.0,0.0,0.0,0.608493220955221,1.0,1.0,0.0,0
7.899879918121224,0.0,2.0,0.7834044792949719,1.0,0.0,0.0,0
22.43096499455025,0.0,1.0,0.029414196458349147,1.0,0.0,0.0,1
96.01293180424271,2.0,0.0,0.590446288127948,1.0,0.0,0.0,0
51.6148748446046,0.0,2.0,0.6663601203009728,1.0,1.0,1.0,1
3.279345462773467,2.0,1.0,0.6968406787686426,1.0,1.0,0.0,0
0.1606209948327313,0.0,2.0,0.7607016392276548,1.0,0.0,1.0,0
83.05382849186402,3.0,0.0,0.638701342481989,1.0,1.0,0.0,0
39.780753280997736,0.0,2.0,0.9296911138774615,1.0,1.0,0.0,0
40.11823035546902,0.0,1.0,0.6793310488074883,1.0,1.0,0.0,1
6.103480566344319,1.0,0.0,0.6934813742106511,0.0,0.0,1.0,0
51.20007008702447,0.0,1.0,0.6600277402036262,1.0,0.0,1.0,0
17.283862319724086,0.0,0.0,0.9134467292161563,1.0,1.0,0.0,0
35.1561571231253,1.0,0.0,0.5109179523263873,1.0,1.0,0.0,0
21.23068405834754,0.0,2.0,0.8664380147576859,1.0,0.0,0.0,0
85.58212347070297,1.0,0.0,0.7183976823743898,0.0,0.0,0.0,0
64.67986432153772,0.0,1.0,0.4794795204219109,1.0,1.0,0.0,0
0.0,0.0,1.0,0.6321665937825526,1.0,1.0,0.0,0
12.28015616430119,1.0,2.0,0.7113101950771701,1.0,0.0,0.0,0
45.159977934002306,1.0,2.0,0.5561444216185606,1.0,0.0,1.0,1
48.696846741877096,0.0,0.0,0.6562198558059686,1.0,0.0,0.0,0
27.36726522326174,0.0,1.0,0.4535921121528135,1.0,1.0,0.0,0
69.06208414895332,0.0,1.0,0.4582802905759052,1.0,0.0,1.0,0
0.0,0.0,1.0,0.36686617714921427,1.0,1.0,0.0,0
31.558835205173054,2.0,1.0,0.5835133303200085,1.0,1.0,1.0,0
12.574521846639229,0.0,1.0,0.8252025906958299,1.0,0.0,0.0,0
105.1283462088416,3.0,1.0,0.02366828663818368,1.0,0.0,1.0,1
11.74325676772023,0.0,3.0,0.8340450507731306,1.0,1.0,1.0,1
18.701924933058216,1.0,1.0,0.7073654111171721,1.0,1.0,0.0,0
4.443649673754407,0.0,0.0,0.466261523597064,0.0,1.0,0.0,0
9.838916197785654,0.0,1.0,0.6809961667833039,1.0,0.0,0.0,1
14.781201041219788,0.0,3.0,0.4830993873157566,1.0,0.0,0.0,0
0.23685432294071163,1.0,0.0,0.544709953776714,1.0,0.0,0.0,0
80.09924922946722,0.0,0.0,0.5681839703527009,1.0,1.0,0.0,0
31.03671854066205,1.0,2.0,0.7002333127187577,1.0,0.0,1.0,1
108.1232751860598,2.0,2.0,0.3629838702770074,1.0,1.0,0.0,1
50.89407275772108,1.0,0.0,0.5665991280693785,1.0,1.0,0.0,0
26.41093890866648,0.0,0.0,0.5561006166073769,1.0,0.0,1.0,0
16.006049491351632,1.0,0.0,0.6213476863925871,1.0,1.0,0.0,0
160.81478214319003,1.0,1.0,0.3754972609160088,1.0,0.0,1.0,1
0.0,1.0,2.0,0.2806924073424457,1.0,0.0,1.0,1
16.472206814999204,0.0,1.0,0.6427005427958893,1.0,1.0,1.0,0
17.157493876434074,1.0,0.0,0.5858441142196719,1.0,1.0,0.0,0
16.568527772631413,1.0,1.0,0.04715083232321959,1.0,0.0,0.0,1
0.0,0.0,1.0,0.11826875208023893,1.0,1.0,0.0,0
57.42422432614603,8.0,1.0,0.35469515815385666,1.0,0.0,1.0,1
61.54504706703081,0.0,1.0,0.7900487575523144,1.0,1.0,0.0,0
36.28755565373088,1.0,1.0,0.8280168946547731,1.0,1.0,1.0,0
56.844528220737494,0.0,0.0,0.2771382823467975,1.0,0.0,0.0,1
8.38547318829782,1.0,1.0,0.7023904035450438,1.0,1.0,0.0,0
9.71519265369509,1.0,0.0,0.7633024671961097,1.0,0.0,1.0,0
72.86328497607134,7.0,1.0,0.40497950695009227,1.0,0.0,0.0,1
118.1246740387896,1.0,1.0,0.28497055723176873,1.0,0.0,0.0,1
22.904890171392335,0.0,0.0,0.290049682808042,1.0,1.0,0.0,1
10.324741623519436,2.0,1.0,0.8745123881246903,1.0,0.0,0.0,0
44.108886068535696,1.0,0.0,0.27793656630300695,1.0,1.0,0.0,0
59.0564650955032,0.0,1.0,0.45990187916677383,1.0,1.0,1.0,0
12.052262960229118,2.0,1.0,0.706036800004497,1.0,1.0,0.0,0
28.455254696643216,2.0,2.0,0.556288728727908,0.0,0.0,0.0,0
0.0,0.0,0.0,0.398320206401528,1.0,1.0,0.0,0
40.11561643592991,0.0,0.0,0.721110171579345,1.0,0.0,0.0,0
11.949343260414759,0.0,0.0,0.6322121610974963,1.0,0.0,1.0,0
37.50649058318835,0.0,1.0,0.4651582787123089,1.0,1.0,0.0,0
24.85169647283197,2.0,0.0,0.5049508329523896,1.0,1.0,0.0,0
39.218494239240904,0.0,0.0,0.37216725909422005,1.0,1.0,1.0,0
0.0,0.0,0.0,0.43446855857428934,0.0,0.0,0.0,0
7.004117126792628,0.0,0.0,0.9753617165728881,1.0,1.0,0.0,0
20.24166557879412,0.0,2.0,0.9484833138073426,0.0,1.0,0.0,0
43.37410433924569,0.0,1.0,0.509284451350279,1.0,1.0,0.0,0
0.0,0.0,1.0,0.7300733764963282,1.0,1.0,0.0,0
16.816497622495316,0.0,1.0,0.7444105748996203,1.0,0.0,0.0,0
20.357503975645102,0.0,0.0,0.4665760258846136,1.0,1.0,0.0,0
66.25286135585739,0.0,0.0,0.7206356568346873,1.0,0.0,0.0,0
24.57554742522145,0.0,0.0,0.7268545648567603,1.0,1.0,0.0,0
20.45767158191057,0.0,3.0,0.8797141477539326,1.0,0.0,0.0,1
69.22677652578135,0.0,0.0,0.04445467523514231,0.0,0.0,1.0,1
15.066314582692007,1.0,0.0,0.25692760688724026,1.0,0.0,0.0,0
54.14479609255131,1.0,0.0,0.21795660408566256,1.0,0.0,1.0,1
4.281242753375633,0.0,2.0,0.6029105299200677,1.0,0.0,1.0,1
27.42536480689983,1.0,3.0,0.5803330025644309,1.0,0.0,1.0,1
68.5782125310399,0.0,4.0,0.573259676039667,1.0,0.0,0.0,1
12.78659454787946,0.0,1.0,0.7974420301462417,1.0,0.0,0.0,0
28.054872516992923,0.0,0.0,0.3818238250495042,1.0,0.0,1.0,0
61.52565009961362,0.0,1.0,0.521599290947134,1.0,1.0,1.0,0
37.74797939719275,2.0,0.0,0.49507921638393604,0.0,0.0,0.0,1
22.78222607099847,2.0,0.0,0.2787816738755183,1.0,0.0,0.0,0
2.550448461502972,0.0,0.0,0.8782186897453808,1.0,1.0,1.0,0
105.30237211877142,1.0,2.0,0.1286931607982454,0.0,1.0,0.0,1
39.98284378432946,0.0,1.0,0.3467018464462371,1.0,0.0,1.0,1
61.724580439197595,2.0,1.0,0.6886887093283071,1.0,0.0,1.0,1
42.64405848748696,0.0,0.0,0.5018745223950848,1.0,0.0,0.0,0
54.65897564349737,0.0,0.0,0.38174128357475656,1.0,1.0,0.0,0
34.580693686867846,1.0,0.0,0.6508308999637031,1.0,1.0,0.0,0
115.26165130996023,0.0,1.0,0.5414865730661843,1.0,1.0,1.0,0
12.091163548708959,0.0,0.0,0.3907533758832737,0.0,1.0,0.0,0
45.20370628087181,0.0,1.0,0.5164987025806405,1.0,1.0,0.0,0
2.4809496318601294,3.0,3.0,0.7712115854097017,1.0,0.0,1.0,1
0.0,1.0,1.0,0.6420086059185344,1.0,1.0,0.0,0
25.00279505421744,0.0,1.0,0.8518178617721045,1.0,1.0,0.0,0
19.087845073599187,2.0,1.0,0.40385292462170774,1.0,1.0,0.0,0
33.4862025849678,5.0,2.0,0.3040837926124655,1.0,0.0,1.0,1
61.44275139024577,0.0,1.0,0.14888039323513025,1.0,0.0,1.0,1
56.70393296167115,0.0,1.0,0.8996334080933408,1.0,1.0,0.0,0
21.665277477073786,0.0,1.0,0.6789829642053682,1.0,0.0,1.0,1
82.70041713435226,0.0,1.0,0.7783051147069624,1.0,0.0,1.0,0
32.27105346263504,3.0,0.0,0.25969718955873045,1.0,0.0,0.0,1
18.592976400029603,0.0,0.0,0.40700721692408287,1.0,0.0,0.0,1
45.228658339734615,2.0,4.0,0.17145411665876956,1.0,0.0,1.0,1
20.375905727515356,1.0,0.0,0.5874383157051335,0.0,1.0,0.0,0
36.099023800558435,0.0,0.0,0.6338338060273063,0.0,0.0,0.0,0
22.68013626161398,3.0,0.0,0.6675507907754167,1.0,0.0,0.0,0
0.0,0.0,2.0,0.661989418910394,0.0,0.0,0.0,0
0.0,1.0,0.0,0.5847383184161726,1.0,0.0,0.0,0
35.09833281672074,0.0,0.0,0.5283024035477308,1.0,1.0,1.0,0
62.48309784378274,0.0,2.0,0.5439283678892648,1.0,1.0,0.0,0
0.0,1.0,1.0,0.5416194703372581,1.0,1.0,0.0,0
6.127455244187617,1.0,1.0,0.7034125942349347,0.0,0.0,0.0,0
32.327815860653914,0.0,1.0,0.7021669638786233,1.0,0.0,0.0,1
44.77116150953473,0.0,2.0,0.7898098054676147,1.0,0.0,1.0,1
101.92757360913647,3.0,2.0,0.6354573077883431,1.0,0.0,0.0,1
8.42436589337331,0.0,0.0,0.3170243781195725,1.0,1.0,0.0,0
22.465532568700535,2.0,1.0,0.4297565189503363,1.0,0.0,0.0,0
29.328725650221784,0.0,1.0,0.7308710291514626,0.0,0.0,0.0,1
52.26772535747687,2.0,0.0,0.7982777456344837,1.0,1.0,0.0,0
0.0,1.0,1.0,0.8088034148863861,1.0,0.0,0.0,0
109.42885081055285,1.0,1.0,0.30180713373222606,1.0,0.0,1.0,1
58.73660290873924,0.0,0.0,0.8416639078764094,1.0,1.0,0.0,0
10.959884074684137,1.0,1.0,0.14620995031357598,0.0,1.0,1.0,1
47.741464441776216,0.0,0.0,0.5328265059606683,1.0,1.0,0.0,0
9.71845657287903,0.0,0.0,0.6850452027005767,1.0,1.0,0.0,0
0.0,2.0,0.0,0.7933926189274955,1.0,1.0,0.0,0
0.0,1.0,1.0,0.7643947492044109,1.0,0.0,1.0,0
61.91820991229827,2.0,1.0,0.44260122214338493,1.0,1.0,1.0,0
0.0,0.0,0.0,0.6377574209237347,1.0,1.0,0.0,0
27.33108684961419,0.0,4.0,0.5440481796342711,1.0,0.0,0.0,0
22.12169087711901,0.0,0.0,0.8154384920182166,1.0,0.0,0.0,0
2.39854196192789,3.0,0.0,0.2173213275613216,1.0,0.0,0.0,0
46.89773433432693,2.0,0.0,0.6604214073635796,1.0,0.0,1.0,1
0.0,0.0,0.0,0.7732374408458849,0.0,0.0,0.0,1
71.89023383435361,2.0,1.0,0.694642845066779,0.0,0.0,1.0,1
27.772543204238932,1.0,0.0,0.7674140776294938,1.0,1.0,1.0,0
52.394595610907885,2.0,1.0,0.27577205910534797,1.0,0.0,0.0,1
9.191386458768218,0.0,2.0,0.4955805971484408,1.0,1.0,1.0,0
0.0,2.0,1.0,0.6418943065164087,1.0,0.0,0.0,1
81.99512658755862,0.0,0.0,0.7391599438997162,1.0,1.0,1.0,0
0.0,0.0,0.0,0.7827855732537627,1.0,0.0,1.0,0
0.0,0.0,1.0,0.8491739918543516,1.0,1.0,0.0,0
72.71183817983652,2.0,1.0,0.4483907478411601,1.0,0.0,0.0,1
26.414302330010344,1.0,0.0,0.7214334220988495,1.0,0.0,0.0,0
0.0,2.0,2.0,0.20258030181786582,1.0,1.0,0.0,0
67.58932137363665,0.0,2.0,0.5211646512968916,1.0,0.0,1.0,1
16.272043781665825,3.0,2.0,0.24027954978529936,1.0,0.0,1.0,1
4.350401997040159,0.0,1.0,0.7296908183697856,1.0,0.0,1.0,0
82.89653817077632,2.0,2.0,0.07521595463531837,0.0,0.0,1.0,1
16.93135786269488,4.0,0.0,0.22561611221593392,1.0,1.0,0.0,1
23.130325101710234,0.0,0.0,0.8726345892702059,0.0,0.0,0.0,0
16.21817065320015,1.0,0.0,0.6467843877385246,1.0,0.0,0.0,1
43.66108481994056,4.0,1.0,0.3115862464008721,1.0,0.0,0.0,1
0.0,0.0,1.0,0.6090733259756217,1.0,1.0,0.0,0
7.970446919253701,0.0,0.0,0.49931760254473717,1.0,1.0,1.0,0
52.78227763665174,2.0,2.0,0.38597340066660046,1.0,1.0,1.0,1
17.448072764470616,1.0,1.0,0.45932615690799206,1.0,0.0,1.0,0
50.433963135411574,1.0,2.0,0.42116892941434125,1.0,0.0,0.0,0
20.166616019962923,1.0,0.0,0.5773799072628016,1.0,0.0,0.0,0
29.839326622489896,3.0,4.0,0.15726871004919693,1.0,0.0,0.0,1
21.243817955469467,0.0,2.0,0.28081186355386994,1.0,0.0,0.0,0
24.420639967092576,0.0,1.0,0.3807677080372942,1.0,1.0,0.0,1
35.15988449853376,1.0,0.0,0.5842544543583437,1.0,0.0,1.0,1
23.83911481205018,6.0,3.0,0.6318602108748739,1.0,0.0,0.0,1
0.0,1.0,1.0,0.3806115940419074,1.0,1.0,0.0,0
11.833950015586954,1.0,0.0,0.6132154646087061,1.0,0.0,1.0,0
79.99778384246612,0.0,0.0,0.1619846294651574,1.0,0.0,1.0,0
14.30087537578548,1.0,1.0,0.8267742180669435,1.0,1.0,1.0,0
0.0,0.0,1.0,0.41946943453145236,1.0,0.0,1.0,0
75.7329982070378,0.0,0.0,0.4279657476127698,0.0,0.0,0.0,1
12.14757510258913,1.0,1.0,0.9341310065762005,1.0,1.0,0.0,0
22.346272612791935,0.0,1.0,0.5098487139210884,1.0,0.0,0.0,0
0.0,1.0,0.0,0.3748284181479041,1.0,0.0,0.0,0
23.56044185133756,0.0,3.0,0.8134259203130141,1.0,0.0,1.0,1
53.501218717813366,4.0,1.0,0.6002143213911114,1.0,0.0,0.0,1
52.658461929638776,1.0,2.0,0.41811698606567466,1.0,0.0,0.0,1
12.18860969502521,0.0,1.0,0.5326707957410228,1.0,1.0,0.0,0
37.493008759237384,0.0,1.0,0.7339248752194043,1.0,0.0,0.0,0
0.0,0.0,0.0,0.6782593528249347,1.0,0.0,1.0,0
4.221364264469171,2.0,0.0,0.43871246815677345,1.0,0.0,0.0,0
5.051056313401513,0.0,0.0,0.5932171580767616,1.0,0.0,0.0,0
47.30731234298547,1.0,1.0,0.4255441784155118,1.0,1.0,0.0,0
22.491562919423867,1.0,3.0,0.8325546658416749,1.0,0.0,1.0,1
45.58289434507777,1.0,0.0,0.5996170613716192,1.0,1.0,0.0,0
47.055755502504795,0.0,1.0,0.6064713071116411,1.0,0.0,0.0,1
30.08038048527185,0.0,0.0,0.8673459851703402,1.0,0.0,0.0,0
37.67163814689888,0.0,0.0,0.832256814325958,1.0,0.0,0.0,0
6.094607459118954,2.0,1.0,0.9178519199832433,1.0,1.0,1.0,1
0.0,1.0,0.0,0.6786992389939335,1.0,1.0,0.0,0
17.580328701779127,0.0,1.0,0.6002703724558907,1.0,1.0,0.0,0
20.516475770423895,2.0,3.0,0.25705824275606776,1.0,1.0,0.0,1
17.162096730231184,0.0,1.0,0.1450016722317554,1.0,0.0,0.0,0
32.71277181696287,0.0,1.0,0.6274116669306095,1.0,0.0,1.0,1
19.4789622014948,0.0,0.0,0.22572155652828438,1.0,0.0,0.0,0
144.40433858273855,0.0,1.0,0.41748668777587084,0.0,0.0,0.0,1
39.84369815677091,1.0,1.0,0.473365037322607,1.0,1.0,0.0,0
53.843446442715894,0.0,0.0,0.5256521470542121,1.0,1.0,0.0,0
10.883866690349564,0.0,1.0,0.9037234464453411,1.0,1.0,0.0,0
4.276359269053776,2.0,1.0,0.2656460251238497,0.0,1.0,0.0,0
54.43533757881852,3.0,1.0,0.7137477462347965,1.0,0.0,1.0,1
0.0,1.0,1.0,0.801857621976195,1.0,0.0,0.0,0
43.528183688298746,3.0,1.0,0.15491521190081375,1.0,1.0,1.0,1
4.255099162054341,1.0,0.0,0.8231946322611843,1.0,0.0,0.0,0
78.5816482519701,1.0,1.0,0.16095405779759603,1.0,0.0,0.0,0
34.191098688869516,0.0,2.0,0.6620534543682719,1.0,1.0,0.0,0
105.90236437584356,2.0,3.0,0.3738356226017666,1.0,1.0,1.0,1
52.888007705071615,1.0,1.0,0.4487534689463709,0.0,0.0,0.0,0
26.83760908701183,2.0,2.0,0.7548660546717283,1.0,1.0,0.0,0
42.901524241242406,3.0,1.0,0.8177436677705595,1.0,1.0,0.0,0
0.0,0.0,1.0,0.9481457477228622,1.0,1.0,1.0,0
0.0,1.0,2.0,0.8260254904335481,0.0,0.0,0.0,0
22.622287498490824,1.0,2.0,0.7383889738558068,0.0,0.0,1.0,1
51.366503113882686,2.0,0.0,0.5620243919661633,1.0,0.0,1.0,0
0.0,0.0,2.0,0.8317183914813773,1.0,0.0,0.0,0
43.30547854604946,3.0,1.0,0.07190673314227189,0.0,0.0,1.0,1
13.297466237933607,0.0,0.0,0.7842687090113503,1.0,0.0,0.0,0
24.10549766631057,0.0,1.0,0.7147488668034065,1.0,1.0,1.0,0
53.74063821592661,0.0,0.0,0.7561597285072702,1.0,1.0,0.0,0
16.321110360316034,1.0,1.0,0.260242639977576,1.0,0.0,0.0,0
25.533892477034367,2.0,0.0,0.6053210005151082,0.0,0.0,0.0,0
0.0,0.0,1.0,0.7348642274379498,0.0,1.0,0.0,0
25.445919969097154,3.0,1.0,0.21739613260066443,1.0,0.0,0.0,1
36.727947945279524,1.0,1.0,0.3090560349479226,1.0,0.0,0.0,1
172.7419415835998,0.0,0.0,0.40122465451785794,1.0,0.0,0.0,0
0.0,0.0,5.0,0.856978965048658,0.0,1.0,1.0,1
28.249171347717052,0.0,0.0,0.17129170197577978,1.0,1.0,0.0,0
4.477296010350065,0.0,0.0,0.7195022716318955,1.0,1.0,0.0,0
56.36663349790251,2.0,1.0,0.5314839143414527,0.0,1.0,1.0,1
65.15011973217803,0.0,1.0,0.7000354886396193,1.0,0.0,0.0,0
7.8802256555735894,0.0,2.0,0.1437408221357643,1.0,1.0,0.0,0
11.087308695009263,0.0,0.0,0.49019903096613476,1.0,1.0,0.0,0
21.79384557787364,0.0,0.0,0.8551352062299159,1.0,0.0,0.0,0
88.22991868471875,2.0,1.0,0.0457386304116247,1.0,0.0,0.0,1
37.71501236946957,0.0,5.0,0.7084347394054018,1.0,0.0,1.0,1
0.07858395541469498,0.0,0.0,0.4658961072898535,1.0,0.0,0.0,0
70.04957331106537,0.0,4.0,0.40450045759311054,1.0,0.0,1.0,1
73.65473579513299,1.0,1.0,0.7476729161083593,1.0,0.0,0.0,0
0.0,0.0,1.0,0.8472754786036121,1.0,0.0,0.0,0
34.71418868299576,0.0,0.0,0.7604436199531603,1.0,1.0,0.0,0
67.52241905586601,1.0,0.0,0.4836898848088663,1.0,1.0,0.0,0
39.991341635748626,0.0,0.0,0.4018951315199762,1.0,1.0,1.0,0
46.47796411954256,2.0,0.0,0.3094311895404224,1.0,0.0,0.0,1
64.81934207063642,1.0,0.0,0.408289759709741,1.0,0.0,1.0,0
108.49165332798106,2.0,1.0,0.3914919486806383,1.0,0.0,1.0,1
23.234457419111923,0.0,1.0,0.652497010994641,1.0,1.0,1.0,0
19.95584581601993,0.0,1.0,0.5788903849200211,1.0,1.0,0.0,0
28.665293872612928,0.0,2.0,0.7151842188136971,1.0,0.0,1.0,1
14.582039117406946,0.0,1.0,0.36555183715950396,1.0,1.0,0.0,0
75.86228332486712,2.0,1.0,0.34218129081208537,1.0,0.0,1.0,1
73.0851757772439,0.0,0.0,0.8255714695139463,1.0,1.0,0.0,0
127.5006921299785,2.0,4.0,0.20862027961412277,1.0,0.0,1.0,1
86.61096215513902,1.0,4.0,0.12314535457981889,0.0,1.0,1.0,1
24.020745845085987,1.0,0.0,0.6961225883622303,1.0,1.0,0.0,0
85.63983647469385,4.0,3.0,0.2805102235943862,1.0,0.0,1.0,1
39.96836188622996,2.0,0.0,0.642464974509578,1.0,0.0,0.0,0
8.547215782010586,1.0,0.0,0.29399872175067343,1.0,0.0,0.0,1
0.0,0.0,0.0,0.5109519400616207,1.0,1.0,0.0,1
25.555968599357644,1.0,1.0,0.69943089910603,0.0,0.0,0.0,0
26.635613245702746,0.0,0.0,0.6063871617441052,1.0,0.0,1.0,0
36.47193744802853,0.0,3.0,0.5093599574485828,1.0,1.0,0.0,0
10.99225440176673,0.0,0.0,0.5905445940532742,1.0,1.0,1.0,0
63.10532298110931,0.0,0.0,0.5216488450092267,1.0,0.0,0.0,0
18.68412094128097,0.0,0.0,0.5235203822826409,1.0,0.0,0.0,0
21.921289153119847,0.0,0.0,0.38242429602873557,1.0,1.0,0.0,0
51.94719786832112,0.0,1.0,0.27916207695405804,1.0,0.0,1.0,1
29.320726772860517,0.0,2.0,0.546212287159008,1.0,1.0,1.0,1
62.47010437496744,0.0,4.0,0.7976566694204785,1.0,1.0,1.0,1
37.08477316356901,2.0,7.0,0.7333851086886245,1.0,0.0,1.0,1
0.0,0.0,1.0,0.8448016252212095,1.0,1.0,0.0,0
53.15529498869273,0.0,0.0,0.483265042207437,1.0,1.0,1.0,0
16.38139037941065,1.0,4.0,0.41731293911648115,1.0,1.0,0.0,1
0.0,0.0,2.0,0.316082830196028,1.0,1.0,0.0,0
0.0,0.0,1.0,0.8812425752886351,1.0,1.0,1.0,0
33.13593024358299,1.0,0.0,0.7047442173276058,1.0,0.0,1.0,0
0.0,0.0,0.0,0.624826315076806,1.0,0.0,1.0,0
58.89713141901481,1.0,0.0,0.9437543404184079,0.0,1.0,0.0,0
23.92508643112361,0.0,1.0,0.7406665062508193,1.0,1.0,1.0,1
27.18222618844915,1.0,0.0,0.6609674404090641,1.0,0.0,1.0,0
0.0,1.0,1.0,0.8880054083360489,1.0,1.0,0.0,0
31.023010936005754,0.0,0.0,0.5280676721980405,1.0,1.0,1.0,0
24.710978504289326,0.0,0.0,0.5347793552500295,1.0,1.0,1.0,0
149.76758951199795,1.0,2.0,0.5396630157869751,1.0,1.0,0.0,0
27.99280237156991,0.0,1.0,0.7065944556503614,0.0,1.0,0.0,0
24.624493894205408,3.0,0.0,0.22350433973207343,1.0,0.0,1.0,1
0.0,1.0,1.0,0.4367271915307253,1.0,0.0,0.0,1
101.2622793363861,1.0,1.0,0.5601482800296522,1.0,1.0,0.0,0
0.0,0.0,0.0,0.6512538257308653,1.0,1.0,0.0,0
62.961277645291496,0.0,1.0,0.6620411491261635,1.0,0.0,1.0,0
29.3116681040488,1.0,2.0,0.8638422850558167,0.0,1.0,0.0,0
0.0,1.0,1.0,0.5369454613424725,1.0,1.0,1.0,0
12.575465849557721,1.0,1.0,0.9762950697355585,1.0,1.0,1.0,0
26.91191884346167,3.0,0.0,0.4007789828360288,1.0,0.0,0.0,1
47.23929921502139,1.0,0.0,0.6805863891601732,1.0,0.0,1.0,1
14.64390738497434,0.0,0.0,0.6634503766210694,1.0,1.0,0.0,0
62.11257711657139,1.0,0.0,0.5550181344929143,1.0,1.0,0.0,0
0.0,1.0,0.0,0.5275246182167332,1.0,0.0,1.0,0
34.363595940635264,1.0,3.0,0.9115434125999345,1.0,1.0,1.0,1
0.0,1.0,0.0,0.5657348465769839,1.0,1.0,1.0,0
48.069489130377235,0.0,1.0,0.5786004810853016,1.0,0.0,1.0,0
13.3041273652893,0.0,2.0,0.07285295139452225,1.0,0.0,0.0,1
37.000909408015964,1.0,1.0,0.4982989167860402,1.0,0.0,1.0,1
55.62195829325526,6.0,2.0,0.3839705664025566,1.0,1.0,1.0,1
24.47623299996893,1.0,0.0,0.8954231779061357,1.0,0.0,0.0,0
14.870586682498928,0.0,1.0,0.40902768481539226,1.0,1.0,0.0,0
54.10851619140611,1.0,0.0,0.5872666761687748,1.0,1.0,0.0,0
53.40198763953936,0.0,0.0,0.6437443392581438,1.0,0.0,0.0,0
24.244472284750948,0.0,0.0,0.6408270124434866,1.0,0.0,0.0,0
20.415265020594433,0.0,1.0,0.8306901443839126,1.0,1.0,0.0,0
0.0,0.0,4.0,0.3358646164278201,1.0,1.0,0.0,0
28.10643580689233,0.0,3.0,0.3784960562538976,1.0,0.0,0.0,0
44.84467977342009,0.0,1.0,0.72332696488595,1.0,1.0,0.0,0
107.47465678513811,2.0,1.0,0.5406400629785323,1.0,1.0,1.0,1
21.60612612311124,1.0,0.0,0.9504881437224804,1.0,1.0,0.0,0
15.517709772564704,0.0,2.0,0.6843886639481003,1.0,1.0,0.0,0
88.91141383760369,5.0,1.0,0.07952663456104615,1.0,1.0,0.0,1
36.639413689660536,1.0,1.0,0.5194046981927087,1.0,1.0,1.0,1
0.0,0.0,1.0,0.8472179836414131,1.0,0.0,0.0,0
130.51672393261876,1.0,2.0,0.4254494413055625,1.0,0.0,1.0,1
27.655809948113845,2.0,2.0,0.3202484936285857,1.0,0.0,0.0,1
24.025995313996592,0.0,2.0,0.6262123494918056,1.0,1.0,0.0,1
43.174295858899164,2.0,1.0,0.908216794491418,1.0,0.0,1.0,1
53.98264441219955,3.0,1.0,0.43932773685157467,1.0,0.0,1.0,1
0.0,2.0,0.0,0.9804887931212632,1.0,0.0,0.0,0
128.98332267804045,0.0,1.0,0.5979238770665193,1.0,0.0,0.0,0
0.5020058641606437,1.0,1.0,0.47952684924515865,1.0,1.0,0.0,0
16.56571818083323,2.0,1.0,0.7140142228056957,1.0,1.0,0.0,0
60.25472436501079,3.0,1.0,0.7784436304438066,1.0,0.0,1.0,1
32.11597559043491,0.0,0.0,0.3441035363647898,1.0,1.0,0.0,0
15.659859726788136,0.0,0.0,0.8281113589555066,1.0,1.0,0.0,0
4.256762361694264,2.0,0.0,0.7307223160602233,1.0,0.0,0.0,0
40.8151849822295,2.0,1.0,0.8493528504300275,1.0,0.0,1.0,0
33.45261955852286,1.0,2.0,0.434907298734311,1.0,1.0,0.0,0
7.249313953263121,0.0,1.0,0.7591379502847612,1.0,0.0,0.0,0
57.370223967536845,3.0,2.0,0.33217986473786343,1.0,1.0,0.0,0
7.332235061499688,0.0,0.0,0.5789878012096913,1.0,1.0,1.0,0
33.05762911120259,1.0,3.0,0.7960840799962866,1.0,1.0,0.0,0
10.237011134275654,0.0,1.0,0.6034370095588607,1.0,1.0,0.0,1
4.945306602883729,0.0,5.0,0.27779624191133306,1.0,0.0,0.0,1
13.27877366411269,0.0,1.0,0.675924369871154,1.0,0.0,0.0,0
52.68170374107303,2.0,2.0,0.824970194436111,1.0,0.0,1.0,1
8.327759288978442,2.0,0.0,0.5989075192480988,1.0,0.0,1.0,0
41.108983316839904,0.0,0.0,0.4322224912649555,1.0,0.0,1.0,0
29.473775616467293,0.0,3.0,0.7039355044901628,1.0,0.0,0.0,0
32.26530005737139,0.0,5.0,0.7377947122133236,1.0,0.0,0.0,0
0.5180884442287434,0.0,0.0,0.8289665533235833,1.0,1.0,1.0,0
62.80536942662996,3.0,3.0,0.4038140490946168,1.0,1.0,1.0,1
4.698432047976235,0.0,1.0,0.72692679144859,1.0,1.0,1.0,0
0.0,0.0,0.0,0.4313830628516451,1.0,1.0,0.0,0
34.21660081534421,0.0,3.0,0.688054591194021,1.0,0.0,1.0,0
0.0,1.0,0.0,0.905727939878636,1.0,1.0,0.0,0
63.29217723950073,0.0,2.0,0.5910155092342358,1.0,0.0,0.0,1
59.08601389124458,0.0,0.0,0.8543500583361777,1.0,0.0,1.0,0
0.0,2.0,0.0,0.4755769766458504,1.0,0.0,0.0,0
0.0,0.0,1.0,0.5778484473650815,1.0,1.0,0.0,0
0.0,0.0,1.0,0.8862568632559872,0.0,0.0,1.0,0
131.7017250790055,2.0,1.0,0.2369789459297584,1.0,0.0,0.0,0
23.641486770014737,3.0,2.0,0.1230282455080683,0.0,0.0,1.0,1
0.0,1.0,0.0,0.7811164763902108,1.0,1.0,1.0,0
20.725985077951563,0.0,0.0,0.37256105101256426,0.0,1.0,0.0,0
0.0,0.0,1.0,0.580459927300249,1.0,1.0,0.0,0
79.48324225055698,3.0,1.0,0.5631866129013157,1.0,0.0,1.0,1
84.6960178120014,2.0,1.0,0.23701806919546395,1.0,0.0,1.0,1
0.0,2.0,0.0,0.4114502604946982,1.0,0.0,0.0,0
15.253788098962014,0.0,0.0,0.7369061616919218,1.0,1.0,1.0,1
25.133058059380424,1.0,2.0,0.4939979437599481,1.0,1.0,0.0,0
78.93207821992182,1.0,1.0,0.22790221262404936,0.0,0.0,0.0,1
24.764295096328205,1.0,1.0,0.9023214591733085,1.0,0.0,1.0,0
38.81915891365588,1.0,1.0,0.7115008404154006,1.0,1.0,0.0,0
50.575247808951985,0.0,0.0,0.3351892868484779,1.0,1.0,0.0,0
50.814735664798846,2.0,0.0,0.5991564976712553,1.0,1.0,0.0,0
82.8148431848941,3.0,0.0,0.6865375248269706,1.0,0.0,0.0,1
45.62448100858738,0.0,0.0,0.7037941360206865,0.0,0.0,0.0,0
0.0,0.0,1.0,0.33639343484587464,1.0,1.0,0.0,0
37.75256017417954,0.0,0.0,0.7555214707853128,1.0,0.0,0.0,0
23.55420780077526,1.0,1.0,0.6321678420760483,1.0,1.0,0.0,1
1.4150785148559468,1.0,1.0,0.5078815938399854,1.0,0.0,0.0,0
0.0,0.0,0.0,0.45879415024201187,1.0,1.0,0.0,0
47.040061144993224,0.0,0.0,0.8251973285931388,1.0,0.0,0.0,1
0.0,3.0,0.0,0.8760400316395778,1.0,0.0,0.0,0
0.0,0.0,1.0,0.7466091148592164,1.0,0.0,0.0,0
72.51089012076461,0.0,0.0,0.19557274334185196,1.0,1.0,0.0,0
0.0,0.0,1.0,0.7669747437510673,1.0,0.0,0.0,0
120.16276198229296,1.0,0.0,0.7461726285304228,1.0,1.0,0.0,0
4.403233831127406,0.0,3.0,0.46418347142315847,0.0,1.0,0.0,0
0.3675608076257939,0.0,0.0,0.4300768122446542,1.0,1.0,0.0,0
0.0,0.0,0.0,0.596515736980505,1.0,0.0,0.0,0
93.02043090370115,2.0,2.0,0.4359514650360146,1.0,1.0,1.0,1
43.98005473306061,0.0,0.0,0.6525283570271653,1.0,1.0,0.0,0
12.003947963277072,0.0,1.0,0.5769500467362194,1.0,0.0,0.0,1
51.713418310242815,0.0,3.0,0.23982466347149226,1.0,0.0,1.0,0
0.0,1.0,0.0,0.5830672718425711,1.0,1.0,0.0,0
0.0,1.0,1.0,0.37354431709840213,1.0,0.0,0.0,0
64.53062453478283,0.0,0.0,0.28770923849658503,1.0,1.0,1.0,0
32.74536928858451,2.0,2.0,0.9579879200718551,1.0,0.0,1.0,1
14.074627028410514,2.0,1.0,0.7623304945978949,1.0,0.0,0.0,0
0.0,0.0,0.0,0.7277760847659495,1.0,1.0,0.0,0
55.939184401326266,0.0,3.0,0.3776652448688344,1.0,0.0,0.0,1
82.48764398384711,1.0,2.0,0.1960730397291472,1.0,0.0,1.0,1
26.898861877802634,0.0,0.0,0.5952051483931527,1.0,1.0,0.0,0
137.18172758099183,2.0,2.0,0.5013247638827323,1.0,0.0,0.0,1
22.313594297350996,1.0,0.0,0.4349386285733936,1.0,1.0,0.0,0
29.51322491824856,0.0,2.0,0.48587486373425054,1.0,1.0,0.0,0
5.1343419942372766,1.0,1.0,0.7781657043754875,1.0,1.0,0.0,1
51.33205332209377,0.0,1.0,0.2565959531324895,1.0,0.0,0.0,1
41.7175939226553,0.0,2.0,0.636156699586519,1.0,0.0,0.0,0
48.89732443105997,1.0,3.0,0.4749472001642169,1.0,0.0,0.0,0
25.310982432965346,0.0,2.0,0.6494920766481254,1.0,1.0,1.0,0
22.917029217330732,0.0,1.0,0.7817701057170693,1.0,0.0,0.0,0
117.54524152319244,2.0,1.0,0.38301120479367673,0.0,0.0,0.0,1
0.0,0.0,0.0,0.3684268265568094,1.0,1.0,1.0,0
10.566949203383988,0.0,3.0,0.7594779507713605,1.0,0.0,1.0,1
24.903959359157888,0.0,2.0,0.4207606237381119,1.0,0.0,0.0,0
11.703860642348491,0.0,4.0,0.6481306826395857,1.0,0.0,0.0,1
55.99719893943587,2.0,0.0,0.10787047063564517,1.0,0.0,1.0,1
3.4987379821308764,0.0,0.0,0.877651771893255,1.0,1.0,0.0,0
0.0,0.0,2.0,0.8612946564802352,1.0,1.0,1.0,1
55.20689213104782,0.0,0.0,0.8858310159698172,1.0,1.0,1.0,0
20.580958824429914,0.0,0.0,0.7082200339133345,1.0,0.0,0.0,0
35.2202605723982,1.0,0.0,0.7264463745841684,1.0,1.0,0.0,0
44.82876496901921,0.0,1.0,0.11550712110336332,1.0,0.0,0.0,1
0.0,0.0,1.0,0.787575488605357,1.0,0.0,0.0,0
73.63743720018488,1.0,0.0,0.7572228433844679,1.0,1.0,0.0,0
46.53347567281675,0.0,1.0,0.6085711904042219,1.0,0.0,0.0,0
20.050721857419635,0.0,0.0,0.4685227770351734,1.0,0.0,0.0,0
26.721476594874087,0.0,1.0,0.9242836084647521,1.0,1.0,0.0,0
81.73093016700636,1.0,1.0,0.8972855967124863,1.0,1.0,0.0,0
0.0,0.0,1.0,0.8277366943021686,1.0,1.0,1.0,0
67.43860003575081,1.0,1.0,0.45001658284709994,1.0,0.0,1.0,1
20.488777397377184,0.0,1.0,0.4875783618458089,1.0,0.0,0.0,0
7.999090169939155,1.0,0.0,0.6937463531604139,1.0,1.0,1.0,0
0.0,0.0,1.0,0.6553434372127094,1.0,0.0,0.0,1
10.44783966916869,0.0,1.0,0.7725496661261742,1.0,0.0,1.0,0
15.432713432229589,2.0,1.0,0.5046763331513391,1.0,0.0,1.0,0
32.46241731191091,0.0,1.0,0.307177343623154,1.0,0.0,1.0,0
88.72583638088817,1.0,1.0,0.7366225368327777,1.0,0.0,0.0,0
47.71918309085788,1.0,0.0,0.3394543608550244,1.0,0.0,0.0,0
97.97474695795998,0.0,1.0,0.41359008278776116,1.0,0.0,1.0,0
1.0121547255527563,1.0,0.0,0.5349017419841535,1.0,1.0,0.0,0
6.503396162777273,0.0,1.0,0.5101357306751887,1.0,1.0,1.0,0
7.147907638520996,0.0,0.0,0.23532939383622975,1.0,0.0,1.0,1
12.876924584696045,1.0,1.0,0.6248363931379021,1.0,0.0,0.0,1
26.53678787993915,0.0,1.0,0.7533388474994301,1.0,0.0,1.0,0
32.69330025979985,0.0,0.0,0.8228806681620768,1.0,1.0,0.0,0
3.8371307796328296,1.0,1.0,0.8543660254223396,1.0,1.0,0.0,0
31.150878057880206,1.0,1.0,0.6805107445634496,1.0,0.0,0.0,0
26.379465169808338,1.0,0.0,0.4388461383575643,1.0,1.0,0.0,0
14.033252594830842,0.0,0.0,0.8827966355295712,1.0,0.0,0.0,0
11.236396869383153,0.0,2.0,0.6937973291047477,1.0,0.0,1.0,0
16.394977795456157,0.0,0.0,0.6686066679094704,1.0,0.0,0.0,0
0.0,0.0,0.0,0.7074474346440537,1.0,0.0,1.0,0
52.76869301866232,0.0,0.0,0.37015988333818095,1.0,1.0,1.0,0
25.18941139049281,0.0,0.0,0.6220945798647392,1.0,0.0,0.0,0
43.105545986001914,1.0,3.0,0.8399729421425476,1.0,0.0,1.0,1
87.47548718198686,4.0,4.0,0.40740549363287426,1.0,0.0,1.0,1
45.61240970014049,0.0,0.0,0.34642983697099683,1.0,0.0,1.0,0
106.85760205797123,1.0,0.0,0.696133262673955,1.0,1.0,0.0,1
18.14873237066934,0.0,0.0,0.7032185263398467,1.0,1.0,0.0,0
0.0,0.0,1.0,0.5781532137032707,1.0,0.0,0.0,0
40.15801145444304,0.0,1.0,0.8084728693092619,1.0,0.0,0.0,0
31.687764936571906,2.0,2.0,0.06318269192963853,1.0,0.0,0.0,1
38.152802228611414,2.0,0.0,0.6120830178780189,1.0,0.0,1.0,0
2.750903700445729,4.0,2.0,0.50639352159115,1.0,0.0,0.0,1
114.89578810520206,2.0,1.0,0.21731206333382733,1.0,0.0,1.0,1
43.894550320993645,3.0,2.0,0.48271969482612404,1.0,0.0,1.0,1
0.0,1.0,0.0,0.39500067488528606,1.0,1.0,1.0,0
0.0,0.0,0.0,0.8969106173427835,1.0,1.0,1.0,0
26.4621809730604,1.0,0.0,0.947449647313585,1.0,1.0,1.0,0
66.32287359600659,1.0,2.0,0.24253020190249006,1.0,0.0,1.0,1
0.0,0.0,1.0,0.7889708110935001,0.0,1.0,0.0,0
0.9976464746985485,0.0,0.0,0.6858006029578947,1.0,1.0,0.0,1
7.394708534442728,0.0,0.0,0.8656358754932679,1.0,1.0,0.0,0
22.06647890414869,0.0,2.0,0.9545627933062696,1.0,0.0,0.0,0
30.592817475638626,1.0,2.0,0.7719584577351244,1.0,0.0,1.0,0
14.402101988226999,2.0,3.0,0.18622562163387196,1.0,0.0,1.0,0
42.46193128821561,2.0,3.0,0.7740305043042346,1.0,0.0,0.0,0
0.0,0.0,1.0,0.2432157813213594,1.0,1.0,0.0,0
36.71558541915422,1.0,2.0,0.519058196931143,1.0,1.0,0.0,0
0.496998014597267,1.0,1.0,0.5478137831190544,1.0,0.0,1.0,0
17.813331534011688,1.0,2.0,0.12962962107015738,1.0,0.0,0.0,0
64.99582338466458,5.0,1.0,0.22274596378786304,1.0,0.0,1.0,1
16.20617524403491,0.0,2.0,0.5377817438093123,1.0,1.0,0.0,0
18.27863073932172,2.0,3.0,0.5845085867683252,1.0,0.0,1.0,1
14.701219417044433,2.0,1.0,0.9404614793594546,1.0,1.0,0.0,0
41.43095818959804,1.0,3.0,0.8292315173476862,1.0,0.0,0.0,0
0.0,0.0,0.0,0.535118794030264,0.0,1.0,0.0,0
0.0,1.0,1.0,0.8718708874966172,1.0,1.0,0.0,0
30.534304220658058,1.0,1.0,0.38506468725695814,0.0,0.0,0.0,0
10.839609729362868,1.0,0.0,0.8357276781526443,1.0,1.0,0.0,0
62.25941565021754,0.0,0.0,0.572472321623609,1.0,0.0,1.0,0
5.629648482164061,0.0,1.0,0.7301980993649856,1.0,1.0,0.0,0
18.91832442970237,0.0,3.0,0.21127271491175473,1.0,0.0,1.0,1
0.0,0.0,0.0,0.6679170546132058,1.0,1.0,0.0,0
22.781196302749855,1.0,0.0,0.9090598213512315,1.0,1.0,0.0,0
0.0,1.0,4.0,0.4987066968058449,1.0,0.0,0.0,0
73.34970682629351,0.0,1.0,0.4607105430012695,1.0,0.0,1.0,1
0.0,0.0,0.0,0.8268602838206576,1.0,1.0,0.0,0
0.0,1.0,1.0,0.7014799443753631,1.0,1.0,0.0,0
0.0,0.0,0.0,0.8319390646779349,1.0,1.0,0.0,0
62.899525901608854,0.0,0.0,0.34333321576329,0.0,1.0,0.0,0
23.775125915334907,3.0,3.0,0.5300566113854023,1.0,0.0,0.0,1
0.0,1.0,1.0,0.7501238620489421,1.0,0.0,1.0,0
44.036696941605584,4.0,0.0,0.2583273097632214,1.0,0.0,1.0,1
6.1657113659152625,0.0,0.0,0.39857951247888684,1.0,0.0,1.0,0
55.328639758816706,1.0,0.0,0.7406705649593549,1.0,1.0,1.0,0
22.88955039075316,2.0,2.0,0.8447245774894859,1.0,1.0,1.0,0
57.46772683476544,0.0,1.0,0.757266578444588,1.0,0.0,1.0,1
23.157548920717502,0.0,1.0,0.9186762775371918,1.0,1.0,0.0,0
29.561427967608573,1.0,3.0,0.943691751301839,1.0,0.0,1.0,1
2.154959106030754,0.0,2.0,0.5555006431683007,1.0,1.0,0.0,0
17.490197323352504,2.0,2.0,0.6819981037795364,1.0,0.0,0.0,1
53.540604112980105,0.0,0.0,0.7759724136761174,1.0,1.0,0.0,0
61.8112149768252,0.0,0.0,0.8596788406271287,1.0,0.0,0.0,0
7.9682496711960304,0.0,1.0,0.46141420130935523,0.0,1.0,0.0,0
66.70965839876305,6.0,1.0,0.5621593469458437,1.0,0.0,0.0,1
26.222348665074733,0.0,0.0,0.8653147866138453,1.0,1.0,1.0,0
11.491941034610722,1.0,0.0,0.6651293176013942,1.0,1.0,0.0,0
29.154509770585133,0.0,4.0,0.7866439783456621,1.0,1.0,0.0,0
8.913032802514927,0.0,2.0,0.8252532697994236,1.0,1.0,0.0,0
39.72208805935169,6.0,1.0,0.3559899525876954,1.0,0.0,1.0,1
48.168568725235986,1.0,3.0,0.36402054405527606,0.0,0.0,0.0,1
51.28150793016897,5.0,0.0,0.3090062087365107,1.0,0.0,0.0,1
19.525645157312486,0.0,2.0,0.6259651209834289,1.0,0.0,1.0,0
0.0,1.0,0.0,0.4879511367759669,1.0,1.0,0.0,0
9.194577753543616,0.0,0.0,0.7385421848706004,1.0,0.0,1.0,0
12.862001511070154,0.0,0.0,0.30071672484918993,1.0,0.0,0.0,0
165.2294139518505,1.0,2.0,0.3044787191688024,1.0,0.0,0.0,1
0.0,0.0,1.0,0.6346574264574785,1.0,0.0,1.0,0
21.156472182058625,0.0,0.0,0.8451367924418262,1.0,0.0,1.0,0
12.717426652854096,1.0,1.0,0.3319618526260972,1.0,0.0,0.0,0
0.0,0.0,1.0,0.9566842777558059,1.0,0.0,0.0,0
0.0,0.0,0.0,0.4811735805624772,1.0,0.0,0.0,0
0.0,0.0,1.0,0.3377360575251895,1.0,1.0,0.0,0
0.0,0.0,1.0,0.8058225983023958,1.0,0.0,0.0,0
66.77587711193391,1.0,2.0,0.7608293411530375,1.0,1.0,1.0,0
61.21233465614184,1.0,1.0,0.21412294681952773,1.0,0.0,0.0,1
0.0,1.0,0.0,0.7760224972553784,1.0,0.0,1.0,0
24.79997608695441,0.0,1.0,0.8827511299341947,0.0,0.0,1.0,1
57.93120541764768,2.0,0.0,0.8877040466426538,1.0,1.0,0.0,1
59.94019491210888,3.0,1.0,0.17084630955554136,1.0,1.0,0.0,1
0.0,1.0,1.0,0.8425548374835002,1.0,1.0,1.0,0
0.0,0.0,2.0,0.662027555987023,1.0,0.0,0.0,0
68.32116005043208,0.0,1.0,0.23527364249203386,1.0,0.0,1.0,0
63.00697837348875,0.0,1.0,0.7181611005148683,1.0,1.0,0.0,1
89.2254093586867,0.0,1.0,0.39371094422769154,0.0,0.0,0.0,1
0.0,2.0,0.0,0.8209108185663171,1.0,0.0,1.0,0
31.1322881697537,1.0,0.0,0.8510536762813088,1.0,0.0,0.0,0
12.100311132687889,0.0,0.0,0.6453774371190331,1.0,0.0,1.0,1
33.77727606905459,0.0,0.0,0.755240295459385,1.0,0.0,0.0,0
28.212105877417194,0.0,1.0,0.6980854856859747,1.0,1.0,0.0,0
29.940886466095975,1.0,0.0,0.6472001855675026,1.0,0.0,1.0,0
35.766463278596824,1.0,0.0,0.5897696210218253,1.0,1.0,0.0,0
6.0332694927788335,0.0,0.0,0.5042345650496182,1.0,1.0,1.0,0
4.333921724882197,0.0,1.0,0.5964942267998402,1.0,0.0,0.0,0
5.370396234177911,0.0,3.0,0.8264287038451814,1.0,0.0,1.0,0
91.31154880307248,0.0,0.0,0.7644782166410956,1.0,1.0,0.0,0
35.967534893279776,1.0,1.0,0.7173342160730868,1.0,0.0,0.0,0
0.0,1.0,2.0,0.35869477538840794,1.0,0.0,0.0,0
0.0,0.0,0.0,0.2935760409977819,1.0,1.0,0.0,0
0.0,0.0,0.0,0.38981747315059667,1.0,0.0,1.0,0
76.01225749491614,0.0,2.0,0.6430422129490161,1.0,0.0,0.0,1
6.42382085931645,1.0,1.0,0.5764421136546379,0.0,0.0,0.0,1
8.457151429770825,1.0,2.0,0.7456736486217195,1.0,0.0,0.0,0
45.02312711151244,0.0,1.0,0.7147780915977147,1.0,0.0,0.0,1
0.0,0.0,0.0,0.8344496939521613,1.0,1.0,0.0,0
38.49695619850683,0.0,1.0,0.2037877299958704,1.0,0.0,1.0,0
17.36516649858341,0.0,0.0,0.7141495668022562,1.0,1.0,0.0,0
20.14232333626574,0.0,1.0,0.47291853015666824,1.0,0.0,0.0,0
115.87255236086284,2.0,4.0,0.3949995909807247,1.0,0.0,1.0,1
0.0,1.0,0.0,0.7542186684532443,1.0,1.0,0.0,0
0.0,1.0,0.0,0.534910140721988,1.0,1.0,0.0,0
19.758852621146072,1.0,0.0,0.5632388968898825,1.0,1.0,0.0,0
95.10582529091026,1.0,0.0,0.41052036011307735,1.0,0.0,1.0,1
21.467739172007683,1.0,0.0,0.8168135774900587,1.0,0.0,0.0,0
26.764973155560305,1.0,2.0,0.8573046645833785,0.0,1.0,1.0,1
30.511808218350712,0.0,2.0,0.3754257156369387,1.0,1.0,0.0,0
21.259298379224894,1.0,3.0,0.2666843734112039,1.0,0.0,0.0,1
56.769658321394125,1.0,3.0,0.967487493843773,1.0,0.0,1.0,1
63.46573737812292,4.0,0.0,0.5777761040982788,1.0,0.0,0.0,1
35.47048582531735,0.0,1.0,0.6440790679502773,1.0,0.0,1.0,0
37.754608249189985,0.0,0.0,0.3654980107314922,1.0,1.0,0.0,0
34.69126878694534,1.0,1.0,0.5664386744591776,1.0,0.0,0.0,0
0.0,1.0,0.0,0.7674608886477624,1.0,1.0,1.0,0
50.22389924698834,1.0,1.0,0.46836112873206215,1.0,1.0,0.0,0
20.12811889179785,2.0,0.0,0.7581464980173935,1.0,0.0,0.0,0
78.59444353636317,0.0,1.0,0.6426395969264156,1.0,0.0,1.0,0
14.618837531017267,0.0,0.0,0.6938241489682746,1.0,0.0,0.0,0
0.0,1.0,2.0,0.532509609167984,1.0,0.0,0.0,0
2.18866596645765,5.0,0.0,0.23200335397533198,1.0,0.0,0.0,1
5.139647283540825,0.0,1.0,0.6753857672758685,1.0,1.0,1.0,0
23.335525942328378,0.0,0.0,0.5680889045528763,1.0,0.0,0.0,0
47.85194492845099,0.0,0.0,0.35857759810052603,1.0,1.0,0.0,0
67.63855755487144,1.0,1.0,0.4244684681821086,1.0,1.0,0.0,0
3.4999476385777637,1.0,1.0,0.8642491438200567,1.0,1.0,1.0,0
3.2573347044536405,1.0,2.0,0.5278918342144313,1.0,1.0,0.0,0
0.7373944692996579,1.0,0.0,0.6765063694483473,0.0,1.0,1.0,0
21.315927487065103,1.0,3.0,0.490796955713467,1.0,0.0,0.0,1
17.74475342745476,1.0,1.0,0.45227677994536747,1.0,1.0,0.0,0
15.564408765617964,0.0,0.0,0.8898132031733071,1.0,0.0,0.0,0
55.63662962551926,0.0,0.0,0.5390118564194187,1.0,0.0,0.0,0
23.108266591425043,1.0,1.0,0.7795153254300738,1.0,1.0,0.0,0
0.0,0.0,1.0,0.7086378274650951,1.0,0.0,0.0,0
0.0,0.0,0.0,0.49351018753855036,1.0,0.0,0.0,0
20.137074690112755,1.0,0.0,0.45931768807520795,1.0,1.0,0.0,0
36.15473852170526,0.0,0.0,0.07389792242258326,1.0,1.0,0.0,0
44.10015513325765,0.0,2.0,0.33620580746978135,1.0,0.0,0.0,1
0.0,0.0,0.0,0.577151667482522,1.0,1.0,0.0,0
6.467342128935279,1.0,2.0,0.5084069431558844,1.0,0.0,0.0,0
29.87382026805927,3.0,0.0,0.5240500050943693,1.0,0.0,1.0,1
4.842836850496861,0.0,0.0,0.652817674891216,1.0,1.0,0.0,0
41.38618289243815,1.0,4.0,0.9335329898447292,1.0,0.0,1.0,1
0.0,0.0,1.0,0.5847298178024476,1.0,1.0,0.0,0
35.034966687440246,0.0,2.0,0.14520902590737833,1.0,1.0,1.0,1
38.94031252713408,2.0,1.0,0.7129832519610377,0.0,0.0,0.0,1
19.338804482877418,0.0,0.0,0.6204746392884708,1.0,0.0,1.0,0
39.430476756126254,1.0,2.0,0.8736090474771525,1.0,1.0,1.0,0
33.4471847306516,2.0,1.0,0.3087117272567518,0.0,0.0,0.0,1
94.25695622190531,1.0,1.0,0.39727611369555427,1.0,0.0,1.0,1
1.3404509533995217,0.0,1.0,0.7060223089842734,1.0,1.0,0.0,0
27.578389685242687,1.0,1.0,0.41609467000220113,1.0,1.0,1.0,0
38.658952980711206,1.0,3.0,0.7895335381252795,1.0,1.0,0.0,0
25.691749473882915,6.0,2.0,0.5470087278347282,1.0,1.0,1.0,0
9.881418099820063,0.0,1.0,0.7128288756111301,0.0,0.0,0.0,0
70.1647714036754,3.0,2.0,0.4655887790663673,1.0,1.0,1.0,1
78.80971021582042,1.0,3.0,0.4464385309510439,1.0,0.0,1.0,0
1.0493084722706012,0.0,1.0,0.4658723016440079,1.0,1.0,0.0,0
11.608925555864232,1.0,0.0,0.46563130582529244,1.0,1.0,0.0,1
0.0,0.0,1.0,0.28395942894641274,1.0,1.0,0.0,0
14.388928510428299,0.0,0.0,0.31847349670490904,1.0,1.0,1.0,0
56.26033925632457,0.0,0.0,0.35461766648967785,1.0,1.0,0.0,0
91.2307696326662,2.0,2.0,0.7094055485423985,0.0,0.0,1.0,1
0.0,1.0,0.0,0.3488117267736289,1.0,0.0,0.0,0
12.71548533074045,2.0,1.0,0.8239430201940929,1.0,0.0,0.0,1
0.0,1.0,1.0,0.8373530783927094,1.0,1.0,1.0,0
36.40795426219897,3.0,0.0,0.4463246439771134,1.0,1.0,1.0,1
9.50282030726246,0.0,0.0,0.5290660176929798,1.0,0.0,0.0,0
22.37308864856022,1.0,2.0,0.6449902636026402,1.0,1.0,1.0,0
40.90741899486956,1.0,0.0,0.3456638737450713,1.0,0.0,1.0,0
39.78937357863152,0.0,1.0,0.5767186060582022,1.0,1.0,0.0,0
0.0,2.0,0.0,0.5756110791296205,1.0,1.0,0.0,0
89.89340587095252,0.0,0.0,0.7335237563001875,1.0,1.0,0.0,0
20.338565087553164,1.0,1.0,0.6708609291681613,1.0,1.0,0.0,0
3.9170285114647756,1.0,1.0,0.7422722353973653,1.0,1.0,0.0,0
26.120522072696012,0.0,1.0,0.810235802442933,1.0,0.0,0.0,0
12.000019037828814,0.0,1.0,0.8945013564443428,1.0,1.0,0.0,0
77.81401336771091,1.0,2.0,0.5504869927932782,0.0,1.0,1.0,1
6.31470479129754,0.0,1.0,0.4886595401556376,1.0,1.0,0.0,0
35.34112824818473,1.0,0.0,0.6866324370029302,1.0,1.0,0.0,0
54.44321060426539,0.0,0.0,0.6328829558291319,1.0,1.0,1.0,0
9.141732010803775,0.0,0.0,0.8945125439148606,1.0,1.0,0.0,0
0.0,0.0,1.0,0.7181397905512488,1.0,0.0,0.0,0
0.0,0.0,0.0,0.5973265283761086,1.0,0.0,0.0,0
32.10815068352224,1.0,0.0,0.5449191508627903,1.0,0.0,0.0,0
7.653491964360777,1.0,1.0,0.7545927439128094,1.0,0.0,0.0,0
46.65029471480851,4.0,4.0,0.1232222156683303,1.0,0.0,1.0,1
123.90590265142366,1.0,0.0,0.4360027987684385,1.0,1.0,0.0,1
46.863226339220944,0.0,0.0,0.7287027769558843,1.0,0.0,1.0,0
30.915691917143644,1.0,0.0,0.4460558249334799,0.0,0.0,1.0,1
0.0,0.0,1.0,0.3383583837545175,1.0,0.0,0.0,0
14.941028237688013,1.0,1.0,0.469937258754282,1.0,0.0,0.0,0
0.0,0.0,1.0,0.7413514097225444,1.0,0.0,1.0,0
44.13836127479894,0.0,1.0,0.6770310774921429,1.0,1.0,0.0,0
24.41172284398848,1.0,1.0,0.644363445866779,1.0,0.0,1.0,0
5.3169944561499225,1.0,0.0,0.5189902577172285,1.0,0.0,1.0,0
15.439515863320977,2.0,2.0,0.8906684266127496,1.0,0.0,1.0,1
0.0,0.0,2.0,0.4414217791165491,1.0,0.0,0.0,0
31.296734546607517,1.0,2.0,0.678690187481939,1.0,1.0,0.0,0
51.34473426705315,4.0,3.0,0.2535476988995714,1.0,0.0,0.0,1
23.62303185340056,1.0,0.0,0.3614663234743649,1.0,0.0,0.0,0
13.357151135636201,2.0,0.0,0.3314747627276065,1.0,1.0,0.0,0
35.35895911233172,0.0,0.0,0.5308450119661791,0.0,1.0,0.0,0
5.886172333348441,1.0,1.0,0.7713807064304289,1.0,0.0,1.0,0
9.578673640685947,2.0,0.0,0.8526371572212833,1.0,1.0,1.0,1
38.957025969322856,0.0,1.0,0.2986784058057024,1.0,0.0,0.0,0
0.0,2.0,2.0,0.2946904790974403,1.0,0.0,0.0,0
76.3552650228902,2.0,1.0,0.06787383108553448,1.0,1.0,0.0,0
54.37207784797384,4.0,1.0,0.4255152992855845,1.0,0.0,1.0,1
31.131403075688844,0.0,2.0,0.3536884909864987,1.0,0.0,1.0,1
78.46483303464164,0.0,0.0,0.8246366841949698,1.0,1.0,0.0,0
44.08319304640324,0.0,1.0,0.6726392668723822,1.0,1.0,0.0,0
24.33815142305894,0.0,1.0,0.4769913999252214,1.0,1.0,0.0,0
53.450322953476096,3.0,0.0,0.3920018796215005,1.0,1.0,1.0,0
0.0,0.0,0.0,0.4979906954487877,1.0,0.0,1.0,0
42.97989368923514,0.0,0.0,0.7710106707533936,0.0,1.0,1.0,0
0.0,1.0,0.0,0.5351159091600077,1.0,1.0,0.0,0
1.1196904394509337,2.0,1.0,0.5413831058898794,1.0,0.0,0.0,0
17.369201959131747,4.0,5.0,0.3751663205365081,1.0,0.0,1.0,1
12.645077689469609,0.0,2.0,0.6642863761613848,1.0,0.0,1.0,0
82.69943677191273,4.0,0.0,0.06503438052375983,1.0,0.0,0.0,1
10.962024583567233,1.0,1.0,0.6335798154321708,1.0,0.0,0.0,0
62.53779366066135,2.0,1.0,0.6161566640115042,1.0,0.0,0.0,0
6.803754235640603,1.0,1.0,0.4559008809313204,1.0,1.0,1.0,0
47.717414485230655,0.0,0.0,0.5127035177648709,1.0,0.0,1.0,0
78.4445087637191,1.0,1.0,0.5245063458462867,1.0,0.0,0.0,1
3.9917720545375275,1.0,1.0,0.7031810842962948,1.0,1.0,0.0,0
35.22360433979111,3.0,0.0,0.13352495234120682,0.0,0.0,0.0,0
73.65277455678962,1.0,1.0,0.08401652339519591,1.0,0.0,1.0,1
7.0006347407888505,0.0,0.0,0.6463240356345071,1.0,0.0,1.0,0
17.968144280826518,0.0,1.0,0.4951650559188635,1.0,0.0,1.0,0
2.529012235883876,1.0,2.0,0.7722907725853562,0.0,1.0,0.0,1
0.0,1.0,1.0,0.3635005847113431,1.0,1.0,0.0,0
15.988021326063318,1.0,0.0,0.5766889286161582,1.0,1.0,0.0,0
26.725991916080872,0.0,0.0,0.2946852869080548,1.0,1.0,0.0,0
4.001788649482744,1.0,0.0,0.5947569300251958,1.0,1.0,0.0,0
30.781658887625962,0.0,1.0,0.5812883363667422,1.0,1.0,1.0,0
22.603937126451594,0.0,0.0,0.6921236571912363,1.0,0.0,1.0,0
0.0,0.0,0.0,0.611385897854106,1.0,1.0,1.0,0
22.4445570884683,1.0,1.0,0.6496261264205512,0.0,1.0,1.0,0
0.47708930891596424,0.0,1.0,0.6427898751246547,1.0,0.0,0.0,0
0.0,0.0,0.0,0.4326541968860247,1.0,1.0,0.0,0
10.692764681154141,0.0,4.0,0.37037673613355176,1.0,0.0,0.0,0
51.551924580696166,0.0,3.0,0.6713365319442505,1.0,1.0,1.0,0
13.533674713220238,2.0,0.0,0.5968266924340456,1.0,1.0,0.0,0
81.69347255795701,3.0,1.0,0.6366252610904647,1.0,1.0,1.0,1
0.0,0.0,1.0,0.9041443626611128,1.0,1.0,1.0,0
57.39015560498407,0.0,2.0,0.7354674990587458,1.0,0.0,1.0,1
0.0,0.0,2.0,0.6719140269797881,1.0,1.0,0.0,0
0.0,0.0,0.0,0.5432473247053249,1.0,0.0,0.0,0
75.55075479911585,3.0,2.0,0.506495565241692,0.0,1.0,1.0,1
171.75419890382864,1.0,0.0,0.38822474371647553,1.0,0.0,1.0,0
51.886956028987356,0.0,2.0,0.8294839680168825,1.0,1.0,1.0,1
30.541705088475368,1.0,0.0,0.8507486146835793,1.0,0.0,0.0,0
23.868284488881816,2.0,1.0,0.8093837368846766,1.0,1.0,0.0,0
43.64111443681496,0.0,1.0,0.41438455745346053,1.0,1.0,1.0,1
0.0,1.0,1.0,0.7863076920390976,1.0,0.0,1.0,0
84.82423823252807,1.0,3.0,0.7349173953633166,1.0,0.0,1.0,1
20.210597603795826,1.0,4.0,0.2833563582218087,1.0,0.0,0.0,0
33.732862215674146,0.0,0.0,0.48231892792050496,1.0,0.0,0.0,0
21.948557304503492,0.0,0.0,0.7327052959964622,1.0,1.0,0.0,0
29.31172743317244,0.0,0.0,0.8683514610771427,1.0,1.0,0.0,0
3.784917572217114,1.0,0.0,0.5050260334402575,1.0,0.0,0.0,0
28.27725677734355,0.0,0.0,0.662058746380632,1.0,0.0,0.0,0
0.0,0.0,1.0,0.6474554068000887,1.0,1.0,0.0,0
50.06822495296112,0.0,0.0,0.37526698124310015,1.0,1.0,0.0,0
94.43327968824401,1.0,6.0,0.3912915064182558,1.0,0.0,0.0,1
17.808129900526176,0.0,0.0,0.9356587113848955,1.0,0.0,1.0,0
65.82283690731663,1.0,1.0,0.7333798984491392,1.0,1.0,0.0,1
35.88673753426091,0.0,5.0,0.757323100555827,0.0,0.0,1.0,1
78.53126745563236,0.0,1.0,0.48144891076958585,1.0,0.0,0.0,0
0.0,0.0,2.0,0.7041648987782547,1.0,0.0,0.0,0
33.20044980014026,1.0,1.0,0.6176503396201178,1.0,0.0,1.0,1
46.20495030187273,4.0,2.0,0.1598787315259764,0.0,0.0,1.0,1
0.0,1.0,3.0,0.6326083087269062,1.0,1.0,1.0,0
51.59145958959871,1.0,1.0,0.39266952460672233,0.0,0.0,0.0,0
36.441991164212304,0.0,1.0,0.44279222154136244,1.0,1.0,1.0,0
75.79805148401518,3.0,2.0,0.6282597397845789,1.0,1.0,1.0,1
52.24726929468371,1.0,1.0,0.8211969229128053,1.0,0.0,0.0,0
7.372295446486515,0.0,0.0,0.7207657773308248,1.0,1.0,0.0,0
95.28253213104361,5.0,1.0,0.3150882763028192,0.0,1.0,1.0,1
69.74534055814854,0.0,0.0,0.5984994500278478,1.0,1.0,0.0,0
24.818563671809727,1.0,1.0,0.7005781936132081,1.0,1.0,1.0,0
73.92297540572525,2.0,1.0,0.2212365404625155,0.0,1.0,0.0,1
20.248531748444574,1.0,3.0,0.8477628827961661,1.0,1.0,0.0,0
0.0,1.0,0.0,0.4840077588738923,1.0,0.0,0.0,0
31.38087939191535,0.0,1.0,0.2669183897458128,1.0,1.0,0.0,0
66.70884933162992,2.0,2.0,0.31931850832773784,1.0,1.0,1.0,1
64.47794286860355,0.0,0.0,0.2383199005629789,1.0,0.0,0.0,0
72.6741963893154,0.0,1.0,0.4503668980545144,1.0,0.0,0.0,0
3.592687618221895,1.0,0.0,0.613913136806181,1.0,1.0,0.0,0
28.59088806759469,0.0,0.0,0.5197869416055859,1.0,1.0,1.0,0
12.538578508554025,2.0,2.0,0.33530525876870027,1.0,1.0,1.0,0
0.0,1.0,0.0,0.2936301827319029,1.0,0.0,1.0,1
9.469596373031736,3.0,0.0,0.4322132945522538,1.0,1.0,0.0,0
63.98205008230833,0.0,0.0,0.3427069343822439,0.0,0.0,0.0,0
0.0,1.0,0.0,0.29484149102317253,1.0,1.0,0.0,0
0.0,0.0,0.0,0.8887597980737093,1.0,1.0,0.0,0
62.381321067276566,0.0,1.0,0.8752090403654239,1.0,1.0,0.0,0
81.3333852799687,0.0,1.0,0.3179859467803095,1.0,1.0,0.0,0
0.0,1.0,1.0,0.8201378864082391,1.0,1.0,1.0,0
84.36631357983566,0.0,2.0,0.18320248578774329,1.0,1.0,0.0,1
0.0,0.0,2.0,0.5372490407867833,1.0,1.0,0.0,0
68.72780111037534,2.0,1.0,0.8017035992906021,1.0,1.0,1.0,1
10.05648228203254,0.0,1.0,0.17225271574244277,1.0,0.0,1.0,0
0.0,0.0,1.0,0.8284000837051037,1.0,0.0,0.0,0
22.05794010967923,0.0,1.0,0.875652348447853,1.0,0.0,1.0,0
53.09265125588997,0.0,0.0,0.35580405700619355,1.0,1.0,0.0,0
21.902778214955433,0.0,0.0,0.6938758254227234,1.0,0.0,1.0,0
50.0943640040853,0.0,4.0,0.5229007486824503,0.0,0.0,1.0,1
15.51803418089721,1.0,2.0,0.6767763761353432,1.0,0.0,1.0,1
38.04697462695066,1.0,1.0,0.5551159965088374,1.0,0.0,1.0,0
0.0,1.0,0.0,0.9213711736339718,1.0,1.0,0.0,0
0.0,0.0,0.0,0.5484064091912585,1.0,1.0,0.0,0
62.27034384629316,2.0,0.0,0.25624739823968234,1.0,1.0,1.0,0
91.30103991690501,2.0,1.0,0.10105197651093213,0.0,0.0,0.0,1
74.30280038739063,2.0,3.0,0.1415945772686821,1.0,0.0,1.0,1
50.854183628872924,1.0,1.0,0.6055903844637001,1.0,0.0,0.0,0
0.0,1.0,0.0,0.4265263982912311,1.0,0.0,0.0,0
4.659755762703308,1.0,0.0,0.7130204935935764,1.0,0.0,0.0,0
47.51655409893297,0.0,0.0,0.9480398610453914,1.0,1.0,0.0,0
7.705632838782234,1.0,0.0,0.470504952174475,1.0,0.0,1.0,0
0.0,4.0,1.0,0.6229347999515089,1.0,0.0,0.0,1
29.573130902218917,1.0,3.0,0.3259170004031448,1.0,0.0,1.0,1
24.042978622309537,0.0,1.0,0.9009301241983557,1.0,1.0,0.0,0
30.02964522417681,4.0,3.0,0.39678458658977767,0.0,0.0,1.0,1
20.956967812476428,0.0,1.0,0.1128134968044547,1.0,1.0,1.0,0
45.270755051752765,0.0,0.0,0.1588604570258705,1.0,1.0,0.0,1
33.93535460218987,1.0,3.0,0.5708673683381711,1.0,1.0,1.0,0
20.66826124068313,2.0,1.0,0.4740023442845223,1.0,0.0,1.0,1
15.201954055389013,2.0,0.0,0.07288467638589818,1.0,0.0,1.0,1
97.48343247094452,0.0,2.0,0.30361200867684196,1.0,0.0,1.0,1
76.00498885673343,1.0,0.0,0.23163103183677244,0.0,1.0,1.0,1
34.023954807952876,1.0,0.0,0.920726459091499,1.0,0.0,1.0,1
77.97974729618801,1.0,0.0,0.5736471323748803,0.0,1.0,1.0,0
69.41196263876932,1.0,0.0,0.054959311841380386,1.0,0.0,1.0,1
0.0,0.0,1.0,0.9203524090013335,1.0,1.0,0.0,0
79.74848440446229,2.0,1.0,0.6803357186344484,1.0,0.0,1.0,1
19.33092361661342,2.0,1.0,0.708598257961422,1.0,1.0,0.0,0
8.56349137797021,0.0,1.0,0.6453004897462592,1.0,0.0,0.0,0
30.485354823496735,0.0,0.0,0.7747132975983704,0.0,0.0,0.0,0
1.0943446345533836,1.0,0.0,0.2630709902786615,1.0,0.0,1.0,0
6.597532279637802,0.0,1.0,0.7943127660539104,1.0,0.0,1.0,0
29.028776241393302,1.0,0.0,0.9474496163048882,1.0,1.0,0.0,0
8.663323590077418,1.0,2.0,0.7598149081336331,1.0,0.0,0.0,0
2.772506789704418,0.0,0.0,0.5128424161595513,1.0,0.0,0.0,0
60.07177547193412,2.0,1.0,0.7563436139441011,1.0,1.0,1.0,1
26.66282214364031,2.0,4.0,0.374396917698569,1.0,0.0,0.0,1
21.575232761765516,0.0,0.0,0.6285911222384103,1.0,0.0,0.0,0
0.13043482776485682,0.0,0.0,0.7775364891087793,1.0,1.0,1.0,0
7.224518246269875,0.0,0.0,0.5668773523063019,1.0,0.0,0.0,0
21.168109598089952,0.0,0.0,0.5305115102724258,1.0,1.0,1.0,1
41.7640220945981,0.0,0.0,0.5925387435261138,1.0,1.0,0.0,0
72.21915715608583,2.0,1.0,0.6921168327051057,1.0,0.0,1.0,1
110.68237913939777,1.0,0.0,0.5490810029656896,1.0,1.0,0.0,1
54.43653926454972,0.0,0.0,0.6014484770201355,0.0,1.0,1.0,0
39.15384833119584,2.0,1.0,0.5930023529848734,1.0,0.0,1.0,1
0.0,1.0,3.0,0.7712343532398652,1.0,0.0,1.0,1
14.36764210904365,0.0,1.0,0.6884443629961979,1.0,1.0,0.0,0
0.0,0.0,0.0,0.4157943733787168,1.0,0.0,0.0,0
11.659876427163532,0.0,2.0,0.5791540919651799,1.0,1.0,0.0,0
66.82599821650251,0.0,2.0,0.6252068602802054,1.0,1.0,0.0,0
79.81127164960064,1.0,3.0,0.7810442238847739,0.0,0.0,0.0,0
5.542549198259042,0.0,0.0,0.9604776947287778,1.0,0.0,0.0,0
35.45757577668194,1.0,1.0,0.615098717975891,1.0,0.0,1.0,0
0.0,0.0,0.0,0.49004546393552456,1.0,1.0,1.0,0
0.0,0.0,1.0,0.9115403081475049,1.0,0.0,1.0,0
52.806899066291734,1.0,0.0,0.6209261016101377,1.0,1.0,0.0,0
29.636936482587693,1.0,1.0,0.7009856152694268,1.0,1.0,0.0,0
24.165001871140007,0.0,1.0,0.3869768890620419,1.0,1.0,1.0,0
22.178087167430505,0.0,1.0,0.6839948513574519,1.0,0.0,0.0,0
8.36923865183968,0.0,0.0,0.7152087378817159,1.0,0.0,1.0,0
119.86252922471701,1.0,2.0,0.220308484950647,1.0,1.0,0.0,1
24.771025561861403,2.0,1.0,0.574414371553026,1.0,1.0,0.0,0
37.176554487033364,0.0,3.0,0.8253071502906711,1.0,0.0,0.0,1
55.38905994750088,2.0,2.0,0.5887637949572652,1.0,1.0,0.0,0
23.9564867039606,0.0,1.0,0.750843298273357,1.0,0.0,0.0,0
27.914654508237966,1.0,1.0,0.6335240939564465,1.0,1.0,0.0,1
27.816948565354046,1.0,1.0,0.5734961591997879,1.0,1.0,1.0,1
35.208943346469674,1.0,0.0,0.5875340857528015,0.0,0.0,1.0,0
36.77531519580879,2.0,3.0,0.7194116306110676,1.0,0.0,1.0,1
50.51280948611711,1.0,0.0,0.5159571213470583,1.0,0.0,0.0,0
0.0,0.0,0.0,0.7161569969989747,1.0,0.0,0.0,0
68.15478113911146,0.0,0.0,0.931419423117789,1.0,0.0,0.0,1
19.889501760521117,2.0,2.0,0.38756997976996643,1.0,0.0,1.0,1
11.708206635311086,0.0,1.0,0.3738151988711587,1.0,1.0,0.0,0
10.154927899210529,0.0,1.0,0.9609690964554791,1.0,1.0,1.0,0
0.0,0.0,0.0,0.7849343525267455,1.0,0.0,1.0,0
13.055279286168487,1.0,0.0,0.7794535104783598,1.0,0.0,1.0,0
21.680714941875124,0.0,0.0,0.9408479746636349,1.0,1.0,1.0,0
0.0,0.0,1.0,0.6782090547975054,1.0,0.0,1.0,0
24.60988588384496,0.0,0.0,0.8175057371080724,1.0,0.0,0.0,0
2.0212399877764256,0.0,3.0,0.5063970801844179,1.0,1.0,0.0,1
17.24022121150447,0.0,1.0,0.8804478116438209,1.0,0.0,0.0,0
39.69019168909112,0.0,1.0,0.7609442802314084,1.0,1.0,0.0,0
60.46122164262013,3.0,2.0,0.46444576930797393,0.0,0.0,0.0,1
41.75876629438948,0.0,0.0,0.6240132785845541,1.0,1.0,0.0,0
24.85795389334514,2.0,0.0,0.5967908149486902,1.0,0.0,0.0,0
12.677375897320116,1.0,2.0,0.8075694107706716,1.0,1.0,0.0,0
62.50676916143689,0.0,1.0,0.5927779249871477,1.0,1.0,1.0,0
26.354612216056065,0.0,0.0,0.7082534115656082,1.0,1.0,0.0,0
0.0,0.0,0.0,0.89334793002886,1.0,1.0,0.0,0
86.19737640328862,1.0,0.0,0.5727446297646895,1.0,0.0,0.0,0
158.35648512562634,0.0,1.0,0.5377255678684038,1.0,0.0,1.0,0
0.0,0.0,0.0,0.7100099078007437,1.0,1.0,0.0,1
114.33911668353426,2.0,3.0,0.21762819836977937,1.0,0.0,0.0,1
94.17544967648922,3.0,3.0,0.4116949247997147,1.0,0.0,0.0,1
0.0,0.0,3.0,0.6170434812642633,1.0,1.0,0.0,1
51.33259607687169,0.0,1.0,0.5212366084572486,1.0,0.0,0.0,1
49.40488889504695,0.0,0.0,0.6702594519243548,1.0,0.0,1.0,0
0.0,1.0,0.0,0.7754521997802007,1.0,1.0,1.0,0
25.500475192642305,0.0,0.0,0.7024408594423138,1.0,0.0,0.0,0
42.71680175807343,1.0,1.0,0.6984225576560731,1.0,0.0,1.0,1
0.0,1.0,0.0,0.2719065629960952,1.0,0.0,0.0,0
0.0,1.0,0.0,0.6956247906054335,1.0,0.0,0.0,0
0.0,2.0,3.0,0.596837765530115,1.0,0.0,1.0,1
20.473919173636553,0.0,0.0,0.7415143682991753,1.0,1.0,0.0,0
18.218323282640476,3.0,1.0,0.5514265169136939,1.0,0.0,1.0,1
46.55408714721972,1.0,2.0,0.7983679317147753,1.0,0.0,0.0,0
7.510722206812007,0.0,0.0,0.6045851429911151,1.0,1.0,0.0,0
5.58847294607949,0.0,1.0,0.6960916693998052,1.0,0.0,0.0,0
13.348114126773073,0.0,3.0,0.9354582086340719,1.0,0.0,1.0,1
21.97906199939775,0.0,0.0,0.5454102507368376,1.0,1.0,0.0,1
24.121257662197728,0.0,1.0,0.5441043156628262,1.0,1.0,0.0,0
20.3139501347772,0.0,0.0,0.28677885756299537,1.0,0.0,1.0,0
47.628491105315135,0.0,2.0,0.7980843124244943,1.0,1.0,0.0,0
51.9845715399195,0.0,2.0,0.0594539770754155,1.0,0.0,0.0,1
32.01662963358041,0.0,1.0,0.8052067446969541,1.0,0.0,0.0,0
8.128602231896181,0.0,1.0,0.502834115855187,1.0,0.0,0.0,0
0.0,0.0,0.0,0.6897789029998143,1.0,0.0,0.0,0
19.336237322126053,0.0,0.0,0.7324874493541227,1.0,0.0,1.0,0
6.089126727165517,0.0,0.0,0.7687188926682611,1.0,0.0,1.0,1
41.803185244623634,3.0,0.0,0.7895519868487837,1.0,0.0,0.0,1
32.90841496410863,1.0,2.0,0.5937659133318088,1.0,0.0,1.0,1
20.785146601930638,0.0,0.0,0.5491735298947913,1.0,1.0,0.0,0
10.357479117388417,1.0,1.0,0.9118029302512151,1.0,0.0,0.0,0
63.59970764897084,0.0,1.0,0.6893107960525168,1.0,1.0,0.0,0
0.0,1.0,2.0,0.660778819324875,1.0,1.0,0.0,0
4.9419239166071876,1.0,0.0,0.4729026566643147,1.0,0.0,1.0,0
3.9247644026419586,1.0,0.0,0.6814891688130619,1.0,1.0,0.0,1
22.883721950829724,4.0,2.0,0.13332361806733262,0.0,0.0,1.0,1
49.555520460974606,1.0,0.0,0.4447216207568024,1.0,0.0,0.0,0
36.18427440557757,1.0,1.0,0.18756374895223873,1.0,0.0,0.0,1
0.0,1.0,0.0,0.9032271496505515,1.0,0.0,0.0,0
0.0,2.0,1.0,0.8778166474208747,1.0,0.0,1.0,0
112.11951280347759,4.0,4.0,0.17712405825341113,1.0,1.0,1.0,0
47.12399417089875,0.0,0.0,0.5366671726110124,1.0,0.0,0.0,0
22.07340925943835,1.0,1.0,0.2917795899337855,0.0,0.0,1.0,1
51.91066710712466,1.0,4.0,0.7627249028779209,0.0,0.0,1.0,1
100.51430968148804,1.0,4.0,0.5904879693548277,1.0,0.0,0.0,1
65.55367192904556,2.0,1.0,0.42557463643270976,1.0,0.0,0.0,1
20.692700183330434,0.0,0.0,0.3029490695146855,1.0,0.0,0.0,1
31.228629268587362,2.0,0.0,0.21100162418999863,1.0,1.0,1.0,0
27.091060391074894,0.0,1.0,0.498648096477917,1.0,0.0,0.0,0
33.03623681730446,2.0,1.0,0.47847221874202184,1.0,0.0,1.0,1
19.77716842952736,0.0,2.0,0.6879880786513727,1.0,0.0,0.0,0
60.61159314473802,0.0,0.0,0.4896162384406848,1.0,1.0,0.0,0
129.3346140181252,0.0,2.0,0.7146213509957272,1.0,1.0,1.0,0
19.088563346327568,0.0,3.0,0.31117657024010564,1.0,0.0,0.0,1
36.486138287019756,1.0,1.0,0.3264137721219405,1.0,0.0,1.0,1
58.03251463870879,3.0,1.0,0.717288979169482,1.0,1.0,0.0,0
18.33632692347514,1.0,0.0,0.8070933761426077,1.0,0.0,0.0,0
11.70332257362335,0.0,1.0,0.5407618566445039,1.0,0.0,1.0,0
0.0,1.0,0.0,0.7835653133496648,1.0,1.0,0.0,0
36.901047649753636,0.0,3.0,0.34026000588787525,1.0,0.0,1.0,0
15.877915676880662,0.0,0.0,0.7817309196455813,1.0,1.0,1.0,0
18.664053044981824,0.0,1.0,0.7840850013856749,1.0,0.0,0.0,0
0.0,1.0,0.0,0.7404928868553553,1.0,0.0,0.0,1
12.591196216297787,1.0,0.0,0.6389235759325228,0.0,1.0,0.0,0
15.273466140097153,0.0,0.0,0.5254871066816715,1.0,1.0,0.0,0
3.3977392633637606,0.0,2.0,0.5750303811287161,1.0,1.0,0.0,0
63.101021588396,2.0,1.0,0.689661302330342,1.0,0.0,0.0,1
20.235264427235762,0.0,0.0,0.3026191175249566,1.0,1.0,1.0,0
92.05928435439222,1.0,1.0,0.2165473470156628,1.0,1.0,1.0,1
26.91772180294344,1.0,2.0,0.4413770647021433,1.0,0.0,1.0,0
28.270673920709186,0.0,3.0,0.5461584462435662,1.0,0.0,0.0,0
6.6859173467558595,0.0,0.0,0.5347463724654622,1.0,0.0,1.0,0
0.0,1.0,1.0,0.699942428720248,1.0,0.0,0.0,0
57.91631278358088,0.0,2.0,0.595877144680297,1.0,0.0,0.0,0
23.62971815678744,1.0,2.0,0.5802470936768512,1.0,0.0,0.0,0
87.84259724696575,0.0,1.0,0.1849915791793956,0.0,1.0,0.0,0
0.0,0.0,2.0,0.35380244633205366,1.0,1.0,0.0,0
59.914769309477485,2.0,1.0,0.5036010651560003,1.0,0.0,1.0,1
0.0,2.0,0.0,0.6721258843469653,1.0,1.0,0.0,1
0.0,1.0,1.0,0.5530575445559679,1.0,1.0,0.0,0
7.09477125567212,1.0,0.0,0.4902781495154029,0.0,1.0,1.0,0
13.141978303160741,2.0,2.0,0.39314934894603787,1.0,0.0,0.0,0
12.617367478899673,0.0,3.0,0.19725700910932512,1.0,1.0,0.0,0
43.44278123093579,0.0,0.0,0.3807521151322021,1.0,1.0,0.0,0
13.073237528002444,0.0,1.0,0.5306287019639119,0.0,1.0,1.0,0
2.210214952638294,1.0,0.0,0.6145514531766567,0.0,1.0,1.0,0
82.68794844077541,1.0,2.0,0.4239225598305438,1.0,0.0,0.0,0
10.791915641673224,0.0,0.0,0.6981780080521878,1.0,0.0,0.0,1
47.926964707727386,3.0,3.0,0.718751257332921,1.0,0.0,1.0,1
23.771129116171338,0.0,0.0,0.7379805084117607,1.0,1.0,0.0,0
21.387145833517888,0.0,0.0,0.8577625790367437,1.0,1.0,1.0,0
20.247833703926357,0.0,0.0,0.765848964885735,1.0,1.0,0.0,0
5.473180067707043,0.0,0.0,0.8772030581157699,1.0,1.0,0.0,0
26.161070941581116,1.0,2.0,0.6456984430220493,1.0,1.0,0.0,1
0.0,0.0,0.0,0.664971652499226,1.0,0.0,0.0,0
1.1011903969117327,0.0,0.0,0.6050760397108016,0.0,0.0,0.0,0
55.71421522692078,6.0,2.0,0.46161466135991114,1.0,0.0,1.0,1
104.34601696701412,0.0,2.0,0.6852728846339234,1.0,0.0,1.0,0
31.73963750332437,0.0,3.0,0.8039215871947631,1.0,1.0,0.0,1
18.69018408088918,1.0,1.0,0.862296898614272,1.0,1.0,0.0,0
0.0,0.0,0.0,0.7984084688124619,1.0,0.0,1.0,0
21.118374864828194,0.0,1.0,0.8325057494685077,1.0,1.0,0.0,0
0.0,1.0,1.0,0.493809734728412,1.0,0.0,0.0,0
107.09502923996953,1.0,2.0,0.36681457367304027,1.0,1.0,0.0,1
0.0,0.0,0.0,0.39491162863826834,1.0,0.0,1.0,1
0.0,0.0,1.0,0.6906714692650823,1.0,0.0,0.0,0
52.32816910201797,1.0,0.0,0.5296116667474231,1.0,0.0,0.0,0
4.618972199873594,1.0,0.0,0.7078778106817434,1.0,0.0,0.0,0
91.90469371943607,3.0,0.0,0.8987791828238125,1.0,1.0,0.0,0
2.4132829284548425,1.0,0.0,0.9351989997749588,1.0,1.0,0.0,0
0.0,0.0,0.0,0.6644499746409158,1.0,0.0,0.0,0
16.025972727420708,0.0,0.0,0.8735264827244263,1.0,1.0,0.0,0
48.77382115713111,1.0,0.0,0.4935866404154694,1.0,1.0,0.0,1
0.0,1.0,0.0,0.4476856806643614,1.0,1.0,1.0,0
29.15677026175668,0.0,0.0,0.7595042183887022,1.0,1.0,0.0,0
20.346837165124334,0.0,0.0,0.3331819492573547,1.0,0.0,0.0,0
22.995178657883603,2.0,3.0,0.36025766485193694,1.0,0.0,1.0,1
0.0,0.0,1.0,0.7350626074091184,1.0,1.0,0.0,0
24.794867850976754,1.0,1.0,0.670471321228769,1.0,1.0,0.0,0
3.325045976278875,0.0,0.0,0.8249185811972284,1.0,1.0,0.0,0
124.99198310519213,0.0,1.0,0.40027512539020843,1.0,1.0,1.0,1
88.68690633353569,0.0,0.0,0.43915560305440565,1.0,0.0,0.0,0
19.27370099775293,0.0,2.0,0.8573375770543152,1.0,1.0,0.0,0
39.52824747696179,0.0,1.0,0.8712680708915879,1.0,1.0,0.0,0
5.291673265997105,0.0,1.0,0.8216208522079435,1.0,0.0,1.0,0
87.61959218004452,2.0,1.0,0.3884028820442373,1.0,1.0,0.0,0
27.435053718094476,0.0,1.0,0.9156519936833871,1.0,1.0,0.0,0
2.5470916445660383,0.0,0.0,0.6986286912403491,1.0,0.0,0.0,0
5.103184575414687,0.0,2.0,0.3406720869259419,1.0,1.0,0.0,0
57.26333905716179,0.0,2.0,0.5857112835564061,1.0,0.0,1.0,0
13.741253974786922,1.0,1.0,0.6838294708852789,1.0,0.0,1.0,0
33.177746752731274,1.0,1.0,0.47708300373168755,1.0,0.0,0.0,1
150.35942900593486,1.0,3.0,0.14478878319419095,1.0,0.0,1.0,1
30.232036032832536,0.0,2.0,0.8078767012638567,1.0,1.0,0.0,0
62.98121143555146,3.0,0.0,0.2952433706111761,0.0,0.0,1.0,1
23.38468228212243,0.0,2.0,0.7599739352645686,0.0,1.0,0.0,0
0.0,0.0,0.0,0.788837953029951,1.0,0.0,0.0,0
6.117854157763716,2.0,3.0,0.06586987864928542,1.0,0.0,1.0,1
39.70705604882383,1.0,0.0,0.6660611014962377,1.0,0.0,0.0,0
21.211894441401668,0.0,0.0,0.9236612532422688,1.0,1.0,1.0,0
0.0,1.0,2.0,0.9197640917315203,1.0,1.0,1.0,0
17.043196822508772,0.0,1.0,0.2745674563348729,1.0,1.0,0.0,0
28.66092540640717,1.0,2.0,0.4617591116418694,1.0,1.0,1.0,0
25.199627967554452,9.0,0.0,0.8151394180411269,1.0,0.0,0.0,1
5.847694923030469,0.0,0.0,0.8181181506896258,1.0,1.0,1.0,0
12.612071438011382,1.0,0.0,0.4857003509002378,1.0,1.0,0.0,0
6.734871309680946,0.0,1.0,0.5729936415718001,1.0,0.0,0.0,0
43.75706931598938,1.0,1.0,0.45710160503727276,1.0,0.0,0.0,0
0.0,0.0,1.0,0.46745414870423824,1.0,0.0,0.0,0
62.71656832043316,3.0,1.0,0.3343766009028776,1.0,0.0,1.0,1
69.69026967829826,1.0,0.0,0.40231370094030966,1.0,1.0,0.0,0
0.0,2.0,1.0,0.22007697744881394,0.0,1.0,1.0,0
97.72545889291959,0.0,1.0,0.4836294868350375,1.0,0.0,0.0,0
33.60813355806481,2.0,2.0,0.699231155693774,1.0,0.0,1.0,0
32.25455279763068,1.0,2.0,0.3124457678319415,1.0,0.0,0.0,1
4.129512308720813,1.0,1.0,0.7824343979308758,1.0,0.0,0.0,0
0.0,0.0,2.0,0.8176776721780874,1.0,1.0,0.0,0
17.526371836328327,0.0,2.0,0.566270317696263,1.0,1.0,0.0,0
27.28045751401252,0.0,0.0,0.7088776605475282,1.0,0.0,0.0,0
19.645048362042584,0.0,0.0,0.9566281543346206,1.0,1.0,0.0,0
42.964748209094736,1.0,1.0,0.7435564927384191,1.0,1.0,0.0,0
93.39711922663423,0.0,2.0,0.7540157410135006,1.0,0.0,1.0,0
57.34566890933269,2.0,1.0,0.7751382373491784,1.0,0.0,1.0,0
30.252396642323802,0.0,0.0,0.6345140333270786,1.0,1.0,1.0,0
7.465105086430637,1.0,2.0,0.7137080773131901,0.0,0.0,1.0,1
11.666756493138998,1.0,1.0,0.5588410874048814,1.0,0.0,0.0,0
0.0,1.0,1.0,0.7535398290675882,1.0,0.0,1.0,0
47.46318334064689,0.0,0.0,0.37326825261848307,1.0,0.0,1.0,1
51.05263582420939,1.0,1.0,0.644925376337261,1.0,0.0,0.0,1
24.870193753021155,0.0,1.0,0.260571667647472,1.0,1.0,1.0,0
1.6643591113537077,0.0,1.0,0.7908403788274693,1.0,1.0,1.0,0
57.97752380790591,5.0,1.0,0.8303399306849218,1.0,0.0,0.0,1
109.07613694778452,1.0,2.0,0.5796133142737835,0.0,0.0,0.0,1
19.40426583911016,1.0,3.0,0.5731219470803495,1.0,0.0,1.0,1
9.493102688873389,1.0,1.0,0.7586038291715692,1.0,0.0,1.0,0
113.85470197861387,5.0,0.0,0.6060166312843038,1.0,0.0,1.0,1
59.19771998571298,0.0,0.0,0.20941461514886037,1.0,1.0,0.0,0
9.234053395836277,0.0,0.0,0.31695484952239844,1.0,1.0,0.0,0
35.484606426885875,1.0,1.0,0.7113836475121001,1.0,0.0,0.0,1
27.64912849861351,2.0,1.0,0.23957247644679738,1.0,0.0,0.0,1
0.0,1.0,0.0,0.923722523097768,1.0,1.0,1.0,0
23.375144882217654,0.0,1.0,0.7819442390014842,0.0,0.0,0.0,0
0.0,0.0,0.0,0.7911361964651814,1.0,0.0,0.0,0
61.79853386007728,1.0,0.0,0.38658220210851274,1.0,0.0,1.0,0
26.91060863332772,1.0,2.0,0.8186047315629283,1.0,0.0,1.0,1
11.630279873438855,1.0,1.0,0.5319419125486483,1.0,1.0,0.0,0
23.74358333290727,0.0,0.0,0.46287469553724947,1.0,1.0,1.0,1
15.753445837146737,1.0,1.0,0.540472827286053,1.0,0.0,0.0,0
80.45141245967363,0.0,0.0,0.4220644946886044,1.0,0.0,0.0,0
8.984819788856125,1.0,1.0,0.8758219350892874,0.0,1.0,1.0,1
22.060132657123212,0.0,0.0,0.752317928122334,1.0,0.0,0.0,0
28.321024329854154,1.0,1.0,0.5440820950454426,1.0,1.0,0.0,0
29.812113763342204,1.0,0.0,0.536460889669824,1.0,1.0,0.0,0
24.101603876801448,2.0,1.0,0.7781370687565443,1.0,0.0,0.0,0
37.66194788038376,0.0,0.0,0.3893191301876822,1.0,0.0,0.0,1
15.434971934526537,0.0,1.0,0.6258033070358185,1.0,0.0,1.0,0
0.0,0.0,2.0,0.39335499135663116,1.0,0.0,0.0,0
36.80915718758601,0.0,0.0,0.5789790609337316,1.0,1.0,1.0,0
50.73992949326467,4.0,1.0,0.6683711245325608,1.0,0.0,0.0,1
37.485439769529236,0.0,1.0,0.5997692524921107,1.0,0.0,0.0,0
60.80770931647581,2.0,0.0,0.49261046803566694,1.0,1.0,0.0,0
28.234056147566857,0.0,2.0,0.3789324224973497,1.0,1.0,0.0,0
83.52137193977916,1.0,2.0,0.35222096190655205,1.0,0.0,0.0,0
101.6918374146675,3.0,0.0,0.4488276075642598,1.0,0.0,0.0,1
61.81806820699952,4.0,0.0,0.47134757819405937,1.0,0.0,1.0,1
8.86589998579143,0.0,1.0,0.43383375804419133,1.0,0.0,1.0,0
63.000289788286736,1.0,0.0,0.7858145809786529,1.0,0.0,0.0,0
3.1731973932617343,0.0,0.0,0.3778044522869011,1.0,0.0,0.0,0
111.39681274439504,0.0,0.0,0.6926236275036852,1.0,1.0,0.0,0
38.47695241955202,1.0,0.0,0.8684148927877157,1.0,1.0,0.0,0
2.3110331461216074,1.0,1.0,0.7455767613143112,1.0,0.0,0.0,1
9.683961899571726,0.0,1.0,0.7967314916785664,1.0,0.0,1.0,0
62.006457160733866,2.0,4.0,0.7753171621906834,1.0,0.0,1.0,1
41.3166144779231,0.0,1.0,0.44347495287179095,1.0,1.0,1.0,0
22.774061357422283,3.0,0.0,0.3662511611422211,1.0,1.0,1.0,1
75.04477442703555,5.0,1.0,0.23878329942427737,0.0,0.0,1.0,1
8.990674588232022,2.0,0.0,0.8298790528259988,1.0,0.0,1.0,0
16.74896647640707,0.0,0.0,0.8063373261890182,1.0,1.0,1.0,0
17.108567375319097,0.0,2.0,0.174209565997724,1.0,1.0,1.0,1
62.268611877117436,1.0,1.0,0.06724618639812245,0.0,0.0,0.0,1
0.0,0.0,2.0,0.48954752811005836,1.0,1.0,0.0,0
45.48008553962049,1.0,0.0,0.8632837137216106,1.0,0.0,0.0,0
48.8425482226171,5.0,1.0,0.19328070997785474,1.0,0.0,1.0,1
28.350319218001214,0.0,0.0,0.5927754207256469,1.0,1.0,0.0,0
26.799055704060997,1.0,1.0,0.4540246236929286,1.0,0.0,0.0,0
10.355928166120375,4.0,1.0,0.27749674022924903,1.0,0.0,0.0,1
34.1588261007404,2.0,1.0,0.9807459858490337,1.0,0.0,0.0,1
64.08563058898542,0.0,1.0,0.28043355826816146,1.0,1.0,1.0,0
71.32581142788085,1.0,1.0,0.8989497945258205,1.0,0.0,0.0,0
64.74284443702001,1.0,1.0,0.42049145530957266,1.0,0.0,0.0,1
0.0,0.0,1.0,0.880087345117198,1.0,1.0,0.0,0
64.36814569906808,1.0,0.0,0.679303465614644,0.0,1.0,0.0,0
37.987646191933344,0.0,3.0,0.9569290860610205,1.0,1.0,1.0,1
29.37783431330795,0.0,1.0,0.9128117389758835,1.0,0.0,0.0,0
12.733045975398845,1.0,3.0,0.2989225867506868,1.0,1.0,0.0,1
49.01603660451706,0.0,1.0,0.8916041693531905,1.0,1.0,0.0,0
7.07590930590856,4.0,0.0,0.5310421614188333,1.0,1.0,0.0,0
30.82986151753635,2.0,4.0,0.6875402868026472,1.0,0.0,0.0,1
5.0662148645988125,1.0,3.0,0.6678352506886338,1.0,1.0,1.0,0
44.11547433892247,0.0,1.0,0.8764638249857456,1.0,0.0,0.0,0
25.723801146077783,1.0,0.0,0.38262983680358176,1.0,0.0,0.0,0
0.0,2.0,3.0,0.8597539769152649,1.0,1.0,1.0,0
0.0,0.0,0.0,0.26280185614025,1.0,0.0,0.0,0
23.966139775915117,0.0,1.0,0.6755648042415833,1.0,1.0,0.0,0
36.00090786141842,0.0,0.0,0.5061180416815835,1.0,1.0,0.0,0
19.064635370093296,1.0,0.0,0.24257962345593417,1.0,1.0,0.0,1
0.0,0.0,1.0,0.5381375196354345,1.0,1.0,0.0,0
66.6916504083336,2.0,0.0,0.19506456171500966,1.0,1.0,1.0,1
4.491455197368074,2.0,1.0,0.6792638273598501,1.0,1.0,1.0,1
2.9415038742165436,0.0,3.0,0.5198367033903187,0.0,0.0,1.0,1
12.168783881668197,0.0,0.0,0.8576695826346711,1.0,0.0,0.0,0
109.47450714190445,0.0,4.0,0.6518581150820566,1.0,1.0,1.0,0
31.883148764442538,2.0,1.0,0.6337843019491809,1.0,0.0,1.0,1
51.41187978770459,0.0,1.0,0.3437668921077358,1.0,0.0,1.0,0
74.08411162393804,3.0,0.0,0.7066674027830695,1.0,0.0,1.0,1
0.0,1.0,1.0,0.34863573882135934,1.0,0.0,1.0,1
40.0011884712918,1.0,3.0,0.5940018073277148,0.0,0.0,1.0,1
24.147794361085364,3.0,0.0,0.13711061952183445,1.0,1.0,0.0,0
0.0,0.0,0.0,0.7260948351919959,1.0,1.0,0.0,0
2.7925912730499363,0.0,0.0,0.6331910505521339,1.0,1.0,0.0,0
9.921965080640327,1.0,1.0,0.5612519371517338,1.0,0.0,0.0,0
6.862160603959175,0.0,0.0,0.5826624647057139,1.0,1.0,0.0,0
38.16860599338217,2.0,0.0,0.38876570336979455,1.0,0.0,1.0,1
41.787100188218716,0.0,1.0,0.648658489991501,1.0,1.0,0.0,0
4.888582970493296,0.0,1.0,0.6390499852486978,1.0,0.0,0.0,0
43.84284267261147,0.0,0.0,0.4952702759059744,1.0,0.0,1.0,0
71.24958697643606,2.0,1.0,0.6170087413201369,1.0,0.0,1.0,0
26.61021144435694,0.0,2.0,0.46471048965529443,1.0,1.0,0.0,0
38.12457093343722,0.0,1.0,0.6259645016974651,1.0,1.0,1.0,0
0.0,0.0,1.0,0.7083756775154351,1.0,0.0,1.0,0
84.00446070570668,1.0,4.0,0.14783610165688796,1.0,1.0,0.0,1
36.80198019581001,0.0,2.0,0.8584456402338032,1.0,1.0,0.0,0
35.41071355763357,1.0,2.0,0.44650563455236597,1.0,0.0,0.0,0
0.0,0.0,0.0,0.6338433009750721,1.0,0.0,0.0,0
44.950652477306356,0.0,0.0,0.8404432276314409,1.0,1.0,0.0,0
39.02911535121505,2.0,1.0,0.11936232410783904,0.0,0.0,1.0,1
30.04050924382382,2.0,2.0,0.34929999823081315,1.0,1.0,0.0,0
14.444615011006022,0.0,0.0,0.7066712306887891,1.0,1.0,0.0,0
34.4585220740919,2.0,1.0,0.152219779712033,1.0,0.0,0.0,1
40.83146824402255,1.0,1.0,0.6966552563981129,1.0,1.0,0.0,0
22.399318641436636,0.0,0.0,0.3761820834086273,1.0,1.0,0.0,0
22.316353075816103,2.0,0.0,0.6248415265544524,1.0,0.0,0.0,1
51.527219831040874,0.0,0.0,0.6813839655018943,1.0,1.0,0.0,0
67.11802656042369,1.0,1.0,0.65162367265005,1.0,1.0,1.0,1
1.407030050495183,1.0,0.0,0.8444576694356014,1.0,0.0,0.0,0
48.018650093739176,1.0,2.0,0.7649647896900018,1.0,0.0,0.0,1
40.04911346863478,2.0,2.0,0.5648569169610015,1.0,0.0,1.0,0
76.25743007081024,0.0,2.0,0.3632229254550019,0.0,0.0,1.0,0
72.80417820858099,1.0,1.0,0.39094936453342355,1.0,1.0,0.0,0
71.51479756404457,0.0,2.0,0.439373198000798,1.0,1.0,1.0,1
0.0,0.0,1.0,0.4392845675163656,1.0,1.0,0.0,1
37.842229747658536,2.0,2.0,0.6216145331931803,1.0,1.0,0.0,0
76.32283599096087,0.0,1.0,0.18871065369027523,0.0,1.0,0.0,0
44.279073672829625,2.0,6.0,0.8884168949906759,1.0,0.0,1.0,1
0.0,1.0,0.0,0.4009073195239001,1.0,1.0,0.0,0
92.11321978110095,2.0,2.0,0.5433378447536972,0.0,0.0,1.0,0
30.767091309702735,2.0,1.0,0.9361746785865976,1.0,1.0,1.0,0
0.0,0.0,0.0,0.6907204394765616,1.0,1.0,1.0,0
0.0,1.0,0.0,0.3607320834883088,1.0,0.0,0.0,0
52.95117888742862,1.0,1.0,0.6873099511690508,1.0,0.0,1.0,1
6.9153465460407535,0.0,0.0,0.800228400751942,1.0,0.0,0.0,0
0.0,0.0,2.0,0.4768504100349927,1.0,0.0,0.0,0
22.01306979585496,0.0,2.0,0.5649425555715344,0.0,0.0,1.0,1
88.35486969068408,0.0,2.0,0.2020124126547043,1.0,0.0,0.0,0
49.768381182655276,1.0,1.0,0.5751197036599084,1.0,0.0,0.0,0
0.9647319562447249,0.0,0.0,0.8747718997301049,1.0,1.0,1.0,0
28.137036158327607,0.0,3.0,0.7084327853025023,0.0,0.0,1.0,1
0.0,1.0,1.0,0.646226909895083,1.0,0.0,0.0,0
25.629525538888636,0.0,1.0,0.4507942836216019,1.0,1.0,0.0,0
12.455999562894087,0.0,2.0,0.7121939942691206,1.0,1.0,1.0,1
46.79110704972527,0.0,1.0,0.8375090634621633,1.0,0.0,0.0,0
40.44348022125847,1.0,1.0,0.8626084127763033,0.0,1.0,1.0,0
0.0,0.0,0.0,0.918141836421354,1.0,1.0,0.0,0
121.68734875755763,0.0,0.0,0.6697571650397959,1.0,0.0,1.0,0
21.97898367002058,0.0,4.0,0.46953366188594675,1.0,0.0,0.0,0
17.009308564057505,0.0,0.0,0.792891259224232,1.0,0.0,1.0,0
0.2579021680118023,0.0,0.0,0.4235589734114277,1.0,0.0,0.0,0
7.148862041001895,1.0,2.0,0.49240810875337493,1.0,0.0,1.0,1
46.60343308357773,2.0,1.0,0.2845466749890227,0.0,0.0,1.0,1
72.49900915280095,1.0,1.0,0.5563918304548052,1.0,1.0,1.0,0
39.23558340361042,0.0,2.0,0.81030674190747,1.0,0.0,1.0,1
23.332351524705615,1.0,0.0,0.3309640765786431,1.0,1.0,1.0,0
4.984327487206858,0.0,1.0,0.4297955206817796,1.0,0.0,0.0,0
30.77412850245404,0.0,2.0,0.6144474586816513,1.0,1.0,0.0,1
88.69930519006374,4.0,3.0,0.4950528530227159,1.0,0.0,0.0,1
25.10300013832463,1.0,0.0,0.5958515327233224,1.0,1.0,0.0,0
2.5573360568684045,1.0,1.0,0.47557321826996546,1.0,0.0,0.0,0
24.084346216179362,1.0,2.0,0.6945702349756295,1.0,0.0,0.0,0
36.70779424286822,0.0,4.0,0.4749210521183323,1.0,0.0,0.0,0
0.0,0.0,0.0,0.8106662884078178,1.0,0.0,0.0,0
85.93355211949796,0.0,2.0,0.4268448473177975,1.0,0.0,1.0,1
30.788457684767856,0.0,1.0,0.345263951628868,1.0,0.0,1.0,0
90.64526344255293,2.0,1.0,0.6656726724832746,1.0,1.0,0.0,1
43.65487002325669,1.0,0.0,0.12613061546815374,1.0,1.0,0.0,0
5.180880257198894,1.0,1.0,0.8017893157869764,1.0,1.0,0.0,0
6.3388337050757135,1.0,0.0,0.4584712573176962,1.0,1.0,0.0,0
127.91059351791351,1.0,1.0,0.7687724644973779,1.0,0.0,1.0,1
46.456010290736636,1.0,1.0,0.6540306910291892,1.0,1.0,0.0,0
46.88982485364299,5.0,1.0,0.05321522123022299,1.0,0.0,1.0,1
77.61648480424707,1.0,1.0,0.6478789345424684,1.0,1.0,0.0,0
130.90106174066784,2.0,2.0,0.6083547905963667,0.0,1.0,1.0,0
119.71430820723181,1.0,3.0,0.3775908290496009,0.0,1.0,1.0,1
59.22606672891948,5.0,3.0,0.7199042299733391,1.0,1.0,1.0,1
40.088219170148086,0.0,0.0,0.3543323403601377,1.0,0.0,1.0,0
68.14694363804978,0.0,0.0,0.2378477142353874,1.0,0.0,1.0,0
52.13672239669446,0.0,1.0,0.7693375940757025,1.0,1.0,0.0,0
0.0,1.0,1.0,0.5956037821568702,1.0,1.0,0.0,0
114.14175539786362,2.0,1.0,0.4260457554360612,1.0,0.0,1.0,1
33.16555922452507,1.0,0.0,0.43696884655170265,1.0,0.0,1.0,1
22.55513494531011,0.0,0.0,0.4529222932644285,1.0,1.0,0.0,0
68.99497328960308,1.0,0.0,0.7542346309232579,1.0,0.0,1.0,0
0.06374858795967686,1.0,0.0,0.45445028275147137,1.0,1.0,0.0,0
0.7806985721365365,5.0,0.0,0.5593044906236183,1.0,0.0,0.0,1
125.8307064591524,3.0,1.0,0.5152392326224582,0.0,0.0,0.0,1
19.668698960976087,2.0,0.0,0.7993304388127978,1.0,0.0,0.0,0
32.18077265928039,1.0,2.0,0.772961622371588,1.0,0.0,0.0,0
119.41150688053212,2.0,4.0,0.2122756163472661,1.0,1.0,1.0,1
54.966342180655275,0.0,0.0,0.2550100707956262,1.0,0.0,0.0,0
41.09657736674837,0.0,3.0,0.6752104385457912,1.0,1.0,1.0,1
0.0,1.0,1.0,0.5749306224695055,1.0,1.0,0.0,0
39.57272437193927,1.0,3.0,0.7586211133301385,1.0,0.0,0.0,1
73.44115163617803,3.0,4.0,0.36839177643528315,1.0,0.0,1.0,1
21.189190301713285,0.0,0.0,0.3423123669676423,1.0,0.0,0.0,0
45.38847838372696,0.0,1.0,0.4808384091657798,1.0,1.0,0.0,0
0.0,0.0,2.0,0.8496674325816433,1.0,1.0,0.0,0
26.99265596745902,4.0,2.0,0.8834614564908392,1.0,1.0,1.0,1
50.0727048832715,0.0,2.0,0.6422470824702786,1.0,0.0,0.0,1
68.1233641584804,2.0,2.0,0.6494151165554556,1.0,0.0,1.0,1
55.01972691822525,0.0,0.0,0.8752139994001716,1.0,1.0,1.0,1
56.57266551956883,1.0,1.0,0.7096938071710047,1.0,1.0,0.0,0
120.0282363526577,0.0,4.0,0.2939797880735184,1.0,0.0,1.0,1
48.82306055376017,3.0,5.0,0.6490497032545968,0.0,0.0,1.0,1
57.25703239144862,1.0,0.0,0.6909269947064108,0.0,0.0,1.0,1
29.43826610836195,1.0,0.0,0.3367656953605213,1.0,0.0,0.0,1
14.939403783107416,1.0,1.0,0.824811327702798,0.0,1.0,0.0,0
0.0,2.0,0.0,0.1413962347443887,1.0,0.0,1.0,0
60.373596666209394,1.0,1.0,0.6118160077010966,1.0,0.0,0.0,0
27.106818156051162,1.0,2.0,0.18670595979407567,1.0,1.0,0.0,0
24.652141237813012,1.0,0.0,0.6003535309010175,0.0,1.0,0.0,0
34.31429902537943,0.0,0.0,0.972964452668354,1.0,0.0,1.0,0
56.286288417252266,0.0,1.0,0.5822445716044157,1.0,0.0,0.0,0
20.264446275837493,1.0,1.0,0.2889187388799303,1.0,1.0,0.0,0
42.117311546521265,0.0,2.0,0.18569185055446463,0.0,0.0,0.0,1
41.306519171406556,1.0,3.0,0.10574644755078168,1.0,0.0,1.0,1
30.125688735275464,2.0,0.0,0.7684637322406345,1.0,1.0,1.0,1
31.80920821908249,2.0,1.0,0.5244159845036085,1.0,0.0,1.0,1
89.30666612299616,1.0,2.0,0.1838648106375538,0.0,0.0,1.0,1
33.87504050133809,0.0,0.0,0.7602176161642821,1.0,1.0,1.0,0
19.942213514836606,2.0,0.0,0.709414633862306,1.0,1.0,1.0,1
0.0,1.0,0.0,0.7232712627040863,0.0,0.0,0.0,0
15.853392442320562,0.0,0.0,0.39514800571015823,1.0,0.0,0.0,0
46.66583796465492,0.0,2.0,0.5004716351977139,1.0,0.0,1.0,0
3.456930899600633,0.0,1.0,0.48561435285152066,1.0,0.0,0.0,0
19.750656997605162,1.0,2.0,0.6176124514772768,1.0,0.0,0.0,0
0.0,0.0,0.0,0.8798429800769004,1.0,1.0,0.0,0
0.0,1.0,0.0,0.6324292881428824,1.0,0.0,0.0,0
41.4109557175573,0.0,0.0,0.628779418088761,1.0,1.0,0.0,0
0.0,1.0,0.0,0.8993372678344953,1.0,0.0,0.0,0
8.296790110582426,1.0,1.0,0.054570936320244796,1.0,1.0,1.0,0
34.43210145695679,1.0,0.0,0.731457768678948,1.0,0.0,0.0,0
0.0,1.0,0.0,0.7130070386007018,1.0,0.0,0.0,0
26.132143474231395,0.0,1.0,0.8314650937329076,1.0,0.0,1.0,1
24.96271344047615,3.0,0.0,0.4540760514506823,1.0,1.0,0.0,0
79.81534436918123,5.0,4.0,0.8115539711835508,1.0,0.0,1.0,1
34.71449431116908,2.0,0.0,0.4776169929757076,1.0,1.0,0.0,0
49.36999780929732,1.0,3.0,0.7423339565049953,1.0,0.0,0.0,0
3.81234097271404,1.0,2.0,0.7524382351384258,1.0,1.0,1.0,1
0.0,0.0,0.0,0.841713100173408,1.0,0.0,0.0,0
36.484643252179254,2.0,1.0,0.8522101281400429,1.0,0.0,1.0,1
28.787333333146925,1.0,0.0,0.602035778205756,1.0,0.0,0.0,0
50.106614518519955,1.0,1.0,0.8748886523754209,1.0,1.0,0.0,0
0.0,0.0,0.0,0.6582848258945178,1.0,1.0,0.0,0
56.9996801083551,2.0,2.0,0.8871388019259516,1.0,0.0,1.0,1
64.63696294745291,0.0,0.0,0.5903134814561032,1.0,0.0,1.0,0
49.06739513505358,1.0,0.0,0.6709837806880471,1.0,0.0,1.0,0
14.2795686710935,1.0,1.0,0.6529931135089087,1.0,1.0,1.0,0
2.852870226400263,2.0,3.0,0.8432126546073103,0.0,0.0,1.0,0
42.60687556681749,2.0,3.0,0.8084389189562042,1.0,0.0,0.0,1
39.10981991856955,2.0,1.0,0.5895900975712268,1.0,0.0,0.0,1
122.93092347821023,0.0,2.0,0.3584813895747646,1.0,0.0,1.0,1
92.78805179244667,1.0,3.0,0.028941023987153227,0.0,0.0,0.0,1
84.79930707814606,0.0,1.0,0.5102591672370351,1.0,1.0,0.0,0
71.35696063187339,1.0,0.0,0.30664602953353165,1.0,1.0,1.0,0
0.0,1.0,0.0,0.6904498484676254,1.0,1.0,1.0,0
43.17870176932191,2.0,1.0,0.11338114563320414,1.0,0.0,1.0,1
64.8463934361465,1.0,1.0,0.46177678744181894,1.0,0.0,0.0,1
8.462841135848652,0.0,4.0,0.8517215055009933,0.0,1.0,0.0,1
38.53720168574127,3.0,0.0,0.553836427199628,1.0,0.0,1.0,1
20.62493712336738,0.0,0.0,0.6107010678596999,1.0,0.0,0.0,0
39.781578701687216,1.0,1.0,0.8895286108586279,1.0,0.0,0.0,1
24.01535338562703,0.0,2.0,0.6369053430153443,1.0,0.0,0.0,0
6.039028695444834,1.0,0.0,0.46062329961360277,1.0,1.0,0.0,0
40.33924691514887,0.0,0.0,0.7674891639833243,1.0,0.0,0.0,0
0.0,0.0,0.0,0.8095624290521125,1.0,1.0,1.0,0
0.15177742664573657,0.0,0.0,0.5664403454143087,1.0,0.0,1.0,0
95.37576012415771,1.0,1.0,0.20324795680648247,1.0,0.0,1.0,1
32.59407127290465,3.0,3.0,0.25645377358547844,1.0,0.0,0.0,1
41.80232184495992,1.0,0.0,0.4134716813734521,1.0,1.0,0.0,0
19.555025933227064,0.0,0.0,0.6074935524512358,1.0,1.0,0.0,0
0.0,1.0,2.0,0.8323374040680964,1.0,0.0,0.0,0
23.176972224092715,0.0,0.0,0.5003221610721369,1.0,0.0,0.0,0
86.18533089489625,0.0,3.0,0.51792222952307,1.0,0.0,0.0,1
52.644064418088654,0.0,0.0,0.5580992810824479,1.0,1.0,0.0,0
53.23505564279331,4.0,1.0,0.29780089340568866,1.0,0.0,1.0,1
0.0,1.0,0.0,0.48057300050209,1.0,1.0,0.0,0
0.0,1.0,0.0,0.8867937219861879,1.0,0.0,0.0,0
6.87620245491453,1.0,2.0,0.23583679794236181,1.0,0.0,1.0,1
31.21198041828398,0.0,0.0,0.5321234962150316,1.0,1.0,0.0,0
48.809985435661886,0.0,1.0,0.6697111775759762,1.0,0.0,0.0,0
28.475163915702858,0.0,2.0,0.9458606713258768,1.0,0.0,1.0,1
0.0,1.0,0.0,0.8576385830440698,1.0,1.0,1.0,0
11.720014146101363,1.0,2.0,0.620817304088454,1.0,0.0,0.0,0
27.86526726324277,0.0,3.0,0.632109115350063,1.0,1.0,1.0,1
14.745488429658316,0.0,0.0,0.8988189923074839,1.0,0.0,0.0,0
0.0,0.0,2.0,0.5845023862820983,1.0,1.0,0.0,0
38.609558311524864,1.0,4.0,0.5410902616876309,1.0,1.0,0.0,0
11.680141892169004,0.0,1.0,0.7075249777261854,1.0,1.0,1.0,1
0.0,0.0,1.0,0.6582186634384358,1.0,0.0,0.0,0
28.091875135208184,1.0,2.0,0.6548652727587849,1.0,0.0,0.0,0
25.158889216215933,3.0,1.0,0.9014800131258193,1.0,1.0,0.0,0
29.810257384781842,1.0,1.0,0.8200074285322586,1.0,0.0,0.0,1
11.394573672656126,0.0,0.0,0.4282815300710129,1.0,0.0,0.0,1
49.55105799207192,3.0,5.0,0.6607150915932163,1.0,0.0,1.0,1
36.28811002946862,1.0,1.0,0.5229927815405191,1.0,0.0,0.0,1
124.8650474948776,3.0,4.0,0.7573835017524505,0.0,0.0,0.0,1
53.65052721424681,0.0,1.0,0.6311618739883944,1.0,0.0,1.0,1
18.68061894868,0.0,2.0,0.8121643506691558,1.0,1.0,0.0,0
34.870409469292696,1.0,0.0,0.44741284539788395,1.0,1.0,1.0,0
96.31885507421573,0.0,0.0,0.44062225528242255,1.0,0.0,0.0,0
20.993084997724694,0.0,1.0,0.42176076921322514,1.0,1.0,0.0,0
48.58571747358259,2.0,4.0,0.6568956545567354,1.0,0.0,1.0,1
44.11824776362981,1.0,1.0,0.19593760552582612,1.0,1.0,0.0,0
24.15008202194372,2.0,0.0,0.4222658570955714,1.0,1.0,0.0,0
47.79132675592791,3.0,2.0,0.2079044070441417,1.0,0.0,1.0,1
0.3151215296234362,0.0,2.0,0.7227155595259893,1.0,0.0,0.0,0
2.985389807298679,0.0,0.0,0.9341911641838914,1.0,1.0,0.0,0
25.036967348191382,0.0,2.0,0.27489354816233236,1.0,0.0,1.0,0
21.68769698310662,1.0,0.0,0.7861663924523947,0.0,0.0,1.0,1
49.41653580031218,1.0,0.0,0.8719346505377781,1.0,0.0,0.0,0
55.284927506255826,2.0,2.0,0.19235005793106832,1.0,0.0,0.0,1
22.42437961601606,0.0,1.0,0.18792502004454392,1.0,1.0,0.0,0
1.5365179714242068,1.0,3.0,0.7793522276392258,1.0,0.0,1.0,1
46.174934640941416,0.0,1.0,0.43874056505411757,1.0,0.0,1.0,1
8.864586963245742,1.0,2.0,0.7201017109983893,1.0,1.0,0.0,0
34.23814504197163,1.0,1.0,0.7477119270204117,1.0,1.0,1.0,1
14.699166346940624,1.0,1.0,0.48132362186729954,0.0,1.0,0.0,1
15.102209307664461,0.0,2.0,0.4459068397830791,1.0,1.0,1.0,0
0.0,1.0,0.0,0.6380259651122042,1.0,1.0,0.0,0
3.6419357790737727,0.0,4.0,0.3543817164073512,1.0,0.0,1.0,1
54.05569673311689,2.0,2.0,0.5586698233259456,0.0,0.0,0.0,1
36.49857871240965,2.0,5.0,0.6893388976396122,1.0,0.0,1.0,1
38.81342143262536,1.0,0.0,0.5122819588389765,0.0,0.0,1.0,0
28.524358795064998,1.0,0.0,0.36964976216805984,0.0,0.0,0.0,0
0.0,1.0,1.0,0.7387402738220558,1.0,0.0,0.0,0
0.0,1.0,1.0,0.6755535780472737,1.0,1.0,0.0,0
38.744307580959614,2.0,2.0,0.6150878091741766,1.0,1.0,1.0,1
66.37783634005595,4.0,2.0,0.47487455935638173,1.0,1.0,1.0,1
0.0,0.0,0.0,0.6327575717665898,1.0,1.0,1.0,0
62.06437368535177,1.0,2.0,0.6872934069928349,1.0,0.0,1.0,0
38.03693821808041,0.0,1.0,0.41150883846637115,1.0,1.0,0.0,0
0.0,0.0,1.0,0.6131000435006576,1.0,0.0,0.0,0
22.953253488250837,1.0,0.0,0.6686490421296201,1.0,0.0,0.0,0
0.57864403016029,2.0,0.0,0.9489525396159311,1.0,1.0,0.0,0
106.90698124709151,0.0,3.0,0.28883693773453506,1.0,1.0,1.0,0
25.804162834747743,0.0,0.0,0.42460339412533804,1.0,0.0,0.0,0
71.2351473986576,1.0,2.0,0.2821551715221408,1.0,0.0,1.0,1
42.8425792384152,0.0,0.0,0.742027385920585,1.0,0.0,0.0,0
0.0,0.0,2.0,0.8601424010927324,1.0,0.0,1.0,0
25.504589672681796,1.0,0.0,0.563887541624123,1.0,1.0,0.0,1
13.470746612007034,1.0,0.0,0.6217260998815468,1.0,1.0,0.0,0
101.05670292853696,2.0,2.0,0.3181032991952516,1.0,1.0,0.0,1
0.0,0.0,0.0,0.5463779084174458,1.0,1.0,0.0,0
2.8131539713284663,1.0,1.0,0.7750752904563942,1.0,0.0,0.0,1
37.09843038427314,1.0,0.0,0.6162564407153406,0.0,0.0,0.0,0
8.971569683565924,0.0,1.0,0.6971078661327059,1.0,1.0,1.0,0
26.37646418444247,0.0,0.0,0.3149013995896711,1.0,1.0,1.0,0
59.802717309090596,0.0,3.0,0.050837455080252,0.0,0.0,1.0,1
41.07639532093541,1.0,0.0,0.6971961935162947,1.0,0.0,0.0,0
29.092027537102297,6.0,3.0,0.888782765595552,1.0,0.0,1.0,1
38.86791565053467,0.0,0.0,0.16080153113969334,1.0,1.0,0.0,0
13.12798344116811,0.0,0.0,0.4113103849899571,1.0,0.0,0.0,0
85.98661864538178,0.0,2.0,0.48104246867242456,0.0,1.0,1.0,1
13.818833611219254,1.0,1.0,0.6831747869086967,1.0,0.0,1.0,1
21.45003014030421,0.0,1.0,0.4027476284372904,1.0,1.0,0.0,0
18.553622133112327,1.0,0.0,0.6266482998082806,1.0,0.0,0.0,0
14.302407275282194,0.0,0.0,0.4781342210827886,1.0,0.0,0.0,0
0.0,0.0,1.0,0.9787374900151744,1.0,1.0,0.0,0
22.81932092064647,2.0,0.0,0.6074521956166805,0.0,1.0,1.0,0
38.716417597282245,1.0,1.0,0.08777232333766087,1.0,0.0,1.0,0
79.02448440938241,2.0,1.0,0.3537505307074551,1.0,0.0,0.0,1
86.33520624070142,1.0,2.0,0.7181293238750072,1.0,0.0,1.0,1
0.0,0.0,0.0,0.7055575577487552,1.0,0.0,0.0,0
9.06302041557129,0.0,0.0,0.8856053511988883,1.0,1.0,1.0,0
34.2303554276095,0.0,1.0,0.637563671535577,0.0,0.0,0.0,0
0.0,0.0,0.0,0.7037084459790036,1.0,1.0,1.0,0
41.48481408694402,0.0,1.0,0.20511919661002648,1.0,0.0,1.0,1
16.711024624580038,1.0,1.0,0.6408759884743447,1.0,1.0,0.0,0
0.0,0.0,1.0,0.4792987508879962,1.0,1.0,1.0,0
29.78483214307905,0.0,0.0,0.629556312126982,1.0,0.0,0.0,0
103.0304852227912,4.0,4.0,0.358904885649892,1.0,0.0,1.0,1
52.342999981874726,1.0,1.0,0.3475431555302417,1.0,0.0,1.0,0
0.0,2.0,0.0,0.6349382868298235,1.0,1.0,0.0,1
39.80844333528549,1.0,0.0,0.5716987578195042,1.0,1.0,1.0,0
17.95523921138559,1.0,0.0,0.44564153537226053,1.0,1.0,0.0,0
38.90489591482296,1.0,1.0,0.41287522404610966,1.0,0.0,1.0,0
29.791451555049804,0.0,0.0,0.7436282468639845,1.0,1.0,0.0,0
11.673463228059918,0.0,0.0,0.2958189680127352,1.0,0.0,0.0,0
10.277673508253592,0.0,0.0,0.5919899943501034,1.0,0.0,1.0,0
40.719761540947815,0.0,0.0,0.79415537406913,1.0,0.0,0.0,0
0.0,2.0,1.0,0.5275418380495196,1.0,1.0,0.0,0
102.51101308416742,0.0,1.0,0.4515637503654483,1.0,1.0,1.0,0
63.930277685163425,1.0,1.0,0.4198692882089362,0.0,1.0,0.0,0
31.05439008846187,0.0,0.0,0.7136270392090532,0.0,1.0,0.0,0
0.0,0.0,3.0,0.23123657126056146,1.0,1.0,0.0,0
2.0492173201057238,0.0,1.0,0.15114968145275762,1.0,1.0,0.0,0
72.89719360186598,1.0,1.0,0.14172842588091475,1.0,1.0,1.0,1
10.841643776107507,1.0,0.0,0.6426303905190128,1.0,0.0,0.0,1
70.8724551979395,0.0,0.0,0.6927681535787048,1.0,1.0,0.0,0
11.04398675391564,2.0,2.0,0.9370533549093709,1.0,1.0,1.0,1
7.170718602035047,0.0,1.0,0.5203256147359672,0.0,1.0,1.0,0
42.97380022086027,0.0,1.0,0.7737436636164348,1.0,0.0,0.0,0
0.0,0.0,0.0,0.43451077084654827,1.0,1.0,1.0,0
6.016437091644168,1.0,1.0,0.7093645156366531,1.0,1.0,0.0,0
7.7785958420445525,0.0,1.0,0.10419256074976314,1.0,1.0,1.0,1
43.47565452626054,0.0,1.0,0.8040132227528172,1.0,1.0,0.0,0
52.479645494016026,3.0,1.0,0.3361506095730431,1.0,0.0,0.0,1
0.0,0.0,1.0,0.6982438273366149,1.0,0.0,0.0,1
0.0,0.0,0.0,0.5070242146241264,1.0,0.0,0.0,0
38.85764238883239,1.0,0.0,0.42270491895909074,0.0,1.0,0.0,0
0.0,1.0,0.0,0.8557264173325706,1.0,1.0,0.0,0
22.95828372576531,0.0,1.0,0.38287599932251454,1.0,0.0,1.0,0
0.0,0.0,2.0,0.47762672726801286,0.0,0.0,0.0,0
28.56472823234145,0.0,0.0,0.732957886376373,0.0,0.0,0.0,0
145.3446851761837,0.0,2.0,0.4689163401838251,1.0,0.0,1.0,1
18.340027698849145,1.0,1.0,0.4200129788680236,1.0,0.0,0.0,1
23.091025254182153,2.0,1.0,0.6185504746031416,1.0,1.0,1.0,1
25.83916839653498,0.0,1.0,0.4369962715403888,1.0,0.0,1.0,0
8.833037530892177,2.0,3.0,0.6229483316826401,0.0,0.0,0.0,1
0.0,0.0,1.0,0.6330580333405937,1.0,1.0,0.0,0
55.79790026179715,2.0,1.0,0.5054080369218387,1.0,0.0,1.0,0
10.076300493450168,0.0,0.0,0.2832255721601322,1.0,1.0,0.0,0
78.22157875159472,2.0,1.0,0.5261010634450314,1.0,0.0,0.0,1
113.6838177193723,0.0,0.0,0.6389969217672047,1.0,0.0,0.0,0
0.0,0.0,1.0,0.8331124673717833,1.0,0.0,0.0,0
25.91592542665917,0.0,2.0,0.9001823228832497,0.0,1.0,1.0,1
21.98185077771862,1.0,0.0,0.6396529568873545,1.0,1.0,0.0,0
1.7009968820620482,1.0,1.0,0.6191855540309945,1.0,1.0,0.0,0
22.33589006435301,1.0,3.0,0.7861118674599173,1.0,0.0,1.0,0
0.0,0.0,1.0,0.5983981582845704,1.0,1.0,0.0,0
0.0,0.0,1.0,0.5540985674052427,1.0,1.0,0.0,0
18.216942566904137,0.0,0.0,0.6327569047686814,1.0,1.0,0.0,0
59.45532222007949,0.0,2.0,0.6458384386717145,1.0,1.0,1.0,1
26.72501441017807,1.0,3.0,0.47871721161839503,1.0,1.0,1.0,1
21.01208087661897,1.0,1.0,0.4712320238446722,1.0,1.0,0.0,0
0.0,2.0,1.0,0.49914131156702857,0.0,1.0,1.0,0
0.0,1.0,2.0,0.3921018710942725,1.0,1.0,0.0,0
0.0,1.0,1.0,0.7418724256061642,1.0,1.0,0.0,1
76.29453901167513,2.0,0.0,0.21086172716352036,1.0,0.0,0.0,1
12.72207251570268,0.0,1.0,0.5805001692660651,1.0,1.0,0.0,0
47.622634634535586,0.0,0.0,0.4234075305863811,1.0,1.0,1.0,0
83.6005249893183,0.0,2.0,0.4054235623239241,1.0,0.0,0.0,1
9.50917427451944,0.0,0.0,0.9103465813986995,1.0,0.0,1.0,0
79.77470657401786,0.0,1.0,0.7479931024226736,1.0,1.0,0.0,1
90.02194243967465,1.0,0.0,0.44412708106810345,1.0,1.0,0.0,0
45.852325709064786,0.0,3.0,0.7950703047366273,1.0,1.0,1.0,0
2.760890903158444,2.0,0.0,0.908426061164595,1.0,0.0,0.0,0
1.7406224820819567,0.0,0.0,0.5574366270571512,1.0,1.0,0.0,0
0.0,0.0,1.0,0.9227826529163714,1.0,1.0,0.0,0
44.67742019577795,1.0,0.0,0.6002991438479287,1.0,1.0,0.0,1
45.00167571844085,1.0,2.0,0.6955704971826867,1.0,1.0,0.0,0
4.360728635829165,0.0,1.0,0.7680068815335548,1.0,1.0,0.0,1
46.66241979161911,3.0,2.0,0.17674070466914132,1.0,0.0,0.0,1
26.76334078951427,4.0,3.0,0.4617999382435714,1.0,1.0,1.0,1
54.80591888153943,1.0,1.0,0.8463175525703556,1.0,1.0,0.0,0
79.95449687555265,0.0,0.0,0.5982560719961593,1.0,0.0,1.0,0
4.665002851752494,0.0,2.0,0.8099133302584051,1.0,0.0,1.0,1
0.0,0.0,0.0,0.4641177333294789,1.0,1.0,0.0,0
11.921548740256755,0.0,0.0,0.7248555548234338,1.0,0.0,0.0,0
44.06853441339787,5.0,1.0,0.36271682323623355,1.0,0.0,1.0,1
2.1396494526007324,0.0,0.0,0.6386766629625078,1.0,0.0,0.0,0
16.078277003004743,0.0,1.0,0.8776980599006018,1.0,1.0,0.0,0
36.560457373038204,1.0,0.0,0.364507013909036,1.0,0.0,0.0,1
9.85643928455289,0.0,1.0,0.9446429980185178,1.0,1.0,0.0,0
138.22229362363694,1.0,1.0,0.2864066224841188,0.0,0.0,0.0,1
0.0,0.0,1.0,0.6495124551329103,1.0,0.0,0.0,1
13.124986178084479,0.0,0.0,0.48304357359852695,1.0,1.0,0.0,0
7.074800944333818,0.0,1.0,0.48273467620903215,1.0,1.0,0.0,0
4.125642645987252,2.0,0.0,0.36285625207279226,1.0,1.0,1.0,0
47.968890996070826,0.0,0.0,0.33502802429187467,1.0,0.0,0.0,0
41.574817572758434,1.0,0.0,0.5590006878246808,1.0,1.0,0.0,0
71.04449741556788,1.0,3.0,0.523635357704102,1.0,1.0,0.0,1
0.0,0.0,0.0,0.35786053695339964,1.0,0.0,1.0,0
7.2918788638389245,1.0,1.0,0.24478344350752151,1.0,0.0,0.0,0
0.0,0.0,0.0,0.5176908406942895,1.0,1.0,0.0,0
44.74604753511841,1.0,1.0,0.8832364105811771,1.0,0.0,0.0,1
26.968251650370977,3.0,1.0,0.6091770511500384,0.0,0.0,1.0,1
44.123543497254595,1.0,2.0,0.3322204599280217,1.0,0.0,1.0,1
78.84669494428951,0.0,2.0,0.2924914788392865,1.0,1.0,1.0,0
0.0,1.0,1.0,0.9194912420471414,1.0,1.0,0.0,0
97.89747494966426,0.0,1.0,0.5987985375835889,1.0,0.0,1.0,1
0.0,0.0,0.0,0.5548817170425595,1.0,1.0,0.0,0
32.21400105008233,0.0,2.0,0.8177191079409319,1.0,1.0,1.0,0
78.87118812249085,0.0,0.0,0.6842779072509195,1.0,0.0,0.0,0
7.8875647498089645,2.0,5.0,0.37657840151171934,1.0,1.0,1.0,1
2.4746717144147894,1.0,0.0,0.7277049074409621,1.0,0.0,0.0,0
28.47137591194462,1.0,0.0,0.17854321811731588,1.0,0.0,1.0,1
10.275294416927384,1.0,2.0,0.4643731135563366,1.0,0.0,1.0,1
20.207205303211957,0.0,2.0,0.7333532469472575,1.0,1.0,0.0,0
0.0,0.0,2.0,0.4341022550145908,1.0,0.0,0.0,0
0.0,0.0,3.0,0.46193296879849166,1.0,1.0,0.0,0
62.85005594467643,0.0,0.0,0.1889198690052841,1.0,0.0,1.0,0
33.67359290691139,4.0,4.0,0.591235569850504,1.0,0.0,0.0,1
0.0,0.0,0.0,0.7002009932942468,1.0,0.0,1.0,1
2.5725424196249236,0.0,0.0,0.1909454911622046,1.0,1.0,0.0,0
95.02708440704252,2.0,1.0,0.38310133761822973,1.0,0.0,1.0,1
59.88057473082734,0.0,2.0,0.21554540282383478,1.0,1.0,0.0,1
0.9998168278880506,0.0,1.0,0.5868619010767121,1.0,0.0,0.0,0
5.281477113537413,0.0,1.0,0.7628596721003909,1.0,0.0,0.0,0
40.92718643891561,2.0,0.0,0.7747383336294247,1.0,1.0,1.0,0
57.69488124631485,1.0,0.0,0.817469882982291,0.0,1.0,1.0,0
0.0,0.0,1.0,0.6981901242742048,1.0,1.0,0.0,0
27.955929256304923,0.0,0.0,0.6287511708697437,1.0,0.0,0.0,0
0.0,1.0,0.0,0.7192237212279301,1.0,0.0,1.0,0
42.51734788045177,1.0,0.0,0.8247546807777877,1.0,0.0,1.0,0
17.713311967483563,1.0,5.0,0.741972206803982,0.0,0.0,0.0,1
11.737529528701904,1.0,0.0,0.4246223666534526,1.0,1.0,0.0,1
0.0,1.0,1.0,0.6869841277264362,1.0,0.0,0.0,0
6.295236168100657,2.0,1.0,0.5173358809424288,1.0,1.0,1.0,0
43.554032946740534,1.0,1.0,0.7146101513308382,1.0,0.0,1.0,1
0.0,1.0,1.0,0.5011482726913549,1.0,1.0,0.0,0
15.079112282938835,2.0,0.0,0.7589621265322558,1.0,1.0,0.0,1
13.867363449674041,0.0,0.0,0.5999479504255926,1.0,0.0,0.0,0
0.0,0.0,0.0,0.6509726397648046,1.0,0.0,0.0,0
37.15098213385301,4.0,0.0,0.28394502742615507,1.0,0.0,0.0,1
27.64718286629455,1.0,0.0,0.2782432905160724,1.0,0.0,0.0,0
71.73048939828638,0.0,0.0,0.6399225761657423,1.0,1.0,0.0,0
48.868440785452385,2.0,4.0,0.37326338134769976,1.0,0.0,1.0,1
22.12058442380409,0.0,1.0,0.6283141824036854,1.0,1.0,0.0,0
56.12895171040513,1.0,0.0,0.5708462376824984,1.0,0.0,0.0,0
0.0,0.0,1.0,0.7664256757326974,1.0,1.0,1.0,0
2.9822666205965795,1.0,0.0,0.8100984853059654,1.0,0.0,1.0,0
34.70775809717801,0.0,1.0,0.6502872025709271,1.0,1.0,0.0,0
0.0,0.0,1.0,0.563474765904909,1.0,0.0,0.0,0
18.356747274864077,2.0,0.0,0.6053009927005321,1.0,1.0,1.0,1
27.540808397520518,0.0,0.0,0.5415009046950006,0.0,1.0,0.0,0
69.71677989822098,3.0,4.0,0.6473335599400027,1.0,0.0,1.0,0
22.256428290659493,0.0,1.0,0.521913410699509,1.0,1.0,0.0,0
41.94648401376275,6.0,7.0,0.48656704082050967,1.0,1.0,1.0,1
77.03236603027334,0.0,2.0,0.2674049317454649,0.0,0.0,1.0,1
54.40447888289852,1.0,0.0,0.507792791474393,1.0,1.0,0.0,0
20.759403239308778,0.0,0.0,0.7843900745318245,1.0,0.0,1.0,1
18.45252585699284,0.0,1.0,0.854998852175511,1.0,0.0,0.0,0
20.925970930188626,0.0,2.0,0.45220137531552174,0.0,0.0,1.0,1
0.0,0.0,0.0,0.47372755927865057,1.0,1.0,0.0,0
9.895126064609743,1.0,1.0,0.3008609075962318,1.0,1.0,0.0,0
43.50891880589735,1.0,2.0,0.5084693374072592,1.0,1.0,0.0,0
42.8815267710966,1.0,3.0,0.7168140886154333,1.0,0.0,1.0,1
0.588210538125109,2.0,0.0,0.2782700697480334,1.0,0.0,0.0,0
12.849279725591927,0.0,0.0,0.12331499535958444,1.0,1.0,0.0,0
32.7632910919248,1.0,2.0,0.6778252320797348,1.0,1.0,0.0,0
9.86883375169829,1.0,0.0,0.3239379742447764,1.0,1.0,0.0,0
10.601197438942851,0.0,0.0,0.4354251744850163,0.0,0.0,1.0,0
122.43336271498843,1.0,4.0,0.17928090871875155,0.0,0.0,1.0,1
28.150750308698456,0.0,0.0,0.6937412593011792,1.0,1.0,1.0,0
35.58084015256242,2.0,2.0,0.2760871921153661,0.0,0.0,1.0,1
26.072905992548325,0.0,2.0,0.8635675452108098,1.0,0.0,1.0,1
50.67905194612891,0.0,4.0,0.5744181175471099,1.0,1.0,1.0,1
9.215764496849937,2.0,1.0,0.4613347563145542,1.0,0.0,0.0,0
75.44428818820765,0.0,0.0,0.6743204643021306,0.0,0.0,0.0,0
0.0,2.0,0.0,0.9254578760054302,1.0,0.0,0.0,0
63.846525436008946,0.0,0.0,0.33387685616498547,1.0,0.0,1.0,0
25.144531365852664,0.0,0.0,0.4005873711107576,1.0,0.0,0.0,0
9.186610666756962,1.0,2.0,0.9614978387506259,1.0,0.0,0.0,0
0.0,0.0,0.0,0.754368165501758,1.0,1.0,1.0,0
0.0,0.0,2.0,0.6410663495918419,1.0,0.0,0.0,0
26.585892151823185,0.0,0.0,0.6884680547565781,1.0,0.0,1.0,1
0.0,1.0,0.0,0.7983594955089733,1.0,0.0,1.0,0
14.326667378479547,0.0,2.0,0.7186790864828089,1.0,1.0,0.0,0
0.0,0.0,0.0,0.14872092683652283,1.0,0.0,0.0,0
78.06933029957872,0.0,0.0,0.7808479789850213,1.0,1.0,0.0,0
0.0,1.0,1.0,0.4811654511209502,1.0,0.0,0.0,0
24.779131116209225,0.0,0.0,0.6328300690064432,1.0,1.0,0.0,0
12.1640682903443,1.0,0.0,0.39997162657659086,1.0,1.0,0.0,1
0.0,1.0,1.0,0.4952296111287487,1.0,0.0,0.0,1
44.31787821576544,0.0,1.0,0.43360385279163893,1.0,0.0,0.0,0
69.07853540568188,4.0,1.0,0.5418687617821253,0.0,0.0,1.0,1
0.0,0.0,2.0,0.7526595187972738,1.0,1.0,0.0,0
18.56013878534844,0.0,2.0,0.6029211140467896,0.0,1.0,0.0,0
25.173360864367282,2.0,2.0,0.7622877793863655,1.0,0.0,1.0,0
28.254636217648606,0.0,1.0,0.41294837217596625,1.0,1.0,0.0,0
31.51250499301087,0.0,0.0,0.7882171283018405,1.0,0.0,1.0,0
0.0,0.0,0.0,0.5834227022031727,1.0,0.0,0.0,0
0.0,0.0,0.0,0.9208137244089861,1.0,0.0,0.0,0
46.17781253905525,1.0,3.0,0.6901469850404349,1.0,0.0,1.0,1
110.89713420509527,0.0,3.0,0.44826922005284997,0.0,1.0,1.0,1
0.0,2.0,2.0,0.5979836080648597,1.0,0.0,1.0,0
0.09960052503283867,0.0,1.0,0.7413556014235732,0.0,0.0,0.0,1
38.3332954135686,2.0,0.0,0.8332413189004274,1.0,0.0,1.0,0
0.0,0.0,0.0,0.6024997699402255,1.0,1.0,0.0,0
53.023039583456026,0.0,0.0,0.4226136129665854,1.0,1.0,0.0,0
42.61264775344028,1.0,1.0,0.7479367223052109,1.0,0.0,1.0,1
95.97273015697247,2.0,1.0,0.3477583971499609,0.0,0.0,0.0,1
98.40968169616217,7.0,7.0,0.27712970612132354,1.0,0.0,0.0,1
26.347564781276642,0.0,4.0,0.42315187832793294,1.0,1.0,0.0,0
0.0,1.0,0.0,0.40782695296138294,1.0,1.0,0.0,0
27.58055985011301,1.0,1.0,0.8241492228938367,1.0,0.0,0.0,0
52.080433007953275,1.0,1.0,0.29183163597636913,1.0,0.0,0.0,0
65.18476811399226,1.0,3.0,0.7156441945335689,0.0,0.0,0.0,1
16.327368153973037,1.0,1.0,0.9375367691268437,0.0,0.0,0.0,0
20.02465416428978,1.0,1.0,0.7689793279709163,1.0,1.0,0.0,0
2.0263348606954423,1.0,0.0,0.572491046355761,1.0,1.0,1.0,0
51.1695667684523,0.0,1.0,0.7861026453873138,0.0,1.0,0.0,0
3.942594325300959,1.0,1.0,0.5389760374793875,1.0,0.0,1.0,0
61.97590350401849,1.0,2.0,0.17895004960387556,1.0,1.0,1.0,1
31.464505202002208,0.0,0.0,0.42784508303241076,0.0,0.0,0.0,0
29.91531546631994,1.0,2.0,0.23363220705455712,1.0,1.0,1.0,1
34.644625849201454,0.0,2.0,0.41813956849956496,1.0,0.0,0.0,1
44.434944059125954,1.0,1.0,0.7723183005257573,1.0,1.0,1.0,1
17.36122651318301,0.0,0.0,0.3637235293823984,1.0,1.0,1.0,0
9.993452128289405,0.0,0.0,0.7751047297196649,1.0,0.0,0.0,0
14.940313208005254,1.0,2.0,0.8997779074914215,1.0,0.0,0.0,0
38.47465185284327,0.0,0.0,0.3125660361719671,1.0,0.0,0.0,0
0.0,0.0,0.0,0.26818698742258257,1.0,0.0,0.0,0
11.097824400434021,0.0,0.0,0.7590140616724761,1.0,1.0,1.0,0
56.899427986786634,1.0,3.0,0.8307893134635664,1.0,0.0,1.0,1
41.941584518458896,0.0,1.0,0.7718388359256807,1.0,0.0,1.0,0
48.30474965486695,0.0,1.0,0.9233543586262665,0.0,1.0,0.0,0
0.0,0.0,2.0,0.9588516868887779,1.0,1.0,0.0,0
24.042113715651855,0.0,0.0,0.7759678564121331,0.0,0.0,0.0,0
57.781477227942645,0.0,1.0,0.6611689504531642,1.0,0.0,0.0,0
49.65946482711037,1.0,0.0,0.882742366045849,0.0,1.0,0.0,0
12.887954610255676,1.0,1.0,0.7519628474644399,1.0,0.0,0.0,0
16.317457284251223,0.0,0.0,0.823015184012838,1.0,1.0,0.0,0
0.0,0.0,1.0,0.263416989348408,1.0,1.0,1.0,0
47.70224177179283,0.0,1.0,0.724386764976167,1.0,1.0,1.0,0
19.363225890260196,0.0,0.0,0.4920639649001583,1.0,1.0,0.0,0
8.200306666334775,0.0,0.0,0.15987608568056708,1.0,1.0,0.0,0
81.4445539329748,0.0,0.0,0.5144415430812187,1.0,1.0,1.0,0
21.425771505650697,2.0,2.0,0.5791350232606151,1.0,1.0,0.0,0
0.0,0.0,0.0,0.7645840243664157,1.0,1.0,0.0,0
17.80509839673099,1.0,0.0,0.23890057396380873,1.0,1.0,1.0,0
0.0,1.0,0.0,0.6433239812561073,1.0,0.0,0.0,0
85.89183600861331,1.0,1.0,0.46289635135165247,1.0,0.0,1.0,1
0.0,0.0,0.0,0.891246660372482,1.0,0.0,1.0,0
65.64371633380475,0.0,1.0,0.44734231889429205,1.0,1.0,0.0,0
39.20459297370505,0.0,1.0,0.7616117981303782,1.0,1.0,0.0,0
44.3218976096756,4.0,3.0,0.0578100612638107,1.0,0.0,0.0,1
104.81921634283835,0.0,0.0,0.6355038105857848,1.0,1.0,0.0,0
13.190529042178657,0.0,0.0,0.8668843548682743,1.0,0.0,0.0,0
29.076565340737666,2.0,3.0,0.6703260423539747,1.0,1.0,1.0,1
3.879262718757052,2.0,1.0,0.5228770260576345,1.0,0.0,1.0,0
28.191171018956034,0.0,1.0,0.16517287326729907,0.0,0.0,0.0,1
34.41186009271149,1.0,0.0,0.7218513467853446,1.0,0.0,1.0,1
17.775668671148228,1.0,1.0,0.3495513129393457,1.0,0.0,0.0,0
31.020825281209383,1.0,0.0,0.7121888396623343,1.0,0.0,1.0,0
85.58621678564883,1.0,2.0,0.5263290960724624,1.0,0.0,0.0,1
16.541289086731375,1.0,2.0,0.456122030011927,1.0,0.0,1.0,0
129.27960240856737,2.0,2.0,0.2956393910200781,1.0,0.0,1.0,1
59.21139664606616,3.0,2.0,0.2799906069530829,1.0,0.0,1.0,1
66.4956923528839,0.0,3.0,0.8196258160524699,1.0,1.0,1.0,0
95.28886752148098,1.0,2.0,0.1998017512667343,1.0,1.0,0.0,0
38.94877009324225,0.0,1.0,0.5585275179228514,1.0,1.0,0.0,0
0.0,0.0,1.0,0.47656967389811467,1.0,0.0,0.0,0
40.21761104865588,1.0,1.0,0.38583235119492465,1.0,1.0,0.0,0
3.296302606602625,0.0,1.0,0.40968463143952843,1.0,1.0,0.0,0
44.55713002767744,2.0,2.0,0.09673904058842808,0.0,1.0,1.0,1
59.83370320878704,0.0,1.0,0.4099127654062796,1.0,1.0,0.0,0
0.7575237957439146,1.0,0.0,0.501490036239971,1.0,0.0,1.0,0
33.930570772343025,1.0,0.0,0.2026150647246036,1.0,0.0,0.0,1
11.813114823926128,0.0,1.0,0.44103573385634015,1.0,0.0,0.0,0
78.55028776048398,1.0,1.0,0.29883302964727465,1.0,0.0,0.0,1
118.25178178599714,3.0,2.0,0.6539227318145092,0.0,0.0,1.0,1
27.363809933344463,1.0,0.0,0.37812244827192165,1.0,0.0,1.0,0
49.73702683478311,0.0,0.0,0.2639534469887036,1.0,1.0,0.0,0
97.60635316059829,3.0,0.0,0.20905776154853703,1.0,1.0,0.0,1
29.94284160344762,1.0,2.0,0.8280724114460469,1.0,0.0,1.0,1
10.595853924964628,0.0,1.0,0.6793632489509499,1.0,1.0,0.0,0
30.387377964614565,0.0,1.0,0.28838782257453655,1.0,0.0,0.0,1
36.24051723619874,1.0,1.0,0.7593666864353099,1.0,0.0,1.0,0
57.01208063770915,1.0,5.0,0.688133118859752,1.0,1.0,0.0,1
11.040657262685572,1.0,1.0,0.4414826089817719,1.0,1.0,0.0,0
19.48012274626278,0.0,1.0,0.6415632158936193,1.0,0.0,0.0,0
42.48932954742814,4.0,1.0,0.9853897300722128,1.0,0.0,1.0,0
52.40843804008428,0.0,0.0,0.33847098121603036,1.0,0.0,1.0,1
0.0,1.0,1.0,0.836691253152045,1.0,1.0,0.0,0
0.0,0.0,1.0,0.9020804278571647,1.0,1.0,0.0,0
27.966003603507815,0.0,1.0,0.5167698119343496,1.0,0.0,0.0,0
39.08048248567834,0.0,0.0,0.38598581626508244,1.0,1.0,0.0,0
21.908931941379528,0.0,1.0,0.6012505361105336,1.0,0.0,0.0,0
34.60254659316675,0.0,0.0,0.6921420421264564,1.0,1.0,0.0,0
5.730658678151049,1.0,1.0,0.3847166076502675,1.0,1.0,0.0,0
16.187444113703545,0.0,0.0,0.7020451277240096,1.0,0.0,0.0,0
46.33967753262274,0.0,1.0,0.8339957907734684,1.0,1.0,0.0,0
0.0,0.0,0.0,0.48475620238056877,1.0,1.0,0.0,0
127.42774877034552,0.0,0.0,0.5084733565380306,1.0,0.0,0.0,1
11.124748082575755,2.0,0.0,0.5871767172546154,1.0,1.0,0.0,0
0.0,0.0,0.0,0.8641059952795082,1.0,1.0,0.0,0
25.171068411596586,0.0,0.0,0.4587657269816595,1.0,1.0,0.0,0
49.022940908944136,0.0,1.0,0.44971545385011347,0.0,0.0,0.0,1
3.9288280019025015,1.0,2.0,0.963510689647547,1.0,1.0,0.0,0
12.202326639966213,2.0,2.0,0.8960099965219953,1.0,0.0,1.0,1
6.680538894504105,0.0,1.0,0.31832725653189575,1.0,0.0,0.0,0
34.752581861022804,0.0,2.0,0.7139594714868798,1.0,1.0,0.0,0
37.13477770733317,2.0,3.0,0.8088755306221806,1.0,0.0,1.0,0
0.0,0.0,0.0,0.35672179578980484,0.0,1.0,0.0,0
105.87359558011822,0.0,0.0,0.19063987754138,1.0,0.0,0.0,1
2.733018534109429,1.0,3.0,0.2999591406813519,1.0,0.0,0.0,0
39.748470676988745,0.0,0.0,0.6990060919955393,1.0,1.0,1.0,0
23.64992303196212,2.0,2.0,0.75588456810315,0.0,0.0,0.0,1
18.003587070553586,1.0,1.0,0.7662975058697784,1.0,0.0,0.0,0
9.374556622096152,1.0,1.0,0.36429569890132063,1.0,1.0,1.0,0
13.886068868060002,2.0,0.0,0.6634191489007941,1.0,0.0,0.0,1
31.38178760512828,1.0,5.0,0.6665722127640907,1.0,0.0,0.0,1
1.3224956208123202,1.0,0.0,0.8604329467425931,1.0,0.0,0.0,0
89.57383641901814,0.0,2.0,0.3673434029858469,0.0,0.0,1.0,1
70.61117352809694,1.0,1.0,0.23190561107932567,1.0,0.0,1.0,1
55.4637681676039,0.0,1.0,0.817927822188159,1.0,1.0,0.0,0
62.14981572629686,0.0,0.0,0.4746605897702656,1.0,0.0,0.0,0
86.42247168273617,0.0,1.0,0.5501573766281406,0.0,0.0,0.0,0
39.592580532288935,0.0,0.0,0.5607900139220012,1.0,0.0,1.0,1
0.0,1.0,1.0,0.5456930506788026,1.0,0.0,0.0,0
17.359314439416888,0.0,0.0,0.871446014962976,1.0,0.0,1.0,0
10.803433711453005,0.0,2.0,0.14893433238726564,1.0,1.0,0.0,0
20.6994864169433,7.0,2.0,0.21237481527693372,1.0,0.0,1.0,1
45.03079681490958,1.0,0.0,0.8012000021564559,1.0,0.0,0.0,0
0.0,0.0,1.0,0.615062454617306,1.0,1.0,1.0,0
5.148827338499919,5.0,2.0,0.22858934029402303,1.0,0.0,1.0,1
0.0,0.0,0.0,0.662261461585815,0.0,0.0,0.0,0
31.736646991595492,0.0,1.0,0.5292670801155421,1.0,1.0,0.0,0
0.0,0.0,1.0,0.7252116870313882,1.0,0.0,1.0,0
22.087816583682795,0.0,0.0,0.6846061874908885,1.0,0.0,0.0,0
6.7144986085701035,1.0,2.0,0.5692511359247168,1.0,0.0,1.0,0
35.20765334448839,1.0,1.0,0.7018950960735634,1.0,0.0,1.0,1
0.0,0.0,0.0,0.568349609034951,1.0,1.0,0.0,0
2.5059637233721297,0.0,1.0,0.30703413724804984,1.0,0.0,0.0,0
56.77768593802787,0.0,0.0,0.362407629530887,1.0,1.0,0.0,0
30.187844665622467,1.0,0.0,0.4477575979697666,1.0,0.0,0.0,0
55.09636072134873,1.0,2.0,0.669076808667054,1.0,0.0,1.0,1
17.132280587588113,1.0,2.0,0.2607886964414438,0.0,0.0,1.0,1
17.225423522157218,2.0,2.0,0.5047049086795213,1.0,1.0,0.0,0
7.454147161514733,2.0,0.0,0.4449144929450466,1.0,0.0,0.0,0
54.669866801985194,1.0,1.0,0.6672075920755437,1.0,1.0,0.0,0
20.047909041937295,0.0,1.0,0.5804954273840687,1.0,1.0,0.0,1
3.86135464240839,0.0,2.0,0.047952197785789644,1.0,1.0,0.0,0
0.0,1.0,1.0,0.712370471176767,1.0,1.0,0.0,1
32.07655355698249,0.0,1.0,0.9193878172713759,1.0,1.0,0.0,0
39.02353612473087,2.0,2.0,0.4781380361420679,1.0,1.0,0.0,0
32.07685391548491,2.0,3.0,0.22202228547887715,1.0,1.0,0.0,0
6.365938550349767,0.0,4.0,0.3138405470800833,0.0,0.0,1.0,1
31.503037296806898,0.0,0.0,0.42564606253539594,1.0,1.0,0.0,0
38.14186936444028,0.0,0.0,0.6539551033075088,1.0,0.0,0.0,0
40.365386051339414,1.0,1.0,0.5395166527030967,1.0,0.0,1.0,0
0.0,0.0,1.0,0.630224068498039,1.0,1.0,0.0,0
36.104731964245765,0.0,3.0,0.5527449265143056,1.0,0.0,1.0,1
30.704676662260322,1.0,1.0,0.23415531204344286,1.0,0.0,1.0,1
36.93624029369446,1.0,1.0,0.3841235175492438,0.0,0.0,0.0,1
80.24676815538679,2.0,0.0,0.7946810104478319,1.0,0.0,0.0,0
46.69173644393605,0.0,0.0,0.47271104823658805,1.0,0.0,0.0,0
0.7689713640763096,0.0,0.0,0.8919511757784333,1.0,1.0,0.0,1
2.7223329571287564,0.0,0.0,0.5021188201980297,1.0,1.0,0.0,1
17.185963735663137,0.0,0.0,0.7468542939806526,1.0,0.0,0.0,0
1.7783470087401199,0.0,1.0,0.43725972323986695,1.0,1.0,0.0,0
53.280312191533454,3.0,0.0,0.6538751037997088,1.0,1.0,1.0,0
20.894793345893227,0.0,0.0,0.3097643420328298,1.0,1.0,0.0,0
73.34659404714843,2.0,0.0,0.912326849625482,1.0,1.0,1.0,1
70.34175965109381,0.0,2.0,0.505306196277076,1.0,0.0,0.0,0
9.77670677674083,0.0,1.0,0.3537074773197096,1.0,1.0,0.0,1
35.40188673796507,0.0,1.0,0.3499922899130882,1.0,1.0,0.0,0
50.22716555426895,3.0,1.0,0.7628763380465636,1.0,0.0,1.0,1
0.0,1.0,0.0,0.6590157498857995,1.0,1.0,0.0,0
130.02517235873415,0.0,2.0,0.30552215086868734,1.0,0.0,0.0,1
64.84796711657366,2.0,0.0,0.3769561204364585,1.0,1.0,0.0,1
34.92753970982404,1.0,1.0,0.26242259994969036,1.0,0.0,1.0,0
26.28132001184299,1.0,1.0,0.1871572463052865,0.0,0.0,0.0,1
23.097795082020667,0.0,8.0,0.33779640157706337,1.0,1.0,1.0,1
0.0,0.0,3.0,0.6614091587273241,1.0,1.0,0.0,0
55.31753364647744,1.0,0.0,0.24814445690605513,1.0,0.0,1.0,0
43.78004018584661,0.0,0.0,0.6422389864657051,1.0,1.0,1.0,0
27.142419339342734,2.0,1.0,0.920622519182225,1.0,0.0,0.0,0
16.725942844144345,0.0,1.0,0.9751715949564718,1.0,0.0,1.0,1
95.73807813885163,1.0,0.0,0.7042342718433219,1.0,0.0,0.0,0
0.0,0.0,0.0,0.21961453012791604,1.0,1.0,1.0,0
38.67081329571189,0.0,1.0,0.7332737162484831,1.0,1.0,0.0,0
8.84659352042745,0.0,0.0,0.30984775076981086,1.0,1.0,0.0,0
74.2449345825019,1.0,0.0,0.6843049737414372,1.0,1.0,0.0,0
7.691146252635653,0.0,1.0,0.44643871418293585,1.0,1.0,0.0,0
106.91179744199006,1.0,0.0,0.49883660273624625,0.0,0.0,1.0,1
0.0,0.0,0.0,0.5432166941028136,1.0,1.0,0.0,0
0.0,2.0,1.0,0.6007157769368653,1.0,0.0,0.0,0
7.894064951664841,0.0,0.0,0.5224546195606268,1.0,0.0,0.0,0
18.881195674072586,1.0,0.0,0.38350425805228067,1.0,1.0,1.0,0
19.08460202932462,2.0,0.0,0.6654255788281802,1.0,1.0,1.0,0
28.26055900105389,3.0,2.0,0.30365805531897955,0.0,0.0,1.0,1
29.040043739031496,0.0,0.0,0.6812140675180709,1.0,0.0,0.0,0
25.04391749400849,0.0,2.0,0.47718897137640265,1.0,1.0,0.0,1
1.6402682032693825,0.0,1.0,0.6548109416145642,1.0,0.0,0.0,0
36.19425977472508,0.0,0.0,0.7600813627965454,1.0,1.0,0.0,0
36.3188324995637,1.0,4.0,0.8390925213502873,1.0,1.0,1.0,1
0.0,1.0,0.0,0.5360688911535435,1.0,1.0,0.0,0
0.0,1.0,2.0,0.9009399284520304,1.0,0.0,0.0,0
31.64636407730859,0.0,1.0,0.5899642253323473,1.0,1.0,0.0,0
4.013879883247377,1.0,1.0,0.8742339337905454,1.0,0.0,1.0,0
60.85252554384132,5.0,0.0,0.5667321248544424,0.0,0.0,1.0,1
44.953622597856246,2.0,4.0,0.7323093858947617,1.0,0.0,1.0,1
0.0,1.0,0.0,0.6245552508371385,1.0,0.0,0.0,0
56.361035740948566,0.0,0.0,0.3951052158572018,1.0,1.0,0.0,0
22.859825935190457,0.0,0.0,0.3863467216534612,1.0,0.0,0.0,0
47.16952282394362,1.0,1.0,0.3964065885208436,1.0,1.0,0.0,0
0.0,1.0,0.0,0.9421422563583066,0.0,0.0,1.0,0
19.316842637960885,0.0,1.0,0.5155433863857963,1.0,0.0,1.0,0
17.46791858028532,0.0,1.0,0.6915310870217335,0.0,1.0,0.0,0
19.97753584538684,0.0,0.0,0.14039345909688947,1.0,0.0,0.0,0
0.0,0.0,2.0,0.8459988518213949,1.0,0.0,0.0,1
58.835184307941184,4.0,2.0,0.19813194232079098,1.0,0.0,1.0,0
48.54580851251913,0.0,1.0,0.6567153090472573,1.0,1.0,1.0,0
53.36191681462238,0.0,0.0,0.6640246568351108,1.0,0.0,1.0,1
93.4766970341647,1.0,1.0,0.17227868768459811,1.0,1.0,0.0,0
21.45188415183614,0.0,0.0,0.7122062310215097,1.0,0.0,1.0,1
30.75091240743573,1.0,1.0,0.8767355800886155,1.0,1.0,0.0,0
35.39873936181681,1.0,2.0,0.7617171529929943,1.0,0.0,1.0,0
59.66398762316285,3.0,1.0,0.18942329950085351,1.0,0.0,1.0,1
27.304290350945273,0.0,0.0,0.6708371053514152,1.0,0.0,0.0,0
0.0,0.0,2.0,0.7202358858953342,1.0,1.0,0.0,0
103.74718157982359,0.0,1.0,0.5250545986862217,1.0,1.0,1.0,0
42.40405456488558,0.0,2.0,0.8987508046919698,1.0,1.0,0.0,0
87.30192784182728,1.0,5.0,0.48362484053552024,1.0,0.0,0.0,1
9.735527145168703,0.0,1.0,0.834930093299577,1.0,1.0,0.0,1
25.8816192417717,2.0,1.0,0.20068706157518323,1.0,0.0,1.0,0
26.2272905816132,0.0,1.0,0.09506083087520922,1.0,0.0,0.0,0
13.002631601822507,0.0,0.0,0.5849749426567918,1.0,0.0,0.0,0
46.21989015024394,0.0,3.0,0.5375296313435419,1.0,1.0,0.0,1
59.44199666455354,2.0,2.0,0.7206297774891489,1.0,0.0,1.0,1
25.946468117193906,0.0,0.0,0.9061956271384005,1.0,1.0,1.0,0
61.619074373826244,0.0,0.0,0.4865044503599243,0.0,0.0,1.0,0
93.96359509194134,2.0,2.0,0.3243534785982869,1.0,0.0,1.0,1
44.54269647129979,2.0,3.0,0.5709935249098456,1.0,0.0,1.0,1
50.294771463788216,2.0,4.0,0.5177078162739128,1.0,1.0,1.0,1
50.54541397318924,0.0,0.0,0.6440823164401086,1.0,0.0,0.0,0
0.0,2.0,0.0,0.7829602597854862,1.0,1.0,1.0,0
25.629528396643224,0.0,0.0,0.49782388823097606,1.0,1.0,0.0,1
0.0,1.0,0.0,0.35273582960374233,1.0,0.0,0.0,0
2.263238182658677,3.0,1.0,0.39240572928363343,1.0,0.0,0.0,0
6.887471384355577,1.0,2.0,0.7189737413459467,1.0,1.0,0.0,0
143.00352242225222,1.0,2.0,0.5264960009320043,1.0,0.0,0.0,1
40.044398907878076,1.0,2.0,0.464433694758891,0.0,0.0,1.0,0
10.081196889260067,0.0,1.0,0.8982994087469062,1.0,0.0,0.0,0
0.0,0.0,0.0,0.6956965725551251,1.0,1.0,0.0,0
49.932194775886366,0.0,0.0,0.2453798295558273,1.0,0.0,0.0,0
78.76577908089804,1.0,1.0,0.19441808586280282,1.0,0.0,0.0,1
13.484800083619511,0.0,0.0,0.8025847807879216,1.0,0.0,1.0,0
26.84292763178786,3.0,2.0,0.9244715910065026,1.0,0.0,0.0,1
0.0,0.0,0.0,0.5150504817752232,1.0,1.0,1.0,0
0.0,0.0,2.0,0.4334521409274345,1.0,1.0,0.0,0
16.323140474514556,1.0,0.0,0.9551720913259337,1.0,0.0,0.0,0
46.09409681425883,0.0,1.0,0.5088008042695514,0.0,0.0,0.0,0
77.2727563667385,1.0,0.0,0.24084923481139198,1.0,1.0,0.0,1
58.08824215106241,0.0,1.0,0.1522485836438456,1.0,0.0,0.0,1
42.843477062794946,0.0,2.0,0.22247471485662929,1.0,0.0,1.0,1
28.767176337065152,0.0,1.0,0.6879490597240987,0.0,1.0,0.0,0
0.0,1.0,2.0,0.8760798762849766,1.0,0.0,1.0,0
3.9151780424653744,0.0,1.0,0.545302445329435,1.0,1.0,0.0,0
0.0,0.0,0.0,0.6688362909504928,1.0,0.0,0.0,0
67.39586717814473,5.0,0.0,0.5607979731803725,1.0,1.0,1.0,1
0.5371626444291984,0.0,0.0,0.6040639587832859,1.0,0.0,0.0,0
94.25206405621343,1.0,1.0,0.7535422982818488,1.0,1.0,0.0,0
0.0,1.0,1.0,0.2635834323968452,1.0,0.0,1.0,0
11.560064920664642,0.0,0.0,0.8464881372033716,1.0,0.0,1.0,0
66.66970241255618,0.0,0.0,0.6633711408274501,1.0,0.0,0.0,0
34.75609558139422,0.0,1.0,0.32736192681728815,0.0,0.0,1.0,1
0.0,2.0,0.0,0.5363650319420169,1.0,0.0,1.0,0
65.40411089336419,2.0,2.0,0.7432604058669449,1.0,0.0,0.0,1
32.62904196486826,1.0,0.0,0.6336619201856439,1.0,0.0,1.0,1
127.76334097255638,0.0,0.0,0.5071635673180387,1.0,0.0,0.0,0
34.630913500987766,0.0,0.0,0.4702773025127345,1.0,0.0,0.0,0
0.0,0.0,0.0,0.4718878836911608,1.0,1.0,0.0,0
137.38527957099254,2.0,1.0,0.5171426552868243,1.0,0.0,0.0,1
16.0086378867763,2.0,1.0,0.89364796611429,0.0,0.0,0.0,0
0.0,2.0,2.0,0.7924438431946179,1.0,1.0,0.0,0
11.379615698387923,1.0,0.0,0.5370826909373249,1.0,0.0,0.0,1
21.689480448831937,2.0,1.0,0.8725298949900461,1.0,0.0,1.0,0
62.87731980404518,4.0,2.0,0.48722888270615555,0.0,0.0,1.0,0
26.66844193084979,0.0,2.0,0.8357708377018744,0.0,0.0,1.0,1
0.40184905614828104,1.0,1.0,0.3449110610555569,1.0,0.0,0.0,0
1.0020560615652077,0.0,0.0,0.4419780449277932,1.0,0.0,1.0,0
30.31613846192694,0.0,1.0,0.6313455303252299,1.0,1.0,0.0,0
52.92567166409276,1.0,0.0,0.30556708949347977,0.0,0.0,0.0,1
29.336711928610523,1.0,0.0,0.7828318302423115,1.0,1.0,1.0,0
5.545821886504522,0.0,0.0,0.8198882242542326,1.0,0.0,0.0,0
28.769883829585005,0.0,0.0,0.673125387058678,1.0,1.0,0.0,0
17.7474812505858,2.0,0.0,0.6237581431477236,1.0,1.0,0.0,0
54.79857970429951,2.0,1.0,0.5498526557978813,1.0,1.0,0.0,0
41.27188515291501,0.0,1.0,0.924479681340821,1.0,1.0,0.0,0
13.951639412130755,1.0,0.0,0.392284394030371,0.0,0.0,0.0,0
0.0,1.0,0.0,0.7073406249027268,1.0,0.0,1.0,0
0.0,0.0,0.0,0.4179473543040322,1.0,1.0,1.0,0
35.04159862941485,0.0,0.0,0.540118091365975,1.0,0.0,0.0,0
14.149804898751917,0.0,1.0,0.8620710496992763,1.0,1.0,1.0,0
29.673850237544304,0.0,0.0,0.5616190456300575,1.0,0.0,1.0,0
67.80488583860388,1.0,3.0,0.08749301147593717,1.0,0.0,1.0,1
4.402059476619296,0.0,3.0,0.5405058030458905,1.0,0.0,0.0,1
0.0,0.0,1.0,0.5867119989849588,1.0,1.0,1.0,0
6.817009385321008,0.0,0.0,0.7439072903047762,1.0,0.0,1.0,0
37.32693468488061,0.0,0.0,0.649650685243285,1.0,0.0,0.0,0
119.59791282826362,2.0,1.0,0.11572091560604722,1.0,0.0,1.0,1
1.4025107762918,0.0,0.0,0.5983801001958124,1.0,0.0,0.0,0
62.95060809098469,4.0,1.0,0.4569262920888651,1.0,0.0,0.0,0
1.2964133616481135,0.0,0.0,0.549384427168216,1.0,0.0,0.0,0
43.74775329525002,1.0,1.0,0.6155398734456986,1.0,0.0,1.0,1
4.5271999281685265,2.0,0.0,0.6683295205661458,1.0,0.0,0.0,0
4.650504111914415,0.0,2.0,0.30886664679428594,1.0,1.0,0.0,0
33.13913121166584,0.0,1.0,0.5347257686568551,1.0,1.0,0.0,0
21.819426238232733,1.0,1.0,0.24545929264088892,1.0,1.0,0.0,0
22.312472157415023,1.0,1.0,0.5859083100614588,1.0,1.0,0.0,0
52.382777919933936,0.0,0.0,0.7034460429282543,1.0,0.0,0.0,0
0.0,1.0,1.0,0.5096988521028264,1.0,1.0,0.0,0
53.2979224297737,0.0,1.0,0.6911406691632995,1.0,0.0,1.0,1
70.34445691903704,1.0,0.0,0.6203089420953203,1.0,0.0,0.0,1
97.20864966734112,0.0,0.0,0.5154057431356347,1.0,1.0,0.0,0
10.748804360600168,0.0,0.0,0.15019060096999168,1.0,0.0,0.0,0
14.303547307222923,2.0,2.0,0.8488448465808381,1.0,0.0,1.0,1
27.628016055268468,2.0,0.0,0.6220770219016084,1.0,0.0,1.0,0
0.0,2.0,0.0,0.2996957404525375,1.0,0.0,1.0,1
87.0127436668604,2.0,3.0,0.22663316371505862,1.0,1.0,1.0,0
22.099907372337753,6.0,4.0,0.5073964313266547,1.0,0.0,1.0,1
48.73657452043874,0.0,0.0,0.7638847830229712,1.0,0.0,0.0,0
39.790268637123255,0.0,0.0,0.5183580250415221,1.0,1.0,0.0,0
70.61160920166179,1.0,0.0,0.5100839017237062,1.0,1.0,1.0,0
0.0,0.0,0.0,0.8066314184742185,1.0,1.0,1.0,0
55.77974468173553,3.0,1.0,0.48644571391518227,1.0,1.0,0.0,1
57.24383726630006,1.0,0.0,0.8280375085370093,1.0,1.0,0.0,1
41.19339452259216,2.0,2.0,0.11089613653237591,1.0,0.0,0.0,1
48.202017628852055,0.0,1.0,0.7250515276627592,1.0,0.0,0.0,1
12.980599416316945,0.0,1.0,0.26975587485228664,1.0,0.0,0.0,0
119.9628322415042,1.0,0.0,0.23762325472881235,0.0,0.0,1.0,1
26.613113664212243,1.0,4.0,0.7193633580529157,1.0,0.0,1.0,1
12.244627257586561,0.0,1.0,0.7733744672414359,1.0,0.0,0.0,1
24.074963737910384,3.0,0.0,0.5174099202008351,1.0,0.0,0.0,0
45.2017726657634,0.0,3.0,0.6577833466440363,1.0,0.0,0.0,1
30.574595109406605,0.0,1.0,0.8662457794930791,1.0,0.0,0.0,1
60.95540379707693,0.0,1.0,0.4180674761081231,1.0,0.0,0.0,0
0.0,3.0,1.0,0.7882233618153265,1.0,1.0,0.0,0
37.40375226156414,2.0,2.0,0.307077627330073,1.0,0.0,1.0,1
0.0,0.0,1.0,0.430885384597311,1.0,0.0,1.0,0
12.933696841017458,0.0,1.0,0.4009522527638779,1.0,0.0,0.0,0
32.15488886218945,0.0,1.0,0.7749445392290784,1.0,0.0,1.0,0
0.0,2.0,2.0,0.6227494564765609,0.0,0.0,1.0,1
24.70781543825275,0.0,2.0,0.5523199283064808,1.0,1.0,1.0,1
36.35170969615355,0.0,0.0,0.7485352552923797,1.0,1.0,0.0,0
32.15162618996636,0.0,0.0,0.8328052509668834,1.0,0.0,0.0,0
0.0,0.0,0.0,0.6809106371934656,1.0,1.0,0.0,0
31.304635205493618,1.0,0.0,0.6185836205999888,1.0,1.0,0.0,0
25.493167744251657,0.0,1.0,0.8100999426432619,1.0,0.0,1.0,1
0.0,3.0,0.0,0.5964074670040492,1.0,1.0,0.0,0
18.935752630118024,0.0,0.0,0.5369557034899594,1.0,0.0,0.0,0
49.3557683425664,0.0,1.0,0.7476290272397322,1.0,0.0,0.0,0
11.39296965450208,1.0,3.0,0.8809881283572718,1.0,0.0,1.0,1
81.10340580231745,3.0,1.0,0.23452936154567683,1.0,0.0,1.0,1
29.94055368835381,2.0,2.0,0.790560449445139,1.0,0.0,1.0,1
36.87242541374113,1.0,0.0,0.5507069817430872,1.0,1.0,1.0,0
64.2036751108376,0.0,1.0,0.6320974926824767,1.0,1.0,0.0,0
14.545088416144463,0.0,0.0,0.37829931670814804,1.0,1.0,1.0,0
27.640864341356966,1.0,1.0,0.809926905507041,1.0,0.0,0.0,0
92.8371222961851,0.0,2.0,0.3897451028916955,1.0,0.0,1.0,0
37.45648054631478,0.0,0.0,0.6804843191891045,0.0,1.0,0.0,0
53.30855543383398,0.0,4.0,0.2207070329688198,1.0,0.0,1.0,1
103.48082268877661,0.0,3.0,0.5987912556489727,1.0,0.0,1.0,0
107.92111487673888,3.0,2.0,0.602696609786635,1.0,0.0,0.0,1
114.74029973202093,1.0,1.0,0.6773366919417172,1.0,0.0,0.0,0
40.225832320473074,0.0,2.0,0.5463147824841125,1.0,1.0,0.0,0
95.66960049003342,0.0,2.0,0.5939690452075692,1.0,1.0,1.0,0
26.387035026441826,0.0,0.0,0.7475112563429758,1.0,0.0,1.0,0
50.440869373570514,0.0,2.0,0.3822751706516917,1.0,0.0,1.0,1
28.191161836827884,0.0,1.0,0.5080995866518365,1.0,0.0,0.0,0
22.590547291224816,2.0,6.0,0.24237817447941115,0.0,0.0,1.0,1
65.70772598131641,2.0,2.0,0.45166746145126957,1.0,0.0,1.0,1
130.91921290710627,0.0,1.0,0.2946392452843295,1.0,0.0,0.0,1
89.04274169830848,1.0,0.0,0.09003520435532528,1.0,0.0,0.0,0
23.047935194973043,0.0,1.0,0.898211805203467,1.0,0.0,0.0,0
46.23163375592885,0.0,0.0,0.5334743817568628,1.0,0.0,0.0,0
104.56029551248241,3.0,1.0,0.6364510612132747,1.0,0.0,0.0,1
1.6730724250593934,1.0,1.0,0.543877963110091,1.0,1.0,0.0,1
7.609739903561207,1.0,0.0,0.7825361373994658,1.0,1.0,0.0,0
28.230503439467686,1.0,0.0,0.6901405844053953,1.0,1.0,0.0,0
33.18481339034569,1.0,0.0,0.4718828814914514,1.0,0.0,0.0,0
0.0,0.0,0.0,0.5945020914436023,1.0,0.0,0.0,0
0.0,1.0,1.0,0.9277080723441959,1.0,0.0,0.0,0
37.44123456677117,2.0,1.0,0.14596736595767282,1.0,0.0,1.0,1
16.02415495786059,0.0,0.0,0.3135935219664213,1.0,1.0,1.0,0
16.328325812935795,1.0,0.0,0.5786950857952677,1.0,1.0,0.0,0
15.684075133086978,0.0,2.0,0.7547134504791879,1.0,1.0,0.0,0
76.47156364322825,0.0,0.0,0.8898653694329469,0.0,1.0,0.0,0
70.22563718100754,2.0,3.0,0.8258264992241621,1.0,0.0,0.0,1
72.8645814742724,2.0,1.0,0.84155507257576,1.0,0.0,1.0,1
80.85690944677012,3.0,2.0,0.4714249315631361,0.0,0.0,1.0,1
25.76520625307316,0.0,3.0,0.9014037036599616,1.0,1.0,0.0,0
14.212752221100347,0.0,0.0,0.45876639153759174,1.0,0.0,1.0,0
0.0,1.0,2.0,0.8040767081283525,1.0,0.0,1.0,0
66.36246400661884,2.0,1.0,0.713712652999779,1.0,0.0,1.0,1
46.441879590697496,1.0,2.0,0.6132653521041687,0.0,0.0,1.0,0
49.69876697781531,1.0,0.0,0.7981328814644704,1.0,0.0,1.0,0
3.762573877329041,0.0,1.0,0.5702028024355623,1.0,1.0,0.0,0
0.0,1.0,1.0,0.3529642083536008,1.0,1.0,0.0,0
101.17450330390736,2.0,3.0,0.12276782932191754,0.0,0.0,0.0,1
41.044899027687805,3.0,1.0,0.3404902193766307,1.0,1.0,1.0,1
70.50471380388028,0.0,0.0,0.37837581984471497,1.0,1.0,0.0,1
0.0,1.0,0.0,0.6756012588822431,1.0,0.0,0.0,0
0.0,0.0,0.0,0.7219094878515994,1.0,0.0,0.0,0
0.0,2.0,0.0,0.5097179244459912,1.0,1.0,0.0,0
0.0,1.0,2.0,0.7092387148853546,1.0,1.0,1.0,0
45.33574520067563,0.0,1.0,0.5480932655245749,1.0,0.0,1.0,1
36.57550941709605,0.0,1.0,0.612636268833703,1.0,1.0,0.0,0
42.79385259578774,1.0,1.0,0.3953269719330614,1.0,0.0,1.0,0
51.070221625816096,0.0,0.0,0.22585784896582686,1.0,1.0,0.0,0
0.0,1.0,1.0,0.8149987184483922,1.0,0.0,1.0,0
0.0,0.0,0.0,0.9522046195020242,1.0,1.0,0.0,0
45.214037625417,0.0,3.0,0.03607757207545785,1.0,0.0,0.0,0
42.72495637084258,3.0,2.0,0.26032052850205545,1.0,0.0,1.0,1
26.51170791924512,1.0,0.0,0.8456292878743255,1.0,1.0,0.0,0
0.0,1.0,0.0,0.568026690697926,1.0,0.0,0.0,0
17.835562281504615,0.0,0.0,0.8788444591610252,1.0,1.0,1.0,0
21.769747950269196,0.0,0.0,0.44165186230858566,1.0,0.0,0.0,0
50.2624990999519,0.0,2.0,0.5970684014797846,1.0,0.0,1.0,1
12.630594845101545,2.0,1.0,0.3828452321562657,1.0,0.0,0.0,0
64.5034445436734,1.0,2.0,0.49773470249255825,1.0,1.0,1.0,1
41.18460083883677,0.0,0.0,0.7517091637365613,1.0,0.0,1.0,0
54.011159370519586,1.0,0.0,0.8539916060328349,1.0,1.0,0.0,0
1.0221585154419826,0.0,1.0,0.34375036560046857,0.0,1.0,1.0,0
11.522199887931391,2.0,2.0,0.1939283077545176,1.0,1.0,0.0,0
102.21306757222155,1.0,0.0,0.373979097539969,1.0,0.0,0.0,1
91.30768635883253,1.0,1.0,0.45310105196572603,1.0,0.0,0.0,0
68.04890024491472,0.0,0.0,0.5853347145952139,0.0,0.0,0.0,0
46.244213426207295,1.0,1.0,0.6127273211715194,1.0,1.0,0.0,0
0.0,0.0,1.0,0.8241972291472394,1.0,0.0,0.0,0
53.977228846769755,1.0,1.0,0.7121758414640329,0.0,1.0,1.0,1
99.68963533724877,0.0,1.0,0.8054051637860137,1.0,0.0,1.0,0
2.381783171613538,1.0,0.0,0.39970271557677983,1.0,1.0,0.0,0
53.13650926992441,1.0,0.0,0.2217879850271654,1.0,1.0,1.0,0
50.2180124200513,0.0,2.0,0.8279861624411612,1.0,1.0,0.0,0
19.739219479498228,0.0,0.0,0.7323577413991705,1.0,1.0,0.0,0
16.492096827229034,0.0,0.0,0.55870476723066,1.0,0.0,0.0,0
24.424952025298843,0.0,0.0,0.32289001844638376,0.0,0.0,0.0,0
20.198585045262618,0.0,0.0,0.4293410196337327,1.0,1.0,1.0,0
44.53775177461955,0.0,0.0,0.6446406268960345,1.0,1.0,1.0,0
0.0,0.0,0.0,0.7840556790417655,1.0,1.0,0.0,0
127.13423236114082,1.0,1.0,0.03829371163873728,1.0,0.0,1.0,1
20.80389799091026,1.0,3.0,0.4278678693952767,1.0,1.0,0.0,0
50.33921506556852,0.0,0.0,0.6298300367981912,1.0,0.0,1.0,0
20.533429226124575,1.0,1.0,0.5426193826402064,1.0,1.0,0.0,0
16.65298515658785,1.0,3.0,0.810575616071652,1.0,0.0,1.0,1
10.967264071380871,1.0,0.0,0.8939145669165548,0.0,0.0,0.0,0
63.9012400601328,1.0,1.0,0.47765941800718303,1.0,0.0,0.0,0
40.69439775762536,0.0,0.0,0.38209217273120927,1.0,1.0,0.0,0
37.862729313713466,0.0,1.0,0.6254132373559816,1.0,1.0,0.0,0
77.00376296342803,1.0,2.0,0.8867798995506876,1.0,1.0,0.0,0
13.950253369179286,1.0,1.0,0.6541495068435117,1.0,0.0,0.0,0
58.396886493038096,0.0,3.0,0.6236372674551729,1.0,0.0,1.0,1
140.80918946261806,0.0,0.0,0.519399472925083,1.0,0.0,1.0,1
51.72398969977662,2.0,4.0,0.28966182327143847,0.0,0.0,1.0,1
66.79654011593071,1.0,1.0,0.46508229613417895,1.0,0.0,1.0,1
33.27385149848766,2.0,0.0,0.5825887611844847,1.0,1.0,1.0,1
30.487266076725923,1.0,1.0,0.3296638881156593,1.0,0.0,1.0,1
68.87982637705608,0.0,2.0,0.8637198400357308,1.0,0.0,1.0,1
60.571962422677984,1.0,1.0,0.4697490291474779,1.0,1.0,1.0,0
0.0,1.0,0.0,0.5501455556173389,1.0,0.0,0.0,0
14.243578232616407,1.0,0.0,0.6578538110529676,1.0,1.0,0.0,0
21.6567848301163,0.0,0.0,0.8759785601315452,1.0,1.0,0.0,0
34.69417528598601,1.0,1.0,0.6167723336683777,1.0,1.0,0.0,0
0.0,0.0,0.0,0.568135230052705,0.0,0.0,1.0,1
83.60792690282113,0.0,0.0,0.7921924868629386,1.0,1.0,0.0,1
14.212641488713189,1.0,0.0,0.6178529533259955,1.0,1.0,1.0,0
35.63242769235279,2.0,1.0,0.7539277394184075,1.0,1.0,0.0,0
18.774194018453738,3.0,3.0,0.6353610825359982,1.0,0.0,1.0,1
13.076213280771979,1.0,0.0,0.6286655962401354,1.0,1.0,0.0,0
59.32854199251883,1.0,0.0,0.6952723102048354,1.0,0.0,1.0,0
24.782226092288518,1.0,0.0,0.4885062478068511,1.0,0.0,0.0,0
7.820980521484669,0.0,0.0,0.9071414180769316,1.0,0.0,1.0,0
39.293448189923794,0.0,2.0,0.501123558827805,1.0,1.0,0.0,0
14.705150902692427,2.0,0.0,0.592486964014306,1.0,0.0,0.0,0
0.0,2.0,0.0,0.7175734848811512,1.0,1.0,0.0,0
75.64069820734032,1.0,0.0,0.4040676454747519,0.0,1.0,0.0,0
20.568682616289664,1.0,1.0,0.4654755063407592,0.0,0.0,0.0,0
61.46193588145736,0.0,0.0,0.5558800195545018,1.0,1.0,1.0,0
6.835934415563468,0.0,0.0,0.5719371006740251,1.0,0.0,0.0,0
36.489336695612984,1.0,1.0,0.8888001021546291,1.0,1.0,0.0,0
6.370277288593635,2.0,0.0,0.770647964945488,1.0,1.0,0.0,0
2.2677446406707364,0.0,1.0,0.5605347947671422,1.0,1.0,0.0,0
11.463415385989578,1.0,0.0,0.7061445709633821,1.0,0.0,0.0,0
5.446254557102108,0.0,2.0,0.6139157184562475,1.0,0.0,0.0,1
0.24665965976558368,0.0,1.0,0.4696585270679456,1.0,1.0,0.0,0
68.81376695405459,3.0,1.0,0.2201325647279937,1.0,0.0,1.0,1
99.60071057460348,2.0,1.0,0.3175896583974974,0.0,0.0,1.0,1
23.85194419000333,2.0,0.0,0.45509406207928654,1.0,0.0,0.0,0
11.704743499770327,4.0,2.0,0.4742625033173806,1.0,1.0,0.0,1
28.158679455642165,0.0,1.0,0.8148739513415614,1.0,0.0,1.0,0
47.18493832386182,1.0,0.0,0.6099623072066931,1.0,1.0,0.0,0
0.0,2.0,2.0,0.6066478196035632,1.0,0.0,1.0,0
67.29256180014222,1.0,1.0,0.38127335224016834,1.0,1.0,0.0,0
48.989525922418565,0.0,0.0,0.7222081115366822,1.0,0.0,0.0,0
41.50387122931663,4.0,1.0,0.6739162960212737,1.0,0.0,0.0,1
14.17291018396919,0.0,1.0,0.3434011358413424,1.0,0.0,0.0,0
10.612644339043133,0.0,1.0,0.636261755966921,1.0,1.0,0.0,0
27.99639772066776,0.0,0.0,0.9517719505033295,1.0,1.0,0.0,0
5.6031214773240094,0.0,0.0,0.7001853815143971,1.0,1.0,1.0,0
18.469498114711637,0.0,1.0,0.3750287446940509,0.0,1.0,0.0,0
62.47361421683498,0.0,2.0,0.4796306310236795,1.0,0.0,0.0,0
0.0,0.0,1.0,0.4596313016647641,0.0,1.0,0.0,0
0.0,0.0,1.0,0.6183094289751516,1.0,1.0,0.0,0
14.942832912817385,1.0,2.0,0.8288161571089275,1.0,0.0,1.0,1
0.0,0.0,1.0,0.7320558269001993,1.0,1.0,0.0,0
14.286374965560661,0.0,2.0,0.5437615842574121,1.0,1.0,1.0,0
6.95329547071474,1.0,0.0,0.8223843943171212,1.0,1.0,0.0,0
12.636784153449371,0.0,0.0,0.9178416942613247,1.0,1.0,0.0,0
60.782124172744176,2.0,2.0,0.13527060245922756,1.0,0.0,0.0,1
48.863866900911674,0.0,2.0,0.8361707565758317,1.0,1.0,1.0,0
41.938957712489426,2.0,3.0,0.2967399062205644,0.0,0.0,1.0,1
40.066476307344274,1.0,2.0,0.486559761343273,1.0,0.0,0.0,0
45.28798224378511,0.0,0.0,0.7779603740647626,1.0,0.0,0.0,0
68.34592210889896,0.0,0.0,0.07946256030044874,1.0,0.0,0.0,1
21.074679282016145,0.0,2.0,0.2970339048782645,1.0,0.0,0.0,0
11.36627486807982,0.0,0.0,0.8416866738263843,1.0,0.0,0.0,0
0.0,0.0,0.0,0.4717018396326504,1.0,1.0,0.0,0
0.0,1.0,1.0,0.36826259884439044,1.0,0.0,0.0,0
0.34996861698037307,0.0,1.0,0.755842965001284,1.0,1.0,0.0,0
12.17840606111304,1.0,0.0,0.835770336627096,1.0,0.0,0.0,0
30.199771911185966,1.0,2.0,0.6735772118472637,1.0,1.0,0.0,1
99.04761473293789,2.0,1.0,0.7469641494730381,1.0,0.0,1.0,1
30.808823489007434,0.0,0.0,0.6613792322950558,1.0,0.0,1.0,0
26.523941618547656,0.0,0.0,0.9778668487435187,1.0,0.0,1.0,0
0.0,1.0,0.0,0.66949527124316,1.0,0.0,0.0,0
49.84569871947606,1.0,1.0,0.5607014477173898,1.0,0.0,1.0,0
44.25240744194902,1.0,0.0,0.5789824982149634,1.0,1.0,0.0,0
112.6248013742182,1.0,2.0,0.8129321714564025,1.0,0.0,0.0,0
71.46256036210495,0.0,2.0,0.8055802559638162,1.0,1.0,0.0,0
27.30000422797704,1.0,0.0,0.9020750550644716,1.0,0.0,0.0,0
77.86620343993891,2.0,2.0,0.28799515889089045,1.0,0.0,1.0,1
0.0,1.0,0.0,0.5606589359581453,1.0,0.0,0.0,0
27.862935463148244,2.0,5.0,0.25782356331754924,1.0,0.0,0.0,1
86.74527302903378,0.0,1.0,0.2491979521383773,0.0,1.0,1.0,0
19.019158235455325,0.0,2.0,0.7449571836663205,1.0,1.0,0.0,1
78.51882580625059,3.0,4.0,0.3849771245730095,1.0,0.0,0.0,1
20.992767114588126,1.0,1.0,0.7588842378597185,1.0,0.0,0.0,0
16.398307462085356,0.0,1.0,0.9151623238227489,1.0,1.0,0.0,0
28.57549857935984,0.0,1.0,0.4896011398934545,1.0,1.0,1.0,0
111.66245929775891,1.0,3.0,0.26064612730086034,0.0,0.0,0.0,1
32.38714302775716,2.0,1.0,0.7111367465702959,1.0,0.0,0.0,0
0.0,0.0,0.0,0.3034470585002196,1.0,0.0,0.0,0
20.525234087189034,0.0,0.0,0.5050598492749452,1.0,1.0,0.0,1
14.060580833223007,1.0,0.0,0.31202881426153933,1.0,1.0,0.0,0
0.0,0.0,0.0,0.8494743577271043,1.0,0.0,0.0,0
0.0,0.0,0.0,0.3532095546023624,1.0,0.0,1.0,0
31.831176802394644,0.0,0.0,0.8067767410656768,0.0,1.0,1.0,1
4.057125919718015,2.0,1.0,0.38500652088416853,1.0,1.0,0.0,0
9.66079535948721,0.0,0.0,0.6428880504896124,1.0,0.0,0.0,0
13.693309989059458,1.0,0.0,0.7624430771133331,1.0,0.0,0.0,0
0.0,0.0,0.0,0.6804157607716295,1.0,0.0,1.0,0
9.479378596582313,1.0,0.0,0.7760815352473488,1.0,0.0,0.0,0
10.527126403625832,1.0,2.0,0.352148516695242,1.0,0.0,1.0,1
1.5907423008000912,0.0,0.0,0.5739879073867242,1.0,0.0,0.0,0
0.9240857223513501,0.0,2.0,0.47786216887803595,1.0,1.0,0.0,0
27.269476501343377,0.0,2.0,0.5856424654486284,1.0,0.0,0.0,0
25.996483085324225,1.0,2.0,0.5923600145410881,0.0,1.0,1.0,1
111.5566408141129,2.0,6.0,0.6552208611486129,0.0,0.0,1.0,1
6.590902777090785,2.0,2.0,0.7938551076298741,1.0,1.0,1.0,0
13.803550786172538,2.0,1.0,0.7117861056404455,1.0,1.0,0.0,1
13.233886280561945,0.0,0.0,0.44838376434269683,1.0,1.0,0.0,0
85.89255398379314,2.0,1.0,0.6334621443214546,1.0,0.0,0.0,1
0.0,0.0,0.0,0.721435322649507,1.0,0.0,0.0,0
81.73698813606539,0.0,1.0,0.3800054034407714,1.0,1.0,0.0,0
26.989495281778275,0.0,0.0,0.5649817822270838,1.0,1.0,1.0,1
17.6176853805284,0.0,1.0,0.6061320211782673,1.0,0.0,1.0,1
53.7601675477579,2.0,1.0,0.3100776517966339,1.0,0.0,0.0,1
0.0,0.0,2.0,0.40091430044897053,0.0,1.0,0.0,0
9.858528546826907,0.0,0.0,0.8649412050671781,0.0,1.0,0.0,0
1.7988261085426416,0.0,1.0,0.6183658161847563,1.0,0.0,1.0,0
22.236802331889216,2.0,1.0,0.3421325528302806,1.0,1.0,1.0,1
4.281770857935747,0.0,2.0,0.7903047194603359,1.0,0.0,0.0,1
16.709221235283195,0.0,1.0,0.5853499611768692,1.0,1.0,0.0,0
0.0,0.0,0.0,0.3500774606882637,1.0,1.0,0.0,0
14.416425168791319,2.0,1.0,0.5600112169591127,1.0,1.0,1.0,1
86.81059405292213,2.0,1.0,0.7467249662869141,1.0,1.0,1.0,0
60.92071603446194,6.0,4.0,0.6547128554255359,0.0,0.0,0.0,1
15.880667548518005,0.0,1.0,0.7260243878882194,1.0,0.0,1.0,0
10.748703314726395,0.0,4.0,0.808977488101045,0.0,0.0,0.0,0
0.0,0.0,1.0,0.6498293242137234,1.0,0.0,0.0,0
23.11699818757714,1.0,0.0,0.9205366592741163,1.0,1.0,0.0,0
14.511439796067634,0.0,0.0,0.5088269782823096,1.0,0.0,0.0,0
6.918112141558441,1.0,0.0,0.5528981925182261,1.0,1.0,1.0,0
48.353227255329415,1.0,1.0,0.476696944337628,0.0,0.0,0.0,0
0.0,2.0,0.0,0.5288504454208339,1.0,1.0,0.0,0
4.225036087675125,0.0,2.0,0.8278889304818454,1.0,1.0,0.0,0
0.0,1.0,1.0,0.9544486937256348,0.0,1.0,1.0,0
74.35176138138615,0.0,1.0,0.5607941932014576,1.0,0.0,0.0,1
20.91141134913821,0.0,0.0,0.4589421023640586,1.0,0.0,0.0,0
38.44665696833814,1.0,1.0,0.2304083847258051,0.0,1.0,0.0,0
0.15102370610299687,0.0,0.0,0.5538982248187033,1.0,1.0,0.0,0
25.321849376746126,1.0,1.0,0.7924545353187857,0.0,1.0,0.0,0
26.39874669574037,1.0,2.0,0.3232915630203391,1.0,1.0,0.0,1
39.338217838145994,1.0,1.0,0.5510637091724542,1.0,1.0,0.0,0
21.44254125097511,1.0,0.0,0.26389395155347406,1.0,1.0,0.0,0
52.814313325740166,2.0,1.0,0.3147657869763366,1.0,0.0,1.0,1
0.0,0.0,3.0,0.60604696547104,1.0,1.0,1.0,0
48.64954514895554,2.0,1.0,0.5220275111846702,1.0,1.0,0.0,0
1.574048394033452,0.0,0.0,0.5463890837487201,1.0,1.0,0.0,0
47.9632056346244,0.0,1.0,0.279220792635453,1.0,0.0,1.0,1
134.8408506082437,2.0,2.0,0.05261833335751798,1.0,1.0,1.0,1
0.0,0.0,1.0,0.7452503993837666,1.0,0.0,1.0,0
23.27368386018247,0.0,1.0,0.8220822365543112,1.0,0.0,0.0,0
18.391180828360227,1.0,1.0,0.6838868657702967,1.0,1.0,0.0,0
43.654229946645785,0.0,0.0,0.46312733482558704,1.0,1.0,0.0,0
45.0649697459997,1.0,1.0,0.4168977103236603,1.0,0.0,0.0,1
0.5745028134504004,0.0,3.0,0.6736708493893157,1.0,1.0,0.0,0
75.60870853196445,4.0,3.0,0.020013734831539787,1.0,0.0,1.0,1
0.0,0.0,0.0,0.403436097961696,1.0,0.0,0.0,1
10.812840768159212,1.0,0.0,0.4771537391965672,1.0,1.0,0.0,1
1.8415323895266589,1.0,0.0,0.8738642512664848,1.0,0.0,0.0,0
70.25653656769316,1.0,2.0,0.30312642257670624,0.0,0.0,0.0,1
5.49509026042489,1.0,2.0,0.9076989174618347,0.0,0.0,0.0,1
63.73219495001699,0.0,0.0,0.5059955905196092,1.0,1.0,0.0,0
25.07499661372831,0.0,1.0,0.7043172164728243,1.0,1.0,0.0,0
24.461892097628304,1.0,1.0,0.09714753470438871,1.0,0.0,1.0,1
0.0,1.0,1.0,0.7228537012680144,1.0,0.0,0.0,0
19.824727857942136,2.0,2.0,0.508892682930959,0.0,1.0,0.0,1
20.32493217326173,1.0,1.0,0.24617069062667804,1.0,0.0,1.0,1
31.879084224886036,1.0,2.0,0.5011937663611039,1.0,0.0,1.0,1
40.2409008650868,0.0,2.0,0.692449184783214,1.0,0.0,0.0,0
6.436590561742169,3.0,1.0,0.9354841326766691,1.0,1.0,0.0,0
38.69611537645668,2.0,4.0,0.2560159295590019,0.0,0.0,1.0,1
41.764007925973274,0.0,2.0,0.5384554174681739,0.0,1.0,0.0,0
19.493212074512854,0.0,0.0,0.5555149080041104,1.0,0.0,0.0,0
6.9547817381874495,1.0,1.0,0.595416448983497,1.0,0.0,1.0,1
75.95909429776708,1.0,1.0,0.107953558213674,0.0,1.0,0.0,1
30.711993806313536,1.0,0.0,0.685558815319843,1.0,1.0,0.0,0
3.713764694531186,0.0,0.0,0.3270110910294738,1.0,1.0,0.0,0
21.289139100387654,0.0,2.0,0.5899218888327932,1.0,1.0,1.0,1
79.52048724506469,2.0,3.0,0.09442263272722859,1.0,0.0,0.0,1
38.6835090225728,2.0,3.0,0.4701667813470578,1.0,0.0,1.0,1
33.80414532078015,2.0,0.0,0.4866087304384445,1.0,1.0,1.0,0
2.302391998588475,1.0,0.0,0.7162014826575612,1.0,0.0,1.0,0
0.0,0.0,0.0,0.2657176976038608,1.0,0.0,0.0,0
65.3532545699246,4.0,3.0,0.05124106185882213,1.0,0.0,0.0,1
66.58733143383733,1.0,3.0,0.8033513625735471,0.0,0.0,0.0,1
11.787246279095966,0.0,2.0,0.572419893068097,1.0,0.0,0.0,0
0.0,0.0,1.0,0.5646742027843297,1.0,0.0,1.0,1
26.592326687311427,1.0,1.0,0.27366982072767315,1.0,1.0,0.0,0
0.0,0.0,0.0,0.6113989335984652,1.0,1.0,0.0,0
59.51515106685119,0.0,1.0,0.2880515050172428,1.0,1.0,1.0,1
27.902883836055437,0.0,2.0,0.8220886845031995,1.0,1.0,0.0,0
0.0,0.0,1.0,0.4620810686514652,1.0,0.0,0.0,0
2.726258634522903,0.0,1.0,0.34649791461489526,1.0,1.0,0.0,0
13.97549101224052,2.0,1.0,0.6865243205536593,1.0,0.0,1.0,0
12.82804160680334,0.0,0.0,0.555887491904999,1.0,1.0,1.0,0
0.0,1.0,2.0,0.5677799042365986,1.0,0.0,1.0,0
75.4158589978395,2.0,2.0,0.2284580055550797,1.0,0.0,1.0,1
103.14158179973867,3.0,2.0,0.5979610730167713,1.0,0.0,0.0,1
106.30583403615853,0.0,1.0,0.592685336932939,1.0,1.0,0.0,0
0.0,2.0,0.0,0.5032210954068278,1.0,0.0,1.0,0
0.0,0.0,0.0,0.6036825832585048,1.0,0.0,0.0,0
0.48840227728437924,2.0,3.0,0.4819892979911266,1.0,0.0,0.0,1
7.453416325423762,0.0,0.0,0.28136736482236313,1.0,0.0,0.0,0
6.07981758402865,1.0,0.0,0.41973590834671054,1.0,1.0,0.0,0
20.934400498205214,1.0,2.0,0.5512474565464074,1.0,1.0,0.0,0
29.406450184334055,2.0,3.0,0.35615891856227305,1.0,1.0,1.0,1
16.529796420825036,2.0,0.0,0.677635237416675,1.0,1.0,0.0,0
83.66506800759137,5.0,3.0,0.6958299716647511,0.0,1.0,0.0,1
8.934040659762207,1.0,0.0,0.8735619660136699,1.0,0.0,0.0,0
0.0,0.0,0.0,0.6095231127010446,1.0,1.0,0.0,0
125.25244861149442,0.0,0.0,0.18653395023813077,1.0,0.0,0.0,0
71.35093565432037,1.0,0.0,0.4654879767175321,1.0,0.0,1.0,0
43.90582998735423,2.0,3.0,0.3637756006959187,1.0,0.0,1.0,1
88.34758356917047,2.0,1.0,0.47561400984440755,1.0,0.0,1.0,1
73.96535740405633,0.0,1.0,0.7853227501005697,0.0,0.0,0.0,1
68.51298107851862,1.0,4.0,0.15333453087659527,0.0,0.0,1.0,1
44.42642871365213,1.0,0.0,0.42796469425207945,1.0,0.0,1.0,1
53.33838999078831,0.0,1.0,0.3905780559780431,1.0,0.0,0.0,0
0.0,0.0,1.0,0.7613062220728812,1.0,1.0,0.0,1
0.0,1.0,0.0,0.5632335433148095,1.0,0.0,1.0,0
17.883322709126908,1.0,1.0,0.6569233938379162,1.0,1.0,1.0,0
19.188269648456263,0.0,0.0,0.9190658728358914,1.0,1.0,0.0,0
40.79692259495077,0.0,0.0,0.8852134120932268,1.0,1.0,0.0,0
40.902374403291475,1.0,0.0,0.6684245839232753,1.0,1.0,1.0,0
18.935826031859477,0.0,2.0,0.4048111202609442,1.0,1.0,0.0,0
30.80585928519033,0.0,1.0,0.3851179473273537,1.0,1.0,0.0,0
26.87802929919457,0.0,0.0,0.8622727017890695,1.0,0.0,0.0,0
3.589213554453827,0.0,0.0,0.28050723840956304,1.0,0.0,0.0,0
1.7087527784308856,0.0,1.0,0.42059645783408833,1.0,1.0,0.0,0
118.51904206829053,1.0,1.0,0.37794725158896797,1.0,1.0,1.0,1
22.011204658236913,0.0,0.0,0.6885281586645509,1.0,1.0,0.0,0
25.42094645271181,2.0,0.0,0.824510416985021,1.0,0.0,0.0,0
17.088942373861357,0.0,1.0,0.45253979605594385,1.0,1.0,0.0,0
65.81740452074658,5.0,2.0,0.106609167913609,1.0,0.0,0.0,1
0.0,5.0,1.0,0.6777155184718042,0.0,0.0,0.0,1
27.8830140658732,0.0,1.0,0.19181660457056685,1.0,1.0,0.0,1
14.182374535392404,0.0,3.0,0.6304918131048267,1.0,1.0,0.0,0
0.0,1.0,2.0,0.7383542499626683,1.0,0.0,1.0,1
35.897667088113536,1.0,2.0,0.7522390654381981,1.0,0.0,1.0,1
46.30280847396339,0.0,1.0,0.35856173107964256,1.0,0.0,1.0,0
21.06603010473564,1.0,0.0,0.6409331710627822,1.0,0.0,0.0,0
37.64475806341328,0.0,2.0,0.3353020972590364,1.0,1.0,1.0,0
33.757796608874436,0.0,1.0,0.5378223235815993,1.0,1.0,0.0,0
6.873472393433303,0.0,0.0,0.6121886671341707,1.0,0.0,0.0,0
57.10391508539642,1.0,2.0,0.5233809220645236,1.0,0.0,1.0,1
5.075802016670219,0.0,0.0,0.719386900566558,1.0,0.0,0.0,0
20.99545807848502,3.0,3.0,0.8503047556915877,1.0,0.0,1.0,1
66.50317750203908,0.0,1.0,0.5608468384322722,0.0,0.0,1.0,1
44.147152732575435,2.0,1.0,0.6353661389398715,1.0,0.0,0.0,1
30.449950123366577,0.0,3.0,0.6280744828053523,1.0,1.0,0.0,0
16.486321874289175,0.0,1.0,0.5011685552325044,1.0,1.0,0.0,0
23.806216744647692,1.0,1.0,0.7400217982769812,1.0,1.0,1.0,0
0.0,1.0,1.0,0.34983953208841245,1.0,0.0,0.0,0
37.840465890421555,1.0,0.0,0.8619827342800387,1.0,0.0,0.0,0
0.9148263803429229,0.0,1.0,0.6922348746930974,0.0,1.0,0.0,0
28.66631286375611,1.0,1.0,0.26223678011479956,1.0,0.0,1.0,1
26.925340086058632,2.0,2.0,0.7081144642500011,1.0,0.0,0.0,1
8.886555541572166,0.0,3.0,0.8795086749261036,0.0,1.0,1.0,0
17.294198060514304,0.0,0.0,0.6118932973345609,1.0,1.0,1.0,0
38.792734338210494,0.0,1.0,0.6617949601022186,1.0,1.0,0.0,0
58.853611721947196,1.0,0.0,0.4412111191859765,1.0,0.0,0.0,0
0.0,1.0,1.0,0.5353514941205857,1.0,0.0,1.0,1
74.57881582861172,5.0,2.0,0.3064956372949689,1.0,1.0,1.0,1
37.120306278465364,1.0,0.0,0.7336714642475891,0.0,1.0,0.0,0
0.0,0.0,0.0,0.5692771066023992,1.0,0.0,0.0,1
12.428832366108937,0.0,0.0,0.7596435951009296,1.0,1.0,1.0,0
53.46383974613616,1.0,0.0,0.8881838603783752,1.0,0.0,0.0,0
84.20154218710212,1.0,3.0,0.10849581997632898,0.0,0.0,0.0,1
0.33214378200310923,1.0,1.0,0.2688451314268697,1.0,1.0,0.0,0
18.769402165985962,1.0,0.0,0.7950345331636133,1.0,0.0,0.0,0
0.0,1.0,1.0,0.7864612207821366,1.0,1.0,0.0,0
49.322531222029305,1.0,1.0,0.6953711508541719,0.0,1.0,0.0,1
27.13561346567559,0.0,1.0,0.7207225413942167,1.0,1.0,0.0,0
19.400480852059616,0.0,0.0,0.6955210877354503,1.0,1.0,0.0,0
93.38443809545686,1.0,2.0,0.2753238568811247,1.0,0.0,0.0,1
59.32438301375754,0.0,0.0,0.7193866541436903,1.0,1.0,0.0,0
8.94949245139657,0.0,1.0,0.5516204443445041,1.0,0.0,0.0,1
18.419898214073726,0.0,0.0,0.5679290238768023,1.0,1.0,0.0,0
3.158992206937369,1.0,0.0,0.3664355165468543,1.0,1.0,0.0,1
62.541089036369414,0.0,0.0,0.6562618473053347,1.0,0.0,0.0,0
41.07579285388597,4.0,1.0,0.7299462355916795,1.0,0.0,1.0,1
36.323742764112225,0.0,0.0,0.6000817141187105,1.0,1.0,1.0,0
28.13462998425826,0.0,0.0,0.6151282080199704,1.0,1.0,0.0,1
56.453388065472,0.0,0.0,0.6844787736771998,1.0,0.0,1.0,0
45.61410611283226,0.0,1.0,0.555975530376107,1.0,1.0,0.0,0
18.894849018865877,1.0,1.0,0.6993928173126093,1.0,0.0,0.0,1
36.57020820413071,1.0,1.0,0.4953930808085696,1.0,0.0,0.0,0
84.00222888536312,0.0,0.0,0.42208192061375294,1.0,0.0,0.0,0
14.01568245026042,0.0,2.0,0.6843038363741225,1.0,1.0,0.0,0
0.0,1.0,2.0,0.9171569253024787,1.0,1.0,1.0,0
81.18368599677562,4.0,4.0,0.32311637699955637,1.0,0.0,0.0,1
15.861563626974366,0.0,1.0,0.7010996736680627,1.0,0.0,0.0,0
132.0381152476715,0.0,0.0,0.7576015924520526,1.0,1.0,1.0,0
11.691879361349397,0.0,1.0,0.34202459855525974,1.0,1.0,1.0,0
0.0,0.0,0.0,0.6267848464067649,1.0,1.0,0.0,0
0.0,1.0,2.0,0.3761258499896064,1.0,1.0,0.0,0
17.838937421955187,2.0,0.0,0.4445835450905153,1.0,0.0,1.0,0
72.81539104711332,1.0,2.0,0.10911579599300336,1.0,1.0,1.0,0
16.245338703053555,1.0,1.0,0.6448385960056916,1.0,0.0,1.0,1
5.533516235883295,0.0,3.0,0.6086623840143512,0.0,1.0,0.0,0
4.876294473167621,1.0,1.0,0.6382438939572411,1.0,0.0,1.0,1
43.655557787887545,2.0,1.0,0.7361689109500006,1.0,0.0,1.0,1
19.962488547308595,0.0,2.0,0.6860853280059919,1.0,0.0,1.0,0
47.386898187502936,0.0,1.0,0.4100732393993617,1.0,0.0,1.0,1
23.793626061986775,1.0,2.0,0.5398031678716646,1.0,0.0,0.0,0
89.23705675434431,0.0,0.0,0.5915613417176251,1.0,0.0,1.0,0
16.276418568858347,0.0,2.0,0.8332114622036356,1.0,0.0,1.0,0
60.53376953330604,0.0,0.0,0.8560014291467362,1.0,1.0,0.0,0
42.14984009620045,0.0,0.0,0.8574364921893527,1.0,1.0,1.0,0
70.74037640873642,0.0,4.0,0.6325141924396567,1.0,1.0,1.0,1
15.100306483221827,0.0,1.0,0.8405519728936967,1.0,1.0,0.0,0
36.77031408962469,1.0,0.0,0.36543916499350315,1.0,1.0,0.0,0
39.81748679796435,1.0,1.0,0.8188440608125457,1.0,1.0,0.0,0
77.67893763382594,0.0,1.0,0.6242452803334346,1.0,0.0,1.0,0
124.92053932594548,5.0,2.0,0.3060980954025903,1.0,0.0,1.0,1
4.626491415336439,1.0,0.0,0.24208905647999815,1.0,1.0,1.0,1
4.23215417132045,0.0,0.0,0.7929981000738271,1.0,1.0,0.0,0
102.08988854725354,5.0,0.0,0.30077653002303756,1.0,0.0,1.0,1
0.7801056069152708,1.0,0.0,0.6146080013333906,1.0,1.0,1.0,0
26.684379569821697,0.0,2.0,0.19287839461541226,1.0,0.0,1.0,1
0.0,0.0,1.0,0.5910095876344965,1.0,1.0,0.0,0
48.11133988244611,1.0,0.0,0.7939208441616326,1.0,1.0,1.0,0
20.184591300037106,1.0,0.0,0.3074715993983,1.0,1.0,0.0,1
13.319339711807023,1.0,1.0,0.6063848448710167,1.0,1.0,0.0,0
17.251226228509807,0.0,0.0,0.5531315050362583,1.0,1.0,0.0,0
38.49988234462895,1.0,0.0,0.6256912298549882,1.0,0.0,0.0,1
47.65571207874902,1.0,1.0,0.8149212900336072,1.0,1.0,0.0,0
9.058714210248402,0.0,0.0,0.3367157313194441,1.0,0.0,1.0,0
12.129238793330455,9.0,0.0,0.45431053894778617,1.0,0.0,1.0,1
0.20478644682526603,0.0,0.0,0.5588637982234085,1.0,1.0,0.0,0
120.31688066128528,3.0,1.0,0.10510457824476914,1.0,0.0,1.0,1
47.30721262669181,2.0,2.0,0.6977212564011721,1.0,1.0,0.0,1
31.04061757994153,4.0,0.0,0.6898168686565546,1.0,0.0,0.0,1
41.896379732387864,1.0,1.0,0.06931739008757881,0.0,0.0,0.0,1
58.86256724705409,0.0,1.0,0.3151179780972391,0.0,0.0,1.0,1
36.55200134403711,1.0,0.0,0.8317032314079331,1.0,1.0,0.0,0
45.685109025928064,1.0,0.0,0.39592385691728865,0.0,1.0,1.0,1
40.09735965678606,2.0,0.0,0.658628396913947,1.0,0.0,1.0,1
0.0,1.0,0.0,0.7393832370576879,1.0,0.0,0.0,0
7.989937986869923,1.0,1.0,0.17441865608380622,1.0,0.0,1.0,0
53.29727026477159,0.0,0.0,0.8790446370984007,1.0,0.0,1.0,1
19.254720210486713,3.0,2.0,0.682721707447652,1.0,0.0,0.0,1
16.493303072976335,0.0,1.0,0.7839671601861723,1.0,1.0,1.0,0
20.654749970677333,0.0,0.0,0.5116742293372258,1.0,0.0,0.0,0
34.98808216645175,2.0,6.0,0.40079781377781376,1.0,0.0,1.0,1
29.623983073162783,0.0,1.0,0.7563408610903167,1.0,0.0,0.0,0
30.887253401904438,0.0,0.0,0.8297252872027293,1.0,1.0,0.0,0
0.0,0.0,0.0,0.5254969654014952,1.0,0.0,1.0,0
55.49718349891538,0.0,1.0,0.3432186292405228,1.0,0.0,1.0,1
72.55365239588724,2.0,4.0,0.2619146914200813,1.0,0.0,0.0,1
66.79257645273879,1.0,0.0,0.5996679590380976,1.0,0.0,1.0,1
0.0,0.0,3.0,0.5729494584552908,1.0,1.0,0.0,0
26.939442655530993,1.0,2.0,0.1031794864923476,1.0,1.0,0.0,1
26.865291700314973,0.0,0.0,0.662183878425211,1.0,0.0,0.0,1
1.4072972652829803,2.0,0.0,0.8489092032301108,1.0,1.0,0.0,0
25.734126105493534,0.0,1.0,0.7151094889066033,1.0,0.0,0.0,0
20.637786575567443,0.0,1.0,0.36489871493222387,1.0,0.0,0.0,1
120.31893376284629,2.0,3.0,0.14684967082019781,1.0,0.0,1.0,1
2.2153915350827558,1.0,0.0,0.6550793570371108,1.0,0.0,1.0,0
0.0,0.0,0.0,0.3540593212228437,1.0,0.0,0.0,0
54.67015817720363,2.0,1.0,0.8343164101299484,1.0,0.0,0.0,0
0.0,2.0,0.0,0.6591732722003746,1.0,0.0,0.0,0
46.25602499326807,0.0,0.0,0.7363489442928753,1.0,1.0,0.0,0
14.58046473364248,0.0,1.0,0.3513026033622701,1.0,1.0,0.0,0
49.44376218631945,3.0,2.0,0.5525329752957273,1.0,0.0,1.0,1
19.290620493237757,0.0,4.0,0.9073390656121132,1.0,1.0,0.0,0
0.0,1.0,0.0,0.3420195134747018,1.0,1.0,0.0,0
93.70812928499032,3.0,3.0,0.44512092196881087,1.0,0.0,1.0,1
28.117793335425404,1.0,1.0,0.5542026909151765,1.0,0.0,0.0,0
11.045475604108423,0.0,1.0,0.5778986551546522,1.0,1.0,0.0,0
0.0,0.0,0.0,0.6863238724286269,1.0,0.0,0.0,0
32.18481121731676,2.0,1.0,0.6279327903189572,1.0,1.0,0.0,0
16.126027670509544,2.0,1.0,0.5959305467074475,1.0,1.0,0.0,0
50.57285412918072,1.0,1.0,0.7653991693184631,1.0,0.0,0.0,0
39.39769511708184,0.0,1.0,0.38271187878235335,1.0,0.0,0.0,1
50.90262098166711,1.0,2.0,0.49858748662710844,0.0,0.0,1.0,1
31.845348345133697,0.0,0.0,0.25130343183089604,1.0,1.0,0.0,0
12.174346677508694,0.0,1.0,0.8354324790467876,1.0,0.0,0.0,0
37.417128493330814,0.0,0.0,0.9182015009220769,1.0,1.0,0.0,0
85.88017846421316,1.0,1.0,0.4280550303964096,0.0,0.0,1.0,1
17.106081954355037,1.0,3.0,0.6519815900496513,1.0,0.0,1.0,1
0.0,0.0,0.0,0.35706374658074314,1.0,1.0,0.0,0
10.487350581585106,1.0,0.0,0.6641280862760249,1.0,1.0,0.0,0
60.77123243387351,0.0,3.0,0.38145044252170096,1.0,0.0,1.0,1
26.894575300746467,1.0,2.0,0.6952856302815302,0.0,1.0,1.0,1
0.0,0.0,1.0,0.489734458876563,1.0,0.0,0.0,0
15.313686341895712,0.0,1.0,0.8217654984964478,1.0,0.0,0.0,0
120.24319471361102,1.0,4.0,0.4576424137153133,1.0,0.0,0.0,0
26.90736801147864,1.0,0.0,0.6341496550539455,1.0,1.0,1.0,0
0.0,0.0,0.0,0.7749754122657192,1.0,0.0,1.0,1
37.37567296999689,1.0,1.0,0.7482162279997143,1.0,1.0,0.0,0
55.17763154175619,6.0,0.0,0.15410613386389493,0.0,0.0,1.0,1
46.9368491202329,1.0,1.0,0.5889268641780968,1.0,0.0,0.0,0
65.42449887205078,0.0,1.0,0.3859677803889977,1.0,0.0,1.0,1
43.48679504224884,1.0,0.0,0.4122628204040929,1.0,0.0,0.0,0
33.96207261379274,0.0,1.0,0.6630130856208197,1.0,1.0,1.0,0
0.0,0.0,1.0,0.43452387486330285,1.0,1.0,0.0,0
15.509415272513571,0.0,2.0,0.5157053409966281,1.0,1.0,0.0,0
53.74139022726931,0.0,0.0,0.35390795906548667,1.0,0.0,0.0,0
41.687132451448214,3.0,0.0,0.4073140557568072,1.0,0.0,0.0,1
31.599822100623655,1.0,0.0,0.786656114218743,1.0,0.0,0.0,0
0.0,1.0,1.0,0.879488059471993,1.0,1.0,0.0,0
0.0,0.0,0.0,0.4941942924049272,1.0,1.0,1.0,1
9.772929636340422,1.0,1.0,0.4572864999747723,1.0,0.0,1.0,0
41.86387407658823,2.0,0.0,0.26814397649276134,1.0,1.0,0.0,0
17.67157203371243,1.0,3.0,0.5094479414664611,0.0,0.0,1.0,1
28.103455682411425,2.0,3.0,0.44047705571363044,1.0,1.0,1.0,1
19.974990666137337,0.0,0.0,0.5436505017743405,1.0,0.0,0.0,0
11.08790707784691,0.0,4.0,0.7875025583270377,1.0,1.0,1.0,1
6.045398717157266,0.0,0.0,0.3987915740933731,1.0,0.0,0.0,0
35.72481791932685,0.0,0.0,0.6902463999049907,0.0,0.0,0.0,1
0.0,1.0,1.0,0.7669828943500243,1.0,1.0,0.0,0
49.90433589971995,1.0,1.0,0.354989170350796,0.0,1.0,0.0,0
7.7026242054206975,0.0,0.0,0.6673833769869713,1.0,1.0,0.0,0
50.73796446029146,1.0,3.0,0.9054241675879829,1.0,0.0,1.0,1
23.75716850704223,0.0,1.0,0.8350017611903369,1.0,0.0,1.0,1
0.0,0.0,0.0,0.45643565651118534,1.0,0.0,0.0,0
38.86474732003909,1.0,0.0,0.7340337765911525,1.0,0.0,0.0,1
58.35594603262841,1.0,1.0,0.16389021176241375,1.0,0.0,0.0,1
38.36019667292318,0.0,1.0,0.9415655576322085,1.0,1.0,1.0,0
15.183014826763147,2.0,2.0,0.23343548163332117,0.0,0.0,1.0,1
21.206379478226125,2.0,0.0,0.8439680810086146,1.0,0.0,0.0,0
6.065340051241628,1.0,1.0,0.4518749994201322,1.0,1.0,0.0,0
57.46217456707313,0.0,3.0,0.9517459630046665,1.0,1.0,0.0,0
0.0,2.0,0.0,0.7468836108586243,1.0,1.0,0.0,0
7.441487311967405,1.0,0.0,0.8475993610422445,1.0,1.0,0.0,0
103.82635618253856,0.0,1.0,0.7386134091202875,1.0,1.0,1.0,0
52.48367048180541,1.0,3.0,0.17671255297586588,0.0,1.0,1.0,1
16.7410698043972,1.0,1.0,0.8022060819400301,1.0,1.0,0.0,1
16.139183830763976,0.0,0.0,0.7180895936419789,1.0,1.0,0.0,0
8.780801534218796,0.0,1.0,0.7449255472101216,1.0,1.0,0.0,0
80.9431580988091,0.0,3.0,0.9060717988012964,1.0,0.0,1.0,1
9.306075734276863,0.0,1.0,0.7033302090181903,1.0,1.0,1.0,1
0.0,2.0,0.0,0.3246436666297981,1.0,1.0,0.0,0
17.79762495002558,0.0,0.0,0.7270988668075574,1.0,1.0,1.0,0
134.2301447821763,1.0,2.0,0.1922356929945136,1.0,1.0,1.0,1
34.2216322937564,1.0,1.0,0.5570566642284952,1.0,1.0,0.0,0
0.2618316763326467,0.0,3.0,0.9843262237955827,1.0,0.0,0.0,0
9.679248330649642,0.0,0.0,0.8428219510792379,1.0,1.0,0.0,0
117.8194931132967,1.0,3.0,0.2888176751323929,1.0,1.0,1.0,1
12.583812401934168,0.0,0.0,0.512111276284636,1.0,1.0,0.0,1
26.78211490859188,2.0,1.0,0.12313821872659376,1.0,0.0,0.0,1
49.26624070432271,1.0,3.0,0.8128234216245521,1.0,0.0,1.0,1
0.0,0.0,2.0,0.8167936129193837,1.0,1.0,0.0,0
169.5157979133252,1.0,5.0,0.11487644128978919,1.0,0.0,0.0,0
13.334534197105157,0.0,1.0,0.6083759262809095,1.0,1.0,0.0,0
22.97640368286135,0.0,1.0,0.629439935406103,1.0,1.0,1.0,0
15.429907984827086,1.0,2.0,0.14884636979233654,1.0,0.0,1.0,0
33.13844897551335,1.0,0.0,0.7724889488876137,1.0,0.0,0.0,0
51.373624519050814,1.0,0.0,0.7171180955975025,1.0,1.0,1.0,0
21.047702440283583,0.0,0.0,0.49392843946222775,1.0,1.0,0.0,0
6.534816136901869,0.0,3.0,0.9723402675293723,1.0,0.0,1.0,0
11.511545013974185,2.0,1.0,0.3101390761439075,1.0,1.0,0.0,0
2.9407279700140045,0.0,0.0,0.9756207886472976,1.0,1.0,0.0,0
13.253379698093102,0.0,0.0,0.7499544360046995,1.0,0.0,1.0,0
6.078189180928129,0.0,0.0,0.7057241834694001,1.0,1.0,0.0,0
5.3344012937747465,0.0,1.0,0.8087909611976042,1.0,1.0,1.0,0
10.49557803889261,0.0,0.0,0.7087460255531647,1.0,1.0,0.0,1
64.25487787669795,0.0,2.0,0.7862051282720374,0.0,0.0,0.0,1
20.276574849655688,1.0,0.0,0.36824064001085005,1.0,0.0,0.0,0
0.0,0.0,3.0,0.23455345007484568,1.0,0.0,1.0,0
62.337247180191994,0.0,2.0,0.44819213151194387,1.0,0.0,0.0,0
30.68041761326304,0.0,1.0,0.2863252436902796,1.0,0.0,0.0,0
0.0,0.0,2.0,0.9304680083350223,0.0,0.0,0.0,1
55.04893602539697,2.0,2.0,0.5601539231633574,1.0,1.0,0.0,1
10.784517236252634,0.0,1.0,0.6199823649385826,1.0,0.0,0.0,0
0.0,1.0,1.0,0.7717142994916519,1.0,1.0,1.0,0
34.389664861278746,2.0,1.0,0.7426790844524008,0.0,0.0,1.0,1
32.12985086012095,1.0,1.0,0.35913733049704644,1.0,0.0,1.0,1
77.92531867133107,3.0,2.0,0.476177819261454,1.0,0.0,1.0,1
37.717079097147554,0.0,0.0,0.1752049892047848,1.0,0.0,1.0,1
0.0,0.0,1.0,0.7897282070895276,1.0,0.0,0.0,1
34.9643791067807,1.0,2.0,0.66802679664872,1.0,1.0,0.0,0
46.69223042864005,1.0,0.0,0.592299365240188,1.0,1.0,0.0,0
6.913079615303325,0.0,0.0,0.43305841034285414,1.0,0.0,1.0,1
59.22139056892303,0.0,0.0,0.6210686707321517,1.0,1.0,0.0,0
0.0,0.0,6.0,0.4109246615432185,1.0,1.0,0.0,0
35.39310914862946,2.0,0.0,0.5667560055824465,1.0,0.0,0.0,1
20.96106618009128,1.0,1.0,0.803930942240266,1.0,1.0,0.0,0
38.73231532682653,0.0,1.0,0.9138453331751407,0.0,0.0,0.0,0
67.41809691942133,0.0,3.0,0.30590904901296495,1.0,0.0,0.0,1
55.296676725521245,1.0,0.0,0.7802295341604776,1.0,1.0,1.0,1
32.75765257404271,0.0,2.0,0.7152222823284186,1.0,1.0,0.0,0
19.490589440806914,0.0,1.0,0.09539066867559831,1.0,0.0,0.0,0
33.084904192060165,0.0,1.0,0.2510402573001798,1.0,0.0,0.0,0
11.085468093395916,0.0,0.0,0.21309780926933797,1.0,0.0,0.0,0
0.0,0.0,2.0,0.7117137795587838,1.0,1.0,0.0,0
90.26043164037884,2.0,2.0,0.10587618304872572,0.0,0.0,0.0,1
0.0,0.0,1.0,0.4789761388359114,0.0,1.0,1.0,0
17.640428561483308,0.0,2.0,0.6229350067846703,1.0,0.0,1.0,1
0.56659575232894,1.0,0.0,0.4820326506020002,1.0,0.0,1.0,0
23.371550085032236,0.0,1.0,0.5724309681006207,1.0,0.0,1.0,0
0.658108681379014,1.0,0.0,0.45901773688128994,1.0,1.0,1.0,0
26.825586475129906,0.0,0.0,0.2747874897268056,1.0,0.0,1.0,0
115.20596583455516,2.0,0.0,0.6596781879122777,1.0,1.0,1.0,0
112.93559939234927,3.0,1.0,0.7756621348432094,0.0,0.0,1.0,1
7.501967063085428,1.0,1.0,0.7650198525679975,1.0,1.0,1.0,0
104.8528026053698,0.0,3.0,0.23609441880349016,1.0,0.0,1.0,1
25.165032341508645,1.0,2.0,0.15742476419203502,1.0,1.0,0.0,1
29.33527768254809,0.0,2.0,0.6680196594100752,1.0,1.0,1.0,1
11.666881062969146,0.0,0.0,0.7743834497146435,1.0,0.0,0.0,0
5.534921649471491,1.0,2.0,0.43737753433689047,1.0,0.0,1.0,0
30.84453445668322,0.0,0.0,0.8649103050407492,1.0,0.0,0.0,0
22.904727962543443,1.0,2.0,0.5263994238556958,1.0,1.0,0.0,0
0.0,1.0,2.0,0.6976382623774229,1.0,0.0,0.0,0
58.40342763830756,0.0,0.0,0.7793466168747525,1.0,1.0,0.0,0
6.67170227329343,0.0,1.0,0.5843736080526984,1.0,0.0,0.0,0
2.7728392981001484,0.0,0.0,0.6764445624407149,1.0,0.0,0.0,0
14.433071924383958,0.0,2.0,0.64267442464529,1.0,0.0,1.0,0
61.54757650617913,2.0,1.0,0.2691993678678049,1.0,0.0,1.0,0
0.0,0.0,0.0,0.3032021853320666,1.0,0.0,0.0,0
19.702749527997533,0.0,2.0,0.43525714489043865,1.0,1.0,1.0,0
20.607028341815507,1.0,0.0,0.21078949934654484,0.0,0.0,0.0,1
18.95308084626017,1.0,1.0,0.6787722839086,1.0,0.0,1.0,1
0.0,0.0,1.0,0.7928362672964535,1.0,1.0,1.0,0
11.869674690350735,0.0,0.0,0.8618377817074038,1.0,0.0,1.0,0
100.46469927028645,1.0,1.0,0.7480311163730298,0.0,1.0,0.0,0
14.182713348128473,0.0,0.0,0.25215248401949747,1.0,1.0,1.0,1
0.0,1.0,1.0,0.9827012478256207,1.0,0.0,0.0,0
26.86574462363743,1.0,0.0,0.6741464123912358,1.0,1.0,0.0,1
8.25915233719242,1.0,2.0,0.5363744877293477,0.0,1.0,1.0,0
0.0,3.0,1.0,0.5163129181184815,1.0,0.0,1.0,1
68.33392895567613,2.0,3.0,0.40478215932384565,1.0,0.0,0.0,1
110.54826114082469,2.0,1.0,0.9233424255795922,0.0,0.0,0.0,0
104.40839839945112,2.0,2.0,0.09424476142080694,1.0,1.0,0.0,1
36.41147843532362,1.0,1.0,0.3493124132932576,1.0,0.0,1.0,1
0.0,0.0,0.0,0.5716143825192587,0.0,1.0,0.0,0
79.13737559273974,1.0,1.0,0.09120833098098814,1.0,1.0,1.0,1
34.53659995343596,3.0,4.0,0.4444619482787605,1.0,0.0,1.0,1
36.68961707385977,1.0,5.0,0.47516109952508995,1.0,0.0,0.0,0
7.929798446677966,0.0,0.0,0.8622967880564457,1.0,1.0,0.0,0
0.0,0.0,0.0,0.7236717767731344,1.0,1.0,0.0,0
63.97464376481076,0.0,2.0,0.44240474722695927,1.0,0.0,0.0,1
0.0,0.0,1.0,0.8573542429127857,1.0,1.0,0.0,0
58.49307696921162,1.0,2.0,0.4976855757393153,1.0,1.0,1.0,0
0.0,0.0,0.0,0.7790650356787089,1.0,1.0,1.0,0
20.048061822656507,0.0,1.0,0.8572663057300325,1.0,1.0,0.0,0
28.273550303743292,0.0,0.0,0.46265148741119927,1.0,0.0,0.0,0
33.484707384879066,2.0,2.0,0.37370513558290414,1.0,1.0,0.0,0
12.094650564601784,1.0,0.0,0.4708575390663995,1.0,1.0,0.0,0
3.6881230521005706,0.0,0.0,0.641829526711036,1.0,1.0,1.0,0
67.83574890755227,2.0,1.0,0.4619959235204954,1.0,0.0,1.0,1
27.2683530914794,0.0,0.0,0.5330494180759999,1.0,0.0,1.0,0
1.4423202847092442,0.0,1.0,0.293412531096398,1.0,1.0,0.0,0
19.8677407841544,0.0,2.0,0.6810207904990686,1.0,1.0,1.0,0
76.03050378322519,2.0,2.0,0.6726555798391931,1.0,0.0,0.0,1
32.20391604863011,0.0,1.0,0.22847539450372922,1.0,0.0,1.0,0
29.90745096182607,1.0,0.0,0.4729744234925834,1.0,0.0,1.0,0
39.38805439288979,0.0,0.0,0.73209592610392,1.0,1.0,0.0,0
49.62215249616331,0.0,0.0,0.2998873896399993,1.0,0.0,1.0,0
32.82338496746149,0.0,0.0,0.6701309055380524,0.0,1.0,0.0,0
58.55148802130992,0.0,0.0,0.6020099720943011,1.0,1.0,0.0,0
0.0,0.0,0.0,0.5164800237209971,1.0,0.0,0.0,0
0.0,0.0,0.0,0.6904473105202418,1.0,1.0,0.0,0
50.51303035835269,1.0,1.0,0.6661053156625656,1.0,1.0,1.0,1
60.729033427820085,0.0,1.0,0.5040461437406288,1.0,0.0,0.0,0
11.33761707712544,0.0,1.0,0.7468569815127979,1.0,1.0,0.0,1
23.837229236881505,1.0,0.0,0.36644483802070077,1.0,1.0,0.0,1
28.640652321309993,1.0,2.0,0.055039964759604106,1.0,0.0,1.0,1
38.096143378710885,1.0,1.0,0.5963455098874635,1.0,0.0,0.0,0
11.28968742185408,0.0,2.0,0.20973198094871595,1.0,0.0,1.0,0
103.44318359484599,1.0,5.0,0.6738667097057175,0.0,0.0,0.0,1
39.42264714103169,0.0,0.0,0.6133651050729199,1.0,1.0,0.0,0
47.08250902368995,1.0,0.0,0.6645717881145662,1.0,1.0,0.0,1
0.0,0.0,1.0,0.4992721256473839,1.0,1.0,0.0,0
0.3675525872545613,2.0,2.0,0.6940916115383102,1.0,1.0,1.0,1
0.0,1.0,1.0,0.326269557877094,1.0,1.0,0.0,0
0.0,2.0,1.0,0.673306022966643,1.0,0.0,0.0,0
63.774049212021566,0.0,1.0,0.7470530453966466,1.0,1.0,0.0,1
0.0,1.0,0.0,0.7932485768705272,1.0,1.0,0.0,0
40.49538701052012,0.0,1.0,0.37831157030650703,1.0,1.0,0.0,0
17.344970349323244,0.0,0.0,0.4459388542161694,1.0,1.0,1.0,1
0.0,1.0,0.0,0.7042306458333935,1.0,0.0,0.0,0
126.7425034815326,3.0,0.0,0.26344234468513567,0.0,1.0,1.0,1
4.767538277922727,0.0,0.0,0.7656773308669106,1.0,0.0,1.0,0
65.5475330306729,3.0,1.0,0.46093625448324727,1.0,0.0,1.0,1
24.30541761027149,1.0,2.0,0.6103707581754048,1.0,1.0,0.0,0
84.30093195632558,0.0,2.0,0.8168455805835708,1.0,0.0,0.0,1
60.08725676419334,1.0,1.0,0.5254913781301499,1.0,0.0,1.0,1
83.37293735937416,0.0,2.0,0.14653692488789571,1.0,1.0,0.0,1
10.972616469837838,0.0,0.0,0.40890239759054947,1.0,1.0,0.0,0
30.424034560964934,0.0,0.0,0.8791616599383035,1.0,0.0,0.0,0
9.532261100324956,0.0,1.0,0.7092715567630256,1.0,0.0,0.0,1
15.268158889239148,2.0,0.0,0.36188348176915114,1.0,0.0,0.0,0
31.79533207775154,1.0,0.0,0.7796518600302584,0.0,0.0,1.0,0
2.566822452098558,0.0,0.0,0.5674175520263007,1.0,0.0,0.0,0
61.54896138380016,3.0,3.0,0.4291263514369689,0.0,0.0,0.0,1
55.33990369417361,1.0,5.0,0.6631382085478627,1.0,0.0,1.0,1
55.828374461355786,2.0,4.0,0.6851074888641758,1.0,1.0,1.0,1
0.0,1.0,1.0,0.6504991835242852,1.0,1.0,1.0,0
85.17560318907869,1.0,1.0,0.5388208769911694,1.0,0.0,1.0,1
45.41943494722745,0.0,3.0,0.7080708817008854,1.0,1.0,1.0,1
43.32438643309371,0.0,0.0,0.5333404706373035,1.0,1.0,0.0,0
43.795090284949865,3.0,2.0,0.7554704079078359,1.0,0.0,1.0,0
94.52782510437478,1.0,1.0,0.45707092811927963,1.0,0.0,1.0,1
5.799066410036881,0.0,0.0,0.5292426184556215,1.0,0.0,0.0,0
33.36225869739155,0.0,1.0,0.7381049996361962,1.0,0.0,0.0,0
75.2734427157986,3.0,5.0,0.3636289103051412,1.0,0.0,0.0,1
4.499936414312268,0.0,0.0,0.7639333414883701,1.0,0.0,1.0,0
35.22492056836038,1.0,0.0,0.6967845920691114,1.0,0.0,0.0,0
40.55805116319199,0.0,2.0,0.7356724622848881,1.0,0.0,0.0,0
8.355620170067178,0.0,1.0,0.7554504391539854,1.0,1.0,0.0,0
0.0,0.0,1.0,0.8105027330356398,1.0,0.0,0.0,0
0.0,1.0,1.0,0.5552515524756731,1.0,0.0,0.0,1
13.669390271149338,1.0,0.0,0.9409332848618538,1.0,0.0,1.0,1
0.0,0.0,2.0,0.41302776709535716,0.0,1.0,1.0,0
5.65217940374238,0.0,1.0,0.32249374951845977,1.0,0.0,0.0,0
3.6464835744713984,1.0,1.0,0.2845146452475924,1.0,1.0,0.0,0
68.74151963146073,5.0,2.0,0.1990102436520315,1.0,0.0,1.0,1
23.957757073007446,0.0,1.0,0.8874806123261361,1.0,1.0,0.0,0
70.69129072039148,0.0,5.0,0.1806133915065292,1.0,0.0,1.0,1
20.477206276869563,1.0,2.0,0.5907998418979056,1.0,0.0,0.0,0
19.419554098811595,0.0,3.0,0.49710347020244866,1.0,0.0,1.0,1
20.295955598295272,0.0,0.0,0.47340102182347693,1.0,0.0,0.0,0
75.3337299187664,1.0,2.0,0.38763666071040354,0.0,0.0,1.0,1
82.39971533041901,0.0,1.0,0.13216410017694669,1.0,1.0,1.0,1
0.0,0.0,1.0,0.8586968720005344,1.0,0.0,0.0,0
30.60164017671606,0.0,2.0,0.2601654584130904,1.0,1.0,0.0,0
0.0,0.0,0.0,0.25394208913395105,1.0,1.0,1.0,0
63.463515768637045,5.0,1.0,0.20127132807318115,1.0,0.0,0.0,1
103.42481892742103,2.0,0.0,0.23839588099167708,0.0,1.0,0.0,1
0.0,1.0,1.0,0.9473312504724655,1.0,1.0,0.0,0
7.647209004202123,2.0,0.0,0.92006180646727,1.0,0.0,1.0,0
35.436631567753984,0.0,3.0,0.8872679254411928,1.0,0.0,1.0,1
3.7676333745426884,2.0,1.0,0.2408227303111442,1.0,0.0,1.0,1
45.95073964592301,0.0,2.0,0.8644373665138734,1.0,0.0,1.0,1
20.344896193337313,1.0,1.0,0.8720650823898523,1.0,0.0,0.0,0
56.81735156482661,1.0,1.0,0.3269517176300491,1.0,0.0,1.0,1
25.864834388838688,1.0,4.0,0.36975263901834654,1.0,0.0,1.0,0
15.254804658908562,2.0,0.0,0.5812908078768552,1.0,1.0,0.0,0
8.615872293348025,1.0,0.0,0.7832069087402894,1.0,1.0,0.0,0
33.78521322629519,0.0,1.0,0.8185680881696951,1.0,0.0,0.0,0
46.026462170994414,1.0,3.0,0.45631592687878286,1.0,1.0,0.0,1
80.1859443209626,0.0,0.0,0.6435438083439391,1.0,0.0,1.0,1
151.83856690912015,3.0,3.0,0.27915134070840747,1.0,0.0,0.0,1
41.428661850311904,2.0,1.0,0.4371397574547918,1.0,0.0,1.0,1
28.98273974156275,1.0,0.0,0.2404933185945855,1.0,0.0,0.0,0
14.01623124797305,0.0,0.0,0.26932269691711586,1.0,1.0,0.0,0
31.335751001505987,3.0,2.0,0.8953152771679249,1.0,1.0,1.0,1
27.33450443463402,1.0,1.0,0.5603275366555591,1.0,1.0,1.0,0
28.407736526654247,1.0,0.0,0.36006520732852654,1.0,1.0,1.0,0
33.78531442623858,2.0,0.0,0.5258619152192012,1.0,1.0,0.0,0
11.646954319612602,0.0,0.0,0.7801251089882555,1.0,0.0,0.0,0
26.034273463162467,1.0,4.0,0.8346273873045665,0.0,0.0,1.0,1
91.19929742010896,1.0,1.0,0.2883046771655326,1.0,0.0,0.0,0
64.276067876378,0.0,1.0,0.4764437541553851,1.0,1.0,1.0,0
103.52463072842238,1.0,0.0,0.25242383558183207,1.0,0.0,0.0,1
59.166817825828254,1.0,0.0,0.9356542142909204,1.0,0.0,0.0,0
0.0,1.0,0.0,0.920159686000596,1.0,1.0,0.0,0
33.07418747204889,5.0,1.0,0.15693982360105094,0.0,0.0,0.0,1
56.07606572528895,0.0,0.0,0.6231568447631242,1.0,1.0,1.0,0
18.860348053442348,0.0,4.0,0.5469495458863947,1.0,0.0,0.0,0
58.21960444351225,2.0,4.0,0.33648155391740714,1.0,0.0,0.0,1
42.66483778839397,1.0,0.0,0.935176776261041,1.0,1.0,0.0,0
67.98865514176923,0.0,2.0,0.6236126057643394,1.0,1.0,0.0,0
0.0,1.0,1.0,0.37735321035336633,1.0,1.0,0.0,0
46.55599862679199,1.0,1.0,0.4803614097181366,1.0,1.0,0.0,0
52.61151693128228,1.0,1.0,0.8374696316540055,0.0,0.0,1.0,0
0.0,2.0,3.0,0.5927628503640153,0.0,0.0,1.0,1
15.042291621704358,4.0,2.0,0.43904443910654467,1.0,1.0,1.0,1
0.0,2.0,1.0,0.5914452341032664,0.0,1.0,0.0,0
0.0,0.0,0.0,0.6218677146475865,1.0,1.0,0.0,0
94.66309078115205,0.0,1.0,0.612469923381072,1.0,1.0,0.0,1
24.826646074555917,0.0,0.0,0.4539203970865436,1.0,0.0,0.0,0
53.523071039181815,2.0,0.0,0.764228644688682,1.0,1.0,0.0,0
43.35005351858207,0.0,1.0,0.5171472780218329,1.0,1.0,0.0,0
25.304988698558375,1.0,1.0,0.5123313712016293,1.0,1.0,0.0,0
17.685053675413275,0.0,0.0,0.5960113287788993,1.0,1.0,1.0,0
195.16340181098036,0.0,3.0,0.10259612498949829,1.0,0.0,1.0,1
59.78306760554276,2.0,3.0,0.2844342387170549,1.0,0.0,1.0,1
0.0,0.0,1.0,0.7180018517010507,1.0,0.0,0.0,0
49.95119840634652,3.0,2.0,0.5286023988526514,1.0,0.0,1.0,1
0.0,0.0,1.0,0.9154525931594645,1.0,0.0,0.0,0
78.90062405551289,0.0,1.0,0.7803864462285901,1.0,0.0,0.0,0
17.602873214708264,1.0,1.0,0.4056291549295003,1.0,0.0,0.0,1
28.563668442805863,0.0,3.0,0.2184918711553885,0.0,0.0,0.0,1
40.68448099795026,6.0,3.0,0.1291014467702013,0.0,0.0,1.0,1
23.767907953474257,1.0,2.0,0.9894136995529971,1.0,1.0,1.0,0
63.04973413182637,0.0,1.0,0.601888191106098,1.0,0.0,0.0,0
0.0,0.0,0.0,0.8528406522488482,1.0,1.0,0.0,0
45.26309162423474,2.0,1.0,0.7098051131948121,1.0,0.0,0.0,1
95.18812464689353,1.0,3.0,0.37166531113408763,1.0,1.0,0.0,0
9.575841837500095,0.0,0.0,0.6667912522636961,1.0,1.0,1.0,1
47.512283906990106,0.0,1.0,0.790023666800777,0.0,1.0,1.0,0
3.8317076460135873,0.0,1.0,0.8996622204091154,1.0,0.0,0.0,1
50.21567678403621,0.0,1.0,0.5630552918481888,1.0,0.0,0.0,1
47.11032590046136,1.0,1.0,0.4794996697168902,1.0,1.0,1.0,0
3.605773186764093,2.0,0.0,0.21571664104331964,1.0,1.0,0.0,0
38.69300819812047,1.0,0.0,0.3147014556159227,1.0,0.0,0.0,0
10.287854539507606,1.0,5.0,0.5993221724187415,0.0,0.0,0.0,0
35.38882270651709,0.0,1.0,0.6396703079611101,1.0,0.0,0.0,0
23.034979734622745,2.0,2.0,0.961925892632737,1.0,0.0,0.0,1
14.793102311000698,1.0,1.0,0.49291447793934107,1.0,0.0,0.0,1
0.0,2.0,1.0,0.6711102720785949,1.0,1.0,0.0,0
101.8941631857753,0.0,1.0,0.5809386702509961,1.0,0.0,0.0,0
23.79870310035717,0.0,1.0,0.3902725103106043,1.0,0.0,0.0,0
90.50271923867618,0.0,5.0,0.8599801247394755,1.0,1.0,1.0,0
87.85048966237228,2.0,0.0,0.19370634638388956,1.0,0.0,0.0,0
0.0,0.0,1.0,0.7097142510975578,1.0,1.0,0.0,0
21.67468713108035,1.0,2.0,0.43123740428117696,1.0,0.0,1.0,0
0.0,0.0,0.0,0.7825129764204377,0.0,1.0,1.0,0
39.84969659359198,0.0,5.0,0.3952395732140394,0.0,0.0,1.0,1
84.36989793776459,1.0,2.0,0.8075825975606474,1.0,0.0,0.0,0
59.799911392074904,2.0,4.0,0.5324993554572534,1.0,0.0,1.0,1
88.52657072822987,1.0,1.0,0.5588377361339099,0.0,0.0,1.0,1
2.367088806428807,0.0,3.0,0.5693300364127523,1.0,1.0,1.0,1
0.0,2.0,0.0,0.5868958993130455,1.0,0.0,1.0,1
27.16247637156828,0.0,1.0,0.45510926262016477,1.0,1.0,1.0,0
14.99605110666452,0.0,0.0,0.6495938841128439,1.0,0.0,1.0,1
13.344036887339442,1.0,0.0,0.6648330229133992,1.0,1.0,0.0,0
17.899958581313925,1.0,2.0,0.6160412741283589,0.0,1.0,1.0,1
34.53043816832219,0.0,0.0,0.649982542797375,1.0,0.0,1.0,0
0.0,1.0,2.0,0.7541445642959114,1.0,0.0,0.0,0
38.220068206710934,1.0,2.0,0.6426910854378275,1.0,1.0,1.0,0
1.8585842932959693,1.0,1.0,0.40184766608737926,1.0,1.0,0.0,0
44.311635267051905,0.0,0.0,0.7218850238972245,1.0,1.0,0.0,0
11.59862244524522,0.0,0.0,0.6079191704788145,1.0,0.0,0.0,0
46.384034581997085,0.0,0.0,0.2595217584198483,1.0,0.0,0.0,0
0.25275951379505646,0.0,0.0,0.566444165715596,1.0,1.0,0.0,0
4.578576706912111,1.0,0.0,0.684593070235524,1.0,1.0,0.0,0
4.13344757924497,0.0,1.0,0.5434372922140185,1.0,1.0,0.0,0
43.80914762707825,0.0,0.0,0.36844590105207775,1.0,1.0,0.0,0
86.07734638117299,1.0,2.0,0.4818143893987051,1.0,0.0,0.0,1
49.52789052407164,1.0,0.0,0.6859360646527767,1.0,1.0,1.0,1
46.23189269225392,1.0,0.0,0.414592336364043,1.0,1.0,1.0,0
75.86990613168457,2.0,0.0,0.7211673221719451,1.0,0.0,1.0,0
38.64146453178594,0.0,1.0,0.7682414418281123,1.0,1.0,1.0,0
2.0555836212746,0.0,0.0,0.6020968038177945,1.0,0.0,0.0,0
0.16496381561027107,1.0,0.0,0.49265135499752494,1.0,0.0,0.0,0
26.889042266788678,1.0,1.0,0.7138755383334969,1.0,1.0,1.0,1
66.89856092690525,1.0,3.0,0.6318972093683513,1.0,1.0,1.0,0
39.04143272862992,3.0,0.0,0.27731726673796997,1.0,0.0,0.0,0
0.0,0.0,0.0,0.6980381482393221,1.0,0.0,0.0,0
27.209003719737876,1.0,1.0,0.8216564964814064,1.0,0.0,0.0,0
0.1599181909459384,0.0,0.0,0.7153828412199634,1.0,0.0,1.0,0
22.47552278323196,1.0,0.0,0.8922656019915899,0.0,0.0,0.0,0
15.219132239862791,1.0,0.0,0.5199187492072729,1.0,0.0,0.0,0
0.0,1.0,1.0,0.4255592957107254,1.0,0.0,1.0,0
24.85176542901408,1.0,1.0,0.46150366542035953,1.0,0.0,1.0,0
26.454478263089147,0.0,1.0,0.48596928965805203,1.0,1.0,0.0,0
5.664524449656033,6.0,1.0,0.8746210745374343,1.0,1.0,1.0,1
0.0,1.0,1.0,0.16842303432823152,1.0,1.0,0.0,0
20.233098692346896,0.0,1.0,0.9122595782122728,0.0,0.0,1.0,0
56.571845282199895,1.0,3.0,0.4087012612438313,1.0,0.0,1.0,1
22.550616161320978,0.0,1.0,0.7523514619370598,1.0,0.0,0.0,0
52.10744353134223,0.0,0.0,0.9096746958579266,1.0,0.0,0.0,0
2.911712565476054,1.0,2.0,0.6818721858899635,1.0,1.0,0.0,0
70.14435462803557,0.0,1.0,0.4572213857746181,1.0,1.0,1.0,0
57.76209054388644,1.0,3.0,0.05435653453621242,1.0,0.0,0.0,1
0.0,1.0,0.0,0.684529427738772,1.0,0.0,0.0,0
73.5971406402293,1.0,1.0,0.4459095451865889,1.0,0.0,0.0,0
27.04782431926801,0.0,0.0,0.40166792602976853,1.0,1.0,1.0,0
34.26153242992737,0.0,2.0,0.7447252995114124,0.0,0.0,0.0,0
13.330317695507196,1.0,2.0,0.24917831802549356,1.0,1.0,0.0,0
39.89224339569143,2.0,3.0,0.8810837725804506,1.0,0.0,1.0,1
39.76900791564002,3.0,0.0,0.5906440644313382,1.0,0.0,0.0,1
0.0,0.0,0.0,0.8985868965806545,1.0,1.0,0.0,0
115.85908846058386,0.0,1.0,0.3743033470380928,1.0,0.0,0.0,1
141.95512689689625,1.0,0.0,0.45113707613050213,1.0,1.0,0.0,0
15.665453668657094,1.0,2.0,0.3292679631684476,1.0,0.0,1.0,1
83.31238728430867,1.0,2.0,0.5961220753571674,1.0,0.0,0.0,1
1.891545418741451,0.0,2.0,0.6500655483936963,1.0,1.0,0.0,0
33.50790326426077,0.0,3.0,0.5424719964369564,1.0,1.0,1.0,1
117.75341200373359,1.0,2.0,0.5320043974060527,1.0,0.0,0.0,1
36.99774775619402,0.0,1.0,0.48134715636200204,1.0,0.0,0.0,0
53.48603006461316,0.0,1.0,0.38394988202766656,1.0,0.0,1.0,0
6.433522122988471,0.0,0.0,0.6628698743612296,1.0,0.0,1.0,0
66.83531463859966,1.0,1.0,0.2397481410087113,1.0,1.0,1.0,1
42.874207198395,5.0,2.0,0.5239480774621329,1.0,0.0,0.0,1
15.612032314614195,1.0,0.0,0.6202868088092323,1.0,1.0,0.0,0
124.08028587588659,0.0,1.0,0.20984250797257314,0.0,0.0,1.0,1
113.58610093541017,2.0,0.0,0.14933462996927885,0.0,0.0,1.0,1
57.002701143491265,0.0,0.0,0.5260568479912024,1.0,0.0,1.0,1
3.4453784293232452,1.0,0.0,0.7246666225842489,1.0,1.0,0.0,0
17.35532940583177,0.0,0.0,0.27559282323215634,1.0,0.0,0.0,0
30.89825676040681,0.0,1.0,0.6354388192753341,1.0,0.0,0.0,0
29.08991214145512,1.0,1.0,0.7089717594652547,1.0,1.0,0.0,0
101.1969462904238,0.0,2.0,0.43987394686003206,1.0,0.0,0.0,1
30.450850196793144,1.0,0.0,0.6799511028517122,0.0,1.0,0.0,0
46.45842812404398,2.0,2.0,0.8772378030200456,1.0,1.0,1.0,1
0.0,0.0,0.0,0.7003968031353961,0.0,1.0,0.0,0
40.3234835588259,1.0,1.0,0.8327379357669513,1.0,0.0,1.0,0
37.70183785716378,1.0,0.0,0.62943186704118,1.0,1.0,0.0,0
87.81344629245145,1.0,1.0,0.20682832291545344,1.0,1.0,0.0,1
25.5448818595388,1.0,1.0,0.7896725237422028,1.0,1.0,1.0,0
32.22914962867357,1.0,0.0,0.7095405902132215,1.0,1.0,0.0,0
0.0,1.0,1.0,0.6064427333607539,0.0,1.0,0.0,0
57.247093062772315,2.0,0.0,0.15147289940917302,1.0,0.0,1.0,1
6.284789066018865,1.0,1.0,0.9470479068887959,1.0,1.0,0.0,0
114.43141890455043,4.0,2.0,0.3183147288056373,1.0,0.0,1.0,1
79.49648373590117,0.0,3.0,0.44408527815616905,1.0,1.0,0.0,0
0.0,0.0,0.0,0.9327835405756505,1.0,0.0,1.0,0
0.0,1.0,0.0,0.6745708401611304,1.0,1.0,0.0,0
24.100987980070315,1.0,0.0,0.6838596112762979,1.0,0.0,0.0,1
94.86259062665464,2.0,0.0,0.9311602579222061,1.0,1.0,0.0,0
76.70271474761503,1.0,3.0,0.39368426328533374,1.0,0.0,1.0,1
9.714926224685819,1.0,1.0,0.5382567018662154,1.0,1.0,0.0,0
73.13469084021129,0.0,2.0,0.7775277866834258,1.0,1.0,1.0,0
13.6935524549064,0.0,1.0,0.37941501443193537,1.0,0.0,0.0,0
80.57116996849695,0.0,0.0,0.34275032075458833,1.0,0.0,0.0,0
11.029937159095054,0.0,2.0,0.6846620233962906,1.0,0.0,1.0,1
16.952702325204175,0.0,1.0,0.5161465724151698,1.0,0.0,0.0,0
23.757171509206096,0.0,0.0,0.6545478967154478,1.0,1.0,1.0,0
0.0,1.0,2.0,0.7403391034262143,1.0,0.0,0.0,0
35.61500907914705,1.0,3.0,0.3598560045755368,1.0,0.0,1.0,1
42.011963945373225,0.0,0.0,0.6024703638938015,1.0,0.0,0.0,0
0.0,0.0,2.0,0.7694664418706728,1.0,1.0,0.0,0
16.80021890236037,0.0,1.0,0.5235371983452751,1.0,1.0,0.0,0
29.848833854660832,1.0,2.0,0.7261514253168712,1.0,0.0,0.0,1
6.523314643364966,0.0,0.0,0.8470598069237147,1.0,1.0,0.0,0
48.941336166297944,0.0,0.0,0.7872703831220953,0.0,0.0,1.0,0
17.094644883581935,1.0,1.0,0.5345544951460505,1.0,1.0,0.0,1
87.67857025654124,1.0,0.0,0.2837531677591819,1.0,0.0,0.0,1
41.28424724500353,0.0,0.0,0.7258407138253915,1.0,0.0,1.0,0
22.894723823212384,1.0,1.0,0.27985203173449263,1.0,0.0,0.0,0
73.15953696666077,1.0,3.0,0.48401787800598783,1.0,0.0,0.0,1
28.800046685979805,1.0,1.0,0.5783437215692213,1.0,1.0,0.0,1
0.03204862922142038,0.0,0.0,0.18902478350113416,1.0,1.0,0.0,0
37.70585110294178,0.0,1.0,0.47343614053156985,1.0,1.0,0.0,0
0.0,0.0,1.0,0.9644293651342722,1.0,1.0,0.0,0
27.27418368673433,1.0,0.0,0.7543065642984527,1.0,0.0,1.0,0
123.70625418345021,1.0,3.0,0.24526341171722232,0.0,0.0,1.0,0
16.664287704123243,0.0,2.0,0.8615232649640584,1.0,1.0,0.0,0
32.10220953172112,0.0,1.0,0.4465891145779023,1.0,1.0,0.0,0
82.56975848238201,2.0,1.0,0.27572621067025804,1.0,0.0,0.0,0
14.287405084734388,0.0,0.0,0.30739851206858065,1.0,0.0,0.0,0
9.277831680846164,0.0,0.0,0.5661681830773742,1.0,1.0,0.0,0
7.5037941573502405,0.0,0.0,0.8767501111097936,1.0,0.0,0.0,0
3.845526689775305,1.0,4.0,0.7836628168632405,1.0,0.0,0.0,1
32.797396578805206,0.0,0.0,0.547351040173548,1.0,0.0,1.0,0
0.5652392660892627,1.0,0.0,0.5119805523775328,1.0,1.0,0.0,0
10.802753793204644,1.0,1.0,0.629570354005019,1.0,0.0,0.0,0
0.0,0.0,0.0,0.5136059819172704,1.0,1.0,0.0,0
0.0,0.0,0.0,0.6207065641952346,1.0,0.0,1.0,0
12.182467743767948,2.0,0.0,0.7322445072076817,1.0,1.0,1.0,1
64.27055366525563,1.0,0.0,0.5906044337860127,1.0,1.0,0.0,0
25.972131989252965,0.0,2.0,0.08248575756745376,1.0,0.0,1.0,1
0.0,0.0,0.0,0.8154283891001373,1.0,1.0,0.0,0
0.0,1.0,0.0,0.7604665257204614,1.0,1.0,1.0,0
21.31284480882878,0.0,1.0,0.5792828551366288,1.0,0.0,1.0,0
112.41930300388034,2.0,1.0,0.37489114853057937,1.0,1.0,1.0,1
21.864426950358435,1.0,0.0,0.6711415832490101,0.0,1.0,0.0,1
36.03631686188349,6.0,0.0,0.39607070259322363,0.0,1.0,1.0,1
41.66787348004284,0.0,2.0,0.2781749937930147,0.0,1.0,1.0,1
0.0,1.0,0.0,0.2484987908575535,1.0,1.0,1.0,0
44.161661960260986,2.0,6.0,0.6806299993170895,1.0,1.0,1.0,1
110.82112105712808,2.0,4.0,0.5383259490572289,1.0,0.0,1.0,1
12.141395027341034,2.0,2.0,0.8263694330612188,1.0,0.0,1.0,1
7.017568756897354,0.0,1.0,0.7862358015351234,1.0,1.0,1.0,0
33.991189373816674,1.0,1.0,0.6717598628808941,1.0,0.0,0.0,0
57.78109831179901,4.0,1.0,0.539545177606344,1.0,0.0,1.0,0
97.11096449032839,2.0,3.0,0.2667694660759693,1.0,0.0,1.0,1
13.88860826942365,0.0,1.0,0.3855065123826467,1.0,1.0,0.0,0
75.29525048537137,1.0,0.0,0.5885810698139393,1.0,0.0,0.0,0
23.242841582904028,0.0,1.0,0.7506609047976963,1.0,0.0,0.0,0
0.0,0.0,0.0,0.763322572493038,1.0,0.0,1.0,0
22.77067263546195,1.0,0.0,0.8590440114611012,1.0,1.0,1.0,0
45.65201221895792,2.0,0.0,0.09072126372098321,1.0,0.0,1.0,1
3.8032006578105615,1.0,0.0,0.6766920026872034,1.0,1.0,0.0,0
0.0,1.0,1.0,0.6215672207845722,1.0,1.0,0.0,0
25.11142496351131,4.0,5.0,0.6607963383887775,1.0,0.0,1.0,1
27.480434774298807,1.0,1.0,0.7496328355477753,1.0,0.0,1.0,0
89.28759022187809,1.0,4.0,0.1508118680070875,1.0,0.0,1.0,1
64.08584293167966,4.0,6.0,0.4850980981731278,1.0,0.0,1.0,1
9.646345603444537,2.0,1.0,0.4923241190047475,1.0,1.0,0.0,0
37.44548228935913,2.0,1.0,0.6767264999952686,1.0,0.0,0.0,1
0.0,0.0,0.0,0.8556017423216934,1.0,1.0,0.0,0
122.66725896859023,2.0,2.0,0.35688921175977906,1.0,1.0,1.0,0
30.173296176763124,1.0,0.0,0.7251744079252811,1.0,1.0,0.0,0
39.023495993049394,0.0,0.0,0.8453823610748583,1.0,0.0,1.0,1
8.068768163380586,0.0,0.0,0.5242465966829484,1.0,0.0,0.0,0
57.38802798201225,0.0,2.0,0.6693627155470341,1.0,1.0,0.0,1
50.18528564357969,0.0,4.0,0.848988967038188,1.0,1.0,1.0,0
0.0,1.0,0.0,0.12064403987241551,1.0,1.0,0.0,0
75.88548980618411,3.0,2.0,0.23170877481482344,0.0,0.0,1.0,1
48.51625979286836,2.0,2.0,0.6320345492093579,1.0,0.0,1.0,1
4.584314844410606,4.0,1.0,0.044441410715620876,1.0,0.0,0.0,1
49.45149170187981,0.0,3.0,0.6816837808725155,1.0,0.0,1.0,1
0.0,0.0,1.0,0.7924395250009835,1.0,1.0,0.0,0
20.8611674250151,1.0,3.0,0.7145802000525682,1.0,0.0,0.0,0
15.103605860596902,3.0,2.0,0.663085581244436,1.0,0.0,0.0,1
30.25514528094643,1.0,2.0,0.6088973734207302,1.0,1.0,0.0,0
6.450619251950781,1.0,2.0,0.7070829881735672,1.0,1.0,0.0,0
0.0,1.0,0.0,0.7214133345786073,1.0,1.0,0.0,0
20.90534976528505,0.0,3.0,0.9471418427132514,1.0,0.0,1.0,0
47.13169757953513,0.0,2.0,0.22718542117924703,1.0,0.0,1.0,1
56.47798847363319,2.0,3.0,0.49617535140293834,1.0,0.0,1.0,1
33.57744727983156,1.0,0.0,0.6994077371934192,1.0,1.0,0.0,0
37.273399796135884,1.0,2.0,0.9098785850070591,1.0,1.0,1.0,0
74.06032256965997,0.0,1.0,0.7769267919547858,1.0,1.0,1.0,0
20.481752289984748,3.0,6.0,0.4419541908734777,1.0,0.0,1.0,1
35.12756447364701,1.0,1.0,0.574355865434049,1.0,1.0,0.0,0
4.868227870679586,0.0,0.0,0.7709915162781692,1.0,0.0,0.0,0
0.0,0.0,0.0,0.4793028668066543,1.0,1.0,1.0,0
41.40215720624796,0.0,0.0,0.7243715478092069,1.0,0.0,1.0,0
42.64837455297483,0.0,2.0,0.2957480049521932,1.0,0.0,1.0,0
55.16968202689147,0.0,1.0,0.7435197045139955,1.0,0.0,0.0,1
42.57500149736153,0.0,1.0,0.7022286183769516,1.0,0.0,1.0,1
27.03843960890393,0.0,0.0,0.7986956734098025,0.0,0.0,0.0,0
8.651882175806536,0.0,3.0,0.4083257314159891,1.0,1.0,0.0,0
15.744675899343063,1.0,0.0,0.5930102932306998,1.0,0.0,0.0,0
52.77950287624691,1.0,0.0,0.30095260096300097,0.0,1.0,0.0,0
6.304458071002141,1.0,2.0,0.2570465320945501,1.0,0.0,0.0,0
7.7155873427892345,0.0,2.0,0.8194764934870401,1.0,1.0,1.0,0
14.163714460841051,1.0,0.0,0.9080267475804826,1.0,0.0,1.0,0
22.609712687594275,0.0,1.0,0.6538272681323591,1.0,1.0,1.0,0
62.05840623205898,1.0,0.0,0.7633251503463262,1.0,0.0,0.0,0
0.0,0.0,2.0,0.5538196490146201,1.0,0.0,0.0,0
31.275902597005288,0.0,0.0,0.8688981123984579,1.0,0.0,1.0,1
0.0,1.0,1.0,0.8196855529447256,1.0,1.0,1.0,0
34.73420895777751,1.0,2.0,0.444398610454984,1.0,1.0,0.0,0
0.0,0.0,0.0,0.6986426477103018,1.0,1.0,1.0,0
40.42832391543868,2.0,1.0,0.8385563343872411,1.0,1.0,1.0,1
38.792126390605624,0.0,2.0,0.4763202546185136,1.0,0.0,1.0,1
43.997470469779614,0.0,0.0,0.08843226317833436,1.0,0.0,0.0,0
69.4491841176374,0.0,2.0,0.46591021934325616,1.0,0.0,0.0,0
98.08295562053199,3.0,1.0,0.411924332066908,0.0,1.0,0.0,1
106.67271142661274,1.0,1.0,0.43798335880944556,1.0,0.0,1.0,1
26.02840498922629,0.0,0.0,0.6608418906692962,1.0,1.0,0.0,1
0.0,0.0,0.0,0.7196234168394416,1.0,1.0,1.0,0
80.4580924369852,2.0,2.0,0.8134002728126973,1.0,0.0,0.0,1
81.47060405702778,0.0,1.0,0.11605613863676627,1.0,0.0,1.0,0
11.664832082375154,1.0,0.0,0.9251057332777163,1.0,0.0,0.0,0
0.0,0.0,2.0,0.8887841013203955,1.0,0.0,1.0,0
23.12976355507771,0.0,0.0,0.51164215632459,1.0,0.0,0.0,0
0.0,0.0,1.0,0.41491134268981494,1.0,1.0,0.0,0
0.0,0.0,1.0,0.93407113106555,1.0,1.0,0.0,0
6.228762917779438,1.0,3.0,0.22290637828700943,1.0,1.0,0.0,0
35.169512299628344,0.0,1.0,0.11896407318945586,1.0,1.0,0.0,0
4.774910442425204,1.0,0.0,0.7071633030438128,0.0,0.0,0.0,0
38.50544218835337,0.0,1.0,0.4268467864107018,1.0,0.0,1.0,0
77.23761561321906,2.0,1.0,0.7744399782586003,1.0,1.0,1.0,0
42.8818947840801,0.0,1.0,0.8822783560751436,0.0,1.0,0.0,0
0.0,0.0,0.0,0.8708490401622281,1.0,0.0,0.0,0
35.42290256957144,0.0,0.0,0.59764521709024,1.0,0.0,1.0,0
53.15601719672834,0.0,0.0,0.825929675379673,1.0,1.0,0.0,0
96.00896851557812,1.0,0.0,0.4934080973677114,1.0,0.0,0.0,0
3.365288598763504,1.0,4.0,0.3791027086930046,1.0,0.0,1.0,0
15.103794230008091,0.0,1.0,0.48272081590781096,1.0,1.0,0.0,0
18.84583023538312,0.0,1.0,0.8432265764800572,1.0,1.0,1.0,0
11.186392055884964,3.0,2.0,0.2519955706589178,1.0,1.0,0.0,0
13.555947802028733,0.0,0.0,0.980229455299706,1.0,1.0,0.0,0
52.66649061887166,0.0,0.0,0.4918616950456417,1.0,1.0,1.0,1
0.0,1.0,1.0,0.7988469876697917,1.0,0.0,0.0,0
18.659775564481873,0.0,0.0,0.7871182681216926,1.0,0.0,0.0,0
0.0,1.0,1.0,0.7010207534152992,1.0,0.0,1.0,1
134.7870830510481,1.0,0.0,0.6340855724355676,1.0,0.0,1.0,1
24.832403914461754,0.0,2.0,0.5096706336422686,1.0,0.0,0.0,0
1.612968320243425,1.0,2.0,0.6437804960838485,1.0,1.0,0.0,1
0.0,0.0,3.0,0.4271190849353311,1.0,0.0,1.0,1
3.027154811389812,0.0,0.0,0.4136305681607178,1.0,0.0,0.0,0
26.933204172302457,0.0,2.0,0.6321850038144169,0.0,1.0,1.0,0
0.0,0.0,0.0,0.4506014279897291,1.0,1.0,0.0,0
8.557862802351814,0.0,1.0,0.5867372752276767,1.0,0.0,0.0,0
25.07625646066073,2.0,0.0,0.7481498764257242,0.0,0.0,0.0,1
38.46249614412622,4.0,1.0,0.13267309227474047,1.0,1.0,0.0,1
0.0,1.0,0.0,0.5258394501539717,1.0,0.0,0.0,1
45.230854745257446,0.0,1.0,0.836118866715378,1.0,1.0,0.0,1
95.08016294902758,1.0,3.0,0.15841350820444056,1.0,1.0,1.0,1
0.0,0.0,0.0,0.2629880770923017,1.0,0.0,0.0,0
18.859247721938942,1.0,1.0,0.5821628631860006,1.0,1.0,1.0,0
0.0,0.0,0.0,0.8398187059934156,1.0,1.0,0.0,0
21.093541538670898,0.0,1.0,0.9647714576647644,1.0,1.0,0.0,0
9.304364166995837,2.0,0.0,0.5967074454385851,0.0,1.0,0.0,0
43.718316874569354,2.0,1.0,0.6859361853363962,1.0,0.0,1.0,1
36.86678627206958,1.0,1.0,0.6347739194527747,1.0,1.0,0.0,1
0.0,0.0,0.0,0.13344340635971938,1.0,0.0,0.0,0
22.425421562443795,0.0,1.0,0.3951794238716193,1.0,0.0,0.0,0
5.625804579180844,0.0,0.0,0.8131036760704746,1.0,0.0,0.0,0
2.0551139099027704,0.0,1.0,0.39869929983365654,1.0,1.0,1.0,1
44.63312662733125,0.0,1.0,0.6173831795198923,1.0,0.0,1.0,1
5.940265402213004,1.0,1.0,0.8045990636071231,1.0,0.0,0.0,0
31.828792364833,0.0,0.0,0.5524172002818963,0.0,0.0,0.0,0
6.048844456564527,0.0,0.0,0.4289396318231231,1.0,1.0,1.0,0
0.0,0.0,0.0,0.37389390545804707,1.0,0.0,0.0,0
70.55692019976098,1.0,0.0,0.17522405245948366,0.0,0.0,1.0,1
24.316147726771938,1.0,1.0,0.9411419081073829,1.0,1.0,0.0,0
40.69943996618719,1.0,1.0,0.6411485612587806,0.0,1.0,0.0,0
0.0,0.0,0.0,0.6269732082538434,1.0,0.0,0.0,0
0.0,2.0,0.0,0.5546123692899291,1.0,1.0,0.0,1
77.18404726168221,1.0,2.0,0.5033376116710564,1.0,1.0,0.0,0
25.478892549821467,0.0,2.0,0.6008542213965679,1.0,1.0,0.0,0
0.0,1.0,0.0,0.8664339357088446,1.0,0.0,1.0,0
71.05653693681889,4.0,2.0,0.7826658583204371,1.0,0.0,1.0,1
9.336827720802413,0.0,0.0,0.4700431005780063,1.0,1.0,0.0,0
0.0,1.0,0.0,0.7036443075002015,1.0,1.0,0.0,0
8.770854399785527,0.0,1.0,0.5750329726509472,1.0,1.0,0.0,1
0.24030651118945556,1.0,1.0,0.5443384498524688,1.0,1.0,0.0,0
30.38893352435381,2.0,3.0,0.647826310730815,1.0,1.0,1.0,1
14.416401423130655,0.0,1.0,0.7947206642447944,1.0,0.0,0.0,0
40.59340067495797,0.0,1.0,0.3188536450241,1.0,1.0,1.0,0
8.788682222962859,0.0,1.0,0.5901551470215459,1.0,1.0,0.0,0
44.56093052624131,0.0,0.0,0.34681007350504545,1.0,1.0,0.0,0
49.68839001032594,0.0,1.0,0.2089834674649081,1.0,0.0,1.0,1
50.107328322766264,0.0,0.0,0.6637960754456672,1.0,1.0,0.0,0
13.573477336059028,0.0,1.0,0.565520135086391,1.0,1.0,0.0,0
10.123003811803969,0.0,0.0,0.7069731973029646,1.0,1.0,0.0,1
9.373505332559727,1.0,2.0,0.40382800589509027,1.0,1.0,0.0,0
0.0,3.0,1.0,0.594594970664641,1.0,0.0,0.0,0
21.875738402920877,1.0,2.0,0.677293221112094,1.0,0.0,1.0,1
5.909059391647841,0.0,1.0,0.7414603999857933,1.0,1.0,0.0,0
3.515330217775337,3.0,4.0,0.8209705632874091,1.0,0.0,1.0,1
89.82246032966793,0.0,0.0,0.1342182939177278,1.0,1.0,1.0,0
70.5578766428869,1.0,3.0,0.7553705464951349,1.0,0.0,0.0,1
1.3019048389626633,0.0,3.0,0.8820898172187717,1.0,1.0,1.0,1
34.46517983095316,1.0,0.0,0.7353752859618602,1.0,1.0,0.0,0
32.065322464191354,3.0,0.0,0.9212423772553086,1.0,1.0,0.0,0
66.80872603276714,0.0,0.0,0.7802900180413866,1.0,1.0,0.0,0
18.477740026781685,1.0,0.0,0.15278667898734777,1.0,0.0,0.0,1
46.859279738754175,1.0,0.0,0.4470687480725185,0.0,1.0,1.0,0
0.0,0.0,1.0,0.4858731270344466,1.0,1.0,1.0,0
90.40778302186568,2.0,4.0,0.10006114525796865,1.0,0.0,0.0,1
0.0,0.0,0.0,0.730476583498013,1.0,1.0,0.0,0
113.73211115619927,0.0,1.0,0.5072101384020399,1.0,0.0,0.0,1
53.805830275403565,3.0,3.0,0.8009315048783323,1.0,0.0,1.0,1
0.0,1.0,1.0,0.6274116962028502,1.0,1.0,0.0,0
55.30059400466073,3.0,3.0,0.424063892084946,1.0,1.0,0.0,1
36.8313699881417,0.0,4.0,0.7070728468322365,1.0,0.0,0.0,1
130.57657954143366,1.0,2.0,0.21816888589565897,1.0,0.0,0.0,1
53.15011099949618,0.0,0.0,0.3130098389295796,1.0,0.0,0.0,0
42.62920438711834,0.0,1.0,0.7272174941338324,1.0,0.0,0.0,0
14.167295787070662,0.0,0.0,0.6671985546298551,1.0,1.0,0.0,0
22.741106191978417,0.0,1.0,0.7583689097616612,1.0,1.0,0.0,0
35.84666190649412,2.0,1.0,0.8796537713574284,1.0,1.0,1.0,0
42.21436910211567,0.0,0.0,0.45097834673555615,1.0,0.0,0.0,0
0.0,0.0,0.0,0.609953707724944,1.0,1.0,1.0,0
51.125548666386145,0.0,2.0,0.9832408697507906,1.0,1.0,0.0,0
53.53001768490532,1.0,0.0,0.4931548199673538,1.0,1.0,0.0,0
70.70412596267401,0.0,0.0,0.1047311633076443,1.0,0.0,1.0,1
88.17164514456961,3.0,2.0,0.4620153805881352,1.0,0.0,1.0,1
38.7953970138781,0.0,0.0,0.5254316973941773,1.0,0.0,0.0,0
34.15560831906239,1.0,0.0,0.7546357511613944,0.0,1.0,0.0,0
75.93790806225091,1.0,2.0,0.40758683169964094,1.0,0.0,0.0,1
12.946319910391418,0.0,0.0,0.6568599926353461,1.0,0.0,0.0,0
47.786505660978406,1.0,2.0,0.4369751245693554,1.0,0.0,1.0,1
0.0,0.0,0.0,0.5715632683181994,1.0,1.0,1.0,0
18.57499946624099,1.0,1.0,0.3633224981227173,1.0,0.0,1.0,0
101.77511556667342,1.0,3.0,0.43577514371181036,1.0,0.0,0.0,1
3.413530375919416,0.0,0.0,0.3721147567708447,1.0,0.0,0.0,0
38.65217755146978,0.0,2.0,0.6948858571586473,1.0,0.0,1.0,1
59.12264239515128,1.0,0.0,0.7129788053154535,1.0,1.0,0.0,0
5.980101647815516,5.0,0.0,0.7171015025449845,1.0,0.0,1.0,1
0.0,0.0,0.0,0.9516175033686906,1.0,1.0,1.0,0
87.13815104111912,0.0,0.0,0.8725554074957083,1.0,1.0,0.0,0
64.69974775312375,1.0,1.0,0.5968135283387835,0.0,0.0,0.0,0
39.27634339055258,0.0,3.0,0.3648478013296281,0.0,0.0,0.0,0
98.01642256398871,0.0,0.0,0.706672520784516,1.0,1.0,1.0,0
16.349943852980427,2.0,5.0,0.483896235221293,0.0,0.0,1.0,1
0.0,1.0,0.0,0.7562753013206709,1.0,1.0,0.0,0
55.84900417434123,4.0,0.0,0.40406819397062743,0.0,0.0,1.0,1
118.19709621297937,2.0,1.0,0.1657578739991989,1.0,0.0,1.0,1
60.79440455349069,0.0,0.0,0.45853219543176077,1.0,0.0,0.0,0
27.60932855625167,0.0,2.0,0.8039604938742505,1.0,1.0,0.0,1
13.293503662135569,0.0,1.0,0.8431363454747001,1.0,1.0,0.0,0
12.833883130136844,1.0,1.0,0.6233905237709232,1.0,0.0,1.0,0
62.852720190519406,2.0,2.0,0.10488878240103149,0.0,0.0,1.0,1
64.66999700826662,1.0,0.0,0.611937338217951,0.0,1.0,0.0,0
46.40550497888694,4.0,2.0,0.5330806184269905,1.0,0.0,1.0,1
0.0,1.0,0.0,0.8033486104222277,1.0,0.0,0.0,0
0.0,0.0,1.0,0.47814622158077663,0.0,1.0,1.0,0
0.0,4.0,0.0,0.845993837267881,1.0,1.0,1.0,1
10.789814333288794,2.0,0.0,0.7681851900333259,1.0,1.0,1.0,0
47.72697450759403,0.0,1.0,0.37380491391343823,1.0,0.0,0.0,1
39.7541423701131,0.0,2.0,0.4333824689076918,1.0,1.0,1.0,1
67.68061430378846,0.0,0.0,0.5776006969861953,1.0,1.0,0.0,0
50.46206064365213,1.0,2.0,0.4942868405384228,0.0,0.0,0.0,1
11.071694809536654,0.0,3.0,0.8605336980257206,1.0,1.0,1.0,1
18.218688665189532,2.0,3.0,0.4998773867690168,0.0,0.0,1.0,1
15.60063843975597,0.0,3.0,0.4565399716690903,1.0,0.0,1.0,1
38.585123316555574,1.0,1.0,0.8745468588503268,1.0,0.0,1.0,0
49.0536789671453,0.0,2.0,0.8080960683553028,1.0,1.0,0.0,1
3.8472446477218156,0.0,0.0,0.3730351142744348,1.0,0.0,1.0,0
47.581410474329466,1.0,0.0,0.8085776424814761,1.0,1.0,0.0,0
5.960977099869958,0.0,0.0,0.8258256776627572,1.0,1.0,0.0,0
66.24637004851468,0.0,2.0,0.4910405619878873,0.0,1.0,1.0,0
24.080288139124356,2.0,1.0,0.8626846655157762,1.0,0.0,0.0,0
43.91311264844448,2.0,2.0,0.5163014608315883,1.0,0.0,1.0,1
24.930505289932746,1.0,0.0,0.2699403393508558,1.0,0.0,1.0,0
51.89685834083943,1.0,1.0,0.7226107196588367,1.0,0.0,0.0,0
10.680709247979921,1.0,0.0,0.6564745971953474,1.0,1.0,1.0,0
0.0,2.0,0.0,0.7119420226922515,1.0,1.0,0.0,0
63.22214457864154,0.0,1.0,0.6262846670190034,1.0,1.0,0.0,0
13.696433812754744,0.0,0.0,0.5736068905084443,1.0,0.0,0.0,0
0.0,1.0,0.0,0.7107383323707811,1.0,1.0,0.0,0
38.30312098772686,5.0,3.0,0.2178223143071746,1.0,1.0,1.0,1
0.0,0.0,3.0,0.307674350260798,1.0,0.0,0.0,0
0.0,0.0,1.0,0.4571212640854068,1.0,1.0,1.0,0
40.25739895426319,2.0,1.0,0.5813735450587165,1.0,1.0,1.0,1
54.65835554806419,0.0,6.0,0.3561902880685718,0.0,0.0,0.0,1
0.0,1.0,3.0,0.956360268028415,1.0,0.0,0.0,0
0.0,2.0,0.0,0.41422315285445116,1.0,1.0,0.0,0
10.449502003902827,1.0,0.0,0.3086156860430979,0.0,1.0,0.0,0
0.0,1.0,0.0,0.7704996467433883,1.0,1.0,1.0,0
0.0,1.0,1.0,0.5960315542742646,1.0,1.0,1.0,0
0.0,0.0,1.0,0.24694471445187616,1.0,0.0,0.0,0
4.154593943539618,1.0,0.0,0.4863326698315651,1.0,1.0,0.0,0
69.53021370831212,0.0,0.0,0.6658786821874939,1.0,1.0,1.0,0
103.53681983933492,1.0,3.0,0.4131911267345318,1.0,0.0,1.0,1
0.0,1.0,2.0,0.8286700545032536,1.0,1.0,0.0,0
56.866878078173784,0.0,0.0,0.5118735357468265,1.0,0.0,0.0,0
48.094361877504184,1.0,4.0,0.15191554178771746,1.0,0.0,1.0,1
0.0,1.0,1.0,0.26595439050982644,1.0,1.0,0.0,0
83.0251456023919,0.0,1.0,0.13536779292644952,1.0,0.0,0.0,1
32.470077307960516,0.0,2.0,0.7704944800457604,1.0,0.0,0.0,1
4.070539489002855,1.0,0.0,0.7459453192295828,1.0,0.0,0.0,0
10.849394180852858,0.0,0.0,0.5853494519658506,1.0,0.0,0.0,0
0.0,1.0,1.0,0.9351704010332123,0.0,0.0,0.0,0
19.353348282088568,0.0,2.0,0.6096447908616305,1.0,1.0,1.0,1
33.75299484229028,0.0,0.0,0.2528185418347876,1.0,0.0,0.0,0
18.166657613886304,0.0,0.0,0.6969513916015314,1.0,0.0,0.0,0
32.68268760648761,0.0,0.0,0.8044191960561161,1.0,0.0,1.0,0
1.4352941730102806,0.0,0.0,0.30050702578671723,1.0,1.0,0.0,0
65.62692076164421,1.0,0.0,0.4188133003156264,1.0,1.0,0.0,0
25.649340821435697,0.0,1.0,0.46842968296184356,1.0,0.0,0.0,0
76.06295005764302,3.0,2.0,0.3777530503858241,1.0,1.0,1.0,0
0.0,0.0,1.0,0.762577203069744,1.0,1.0,0.0,0
35.89126947920123,0.0,0.0,0.9202561434158208,1.0,0.0,0.0,0
20.48811123661706,0.0,2.0,0.5019715408027047,1.0,1.0,0.0,0
36.959151657255354,1.0,4.0,0.6715722541689602,1.0,1.0,1.0,1
62.1212324226203,0.0,1.0,0.29443262396310527,1.0,0.0,0.0,1
17.227727803939825,1.0,2.0,0.8689866063955313,1.0,1.0,0.0,0
140.10696830365498,1.0,0.0,0.272178382375599,0.0,1.0,0.0,1
41.82793363583708,1.0,0.0,0.5332541763613385,1.0,0.0,1.0,1
8.66074644357245,0.0,1.0,0.5382072960399813,1.0,1.0,0.0,0
0.0,1.0,1.0,0.697507865566024,1.0,1.0,0.0,0
29.562055231637245,2.0,2.0,0.7238299074349037,1.0,1.0,1.0,1
10.737257270089822,0.0,1.0,0.619409793068958,1.0,1.0,0.0,0
135.26350007633633,0.0,0.0,0.665401564332151,0.0,1.0,0.0,0
77.32937127846438,1.0,3.0,0.6200349893223668,1.0,1.0,0.0,0
0.0,0.0,0.0,0.801979703153118,0.0,1.0,1.0,0
10.360483256107543,0.0,3.0,0.8642159136464166,1.0,0.0,1.0,0
43.89847088112445,0.0,3.0,0.1564229313404512,0.0,0.0,0.0,0
29.024741208295065,3.0,5.0,0.5399763224383756,1.0,0.0,0.0,1
110.79522985198616,1.0,2.0,0.5424197340067642,1.0,1.0,1.0,1
22.963766582945226,1.0,1.0,0.6212228179800666,1.0,1.0,0.0,1
22.308360930022012,0.0,3.0,0.6270994221607219,1.0,1.0,1.0,0
46.96818789086416,0.0,0.0,0.6044503210387066,1.0,1.0,0.0,0
13.743926605981144,1.0,1.0,0.5655514338491259,0.0,1.0,1.0,1
6.596098894563347,0.0,0.0,0.8091310070807742,0.0,1.0,1.0,0
128.30101884603502,0.0,0.0,0.5321863701069177,0.0,0.0,1.0,1
42.54319313681049,0.0,1.0,0.6914275379948643,1.0,1.0,0.0,0
118.59222409246323,2.0,2.0,0.17198634027137855,1.0,0.0,1.0,0
8.680284255170674,0.0,1.0,0.6439177882023986,1.0,0.0,1.0,0
20.304711684857615,0.0,0.0,0.9362302706662775,1.0,0.0,0.0,0
4.186596824248121,0.0,2.0,0.3049959502695957,1.0,0.0,0.0,0
45.25574399602617,2.0,6.0,0.7222425947573691,1.0,0.0,1.0,1
0.0,1.0,1.0,0.7107500747360711,1.0,0.0,0.0,0
0.8505412223023665,1.0,0.0,0.8199975048161549,1.0,0.0,0.0,0
8.086336150494821,0.0,3.0,0.5106345584757509,1.0,1.0,0.0,0
4.758745609347734,1.0,1.0,0.5171237899662425,1.0,1.0,0.0,0
34.85665790732619,0.0,0.0,0.6181759062158684,0.0,1.0,0.0,0
37.82764177511963,0.0,0.0,0.5934804927545954,1.0,1.0,1.0,0
70.59061864971596,2.0,3.0,0.7253017341209075,1.0,0.0,0.0,1
0.10835638132870073,0.0,0.0,0.9160722719968794,1.0,1.0,0.0,1
65.71616510065675,5.0,2.0,0.3498112066760101,0.0,0.0,1.0,1
0.0,0.0,1.0,0.5597024733512748,1.0,0.0,0.0,0
0.0,0.0,3.0,0.7916971251126278,1.0,0.0,1.0,0
8.712233624614633,1.0,0.0,0.5832141418012766,1.0,1.0,1.0,0
20.176368825308092,0.0,1.0,0.3681770593627517,1.0,1.0,1.0,0
8.080575102159186,0.0,1.0,0.8732597631291348,1.0,0.0,0.0,0
0.0,0.0,2.0,0.6553100026801745,1.0,1.0,0.0,0
19.297027619744803,1.0,4.0,0.7666316355183371,1.0,1.0,0.0,1
0.0,1.0,0.0,0.6863096780658479,1.0,1.0,0.0,0
44.51028975234344,6.0,1.0,0.6679683423593185,1.0,0.0,0.0,1
62.61945203228201,0.0,3.0,0.285656657155401,1.0,0.0,0.0,1
78.32740457831893,3.0,2.0,0.7231955033648532,1.0,0.0,1.0,0
10.404378523082235,1.0,0.0,0.3786917178246737,1.0,0.0,0.0,0
0.0,0.0,1.0,0.4300243956069095,1.0,1.0,0.0,0
4.854785062133186,2.0,2.0,0.7958361797971123,1.0,1.0,0.0,0
0.0,1.0,1.0,0.5066291684827005,1.0,0.0,0.0,0
53.52432546104842,0.0,2.0,0.4132431426832369,1.0,0.0,1.0,1
21.36691182890696,0.0,1.0,0.40964161682986044,1.0,0.0,0.0,0
41.94922937978394,0.0,2.0,0.8365741088174913,1.0,0.0,1.0,1
20.654146714827355,1.0,4.0,0.8717957778358096,1.0,0.0,1.0,1
98.48414766368457,2.0,0.0,0.47573560180493063,1.0,0.0,1.0,1
16.76234493095427,2.0,2.0,0.6822788966377568,1.0,1.0,1.0,0
22.062803415522303,1.0,0.0,0.7481463373928073,0.0,0.0,1.0,0
22.801821944636345,1.0,0.0,0.7595063584000916,1.0,0.0,1.0,0
59.85302192655476,1.0,1.0,0.8972518692421114,1.0,1.0,1.0,0
10.434035310079539,1.0,2.0,0.48977533390906913,1.0,1.0,0.0,1
0.0,1.0,0.0,0.7714716736205399,1.0,0.0,0.0,0
18.524577870736437,0.0,1.0,0.5920882175593162,1.0,0.0,0.0,0
100.73241782049128,2.0,0.0,0.07517482321139364,1.0,0.0,0.0,1
44.41830025237428,0.0,2.0,0.8425056964425086,1.0,0.0,1.0,1
0.0,1.0,0.0,0.6134253664012487,1.0,1.0,0.0,0
4.742921995833008,0.0,2.0,0.2294287317009424,0.0,1.0,0.0,1
21.180302334872266,0.0,2.0,0.6870646449691906,1.0,0.0,1.0,0
8.79718854653255,0.0,0.0,0.7001803893171971,1.0,1.0,0.0,0
25.92925282997689,1.0,1.0,0.6482581794914024,1.0,1.0,0.0,0
35.7736043420794,0.0,0.0,0.43713537976155115,1.0,1.0,1.0,0
0.0,1.0,0.0,0.5538463655996456,1.0,0.0,0.0,0
39.95751245886164,0.0,0.0,0.6323952645098596,1.0,0.0,0.0,1
10.81921866449563,0.0,2.0,0.423160495687565,1.0,0.0,1.0,0
8.794745572342197,1.0,1.0,0.7957037725687276,1.0,0.0,1.0,0
34.185290943687434,0.0,0.0,0.46453160371982855,1.0,1.0,0.0,1
8.213734079196541,1.0,1.0,0.4958347548078821,1.0,1.0,0.0,0
0.0,1.0,1.0,0.46882901895463536,1.0,1.0,0.0,0
55.51968230648389,1.0,2.0,0.3995987162880314,1.0,0.0,0.0,1
61.176182465501476,2.0,1.0,0.22951867362012274,1.0,0.0,1.0,1
0.2734429254070321,0.0,0.0,0.6291913799330066,1.0,1.0,0.0,1
12.865956192390955,2.0,0.0,0.8367050998083403,1.0,1.0,0.0,0
49.37414204500461,3.0,1.0,0.4117839284496693,1.0,0.0,1.0,1
0.0,0.0,1.0,0.9495260098372663,0.0,1.0,0.0,0
49.94917309622389,1.0,0.0,0.4880050724727745,1.0,0.0,0.0,1
54.77620573980604,0.0,1.0,0.6915082184568718,1.0,1.0,1.0,0
22.027017263790515,0.0,1.0,0.46006536312034074,1.0,1.0,0.0,0
0.0,0.0,1.0,0.7411102079745379,1.0,1.0,0.0,0
4.00804594769257,0.0,1.0,0.5237686890660246,1.0,1.0,0.0,0
80.14500190359783,0.0,0.0,0.5773044625191581,1.0,1.0,0.0,0
86.81263243345379,1.0,1.0,0.1423228649381437,1.0,0.0,0.0,1
48.60601071751025,0.0,1.0,0.4657087577732973,1.0,0.0,0.0,0
49.50007826946958,0.0,1.0,0.913662075146073,1.0,0.0,0.0,0
26.75053357591235,1.0,1.0,0.9141863985964154,1.0,1.0,0.0,0
24.59427179454716,1.0,1.0,0.7662066261420547,1.0,1.0,0.0,0
49.70305116455289,2.0,1.0,0.8598224174840055,1.0,1.0,0.0,0
49.22800902801599,0.0,0.0,0.811281521064809,1.0,0.0,0.0,0
0.0,1.0,0.0,0.8521963524873738,1.0,1.0,0.0,0
0.0,1.0,0.0,0.6858606282420769,1.0,0.0,0.0,0
13.892444066036445,1.0,1.0,0.7829968375051892,1.0,0.0,0.0,0
15.172477452555103,2.0,1.0,0.24059742308786278,1.0,1.0,1.0,0
25.429729304901652,0.0,3.0,0.2914212875101389,1.0,0.0,1.0,1
18.237589909422468,1.0,0.0,0.8138293402499314,1.0,1.0,0.0,0
44.842410212497654,1.0,0.0,0.5995377660086596,1.0,1.0,1.0,0
28.6023783581741,1.0,2.0,0.5993349718649189,1.0,1.0,1.0,0
33.102785943213945,1.0,0.0,0.509824774790786,1.0,1.0,0.0,0
0.0,0.0,0.0,0.29850909303402595,1.0,1.0,0.0,0
2.8457948465535967,0.0,2.0,0.7113136165374029,1.0,0.0,0.0,0
7.73651838236221,0.0,0.0,0.7995518187314719,1.0,0.0,0.0,0
0.0,0.0,0.0,0.523690828886121,0.0,1.0,0.0,0
52.7941376340921,0.0,4.0,0.4558455270898174,1.0,0.0,0.0,1
43.21410061509054,0.0,1.0,0.5687088415052891,1.0,0.0,0.0,0
3.505426360794885,1.0,0.0,0.428037003087613,1.0,1.0,0.0,0
31.248141911197525,1.0,0.0,0.6751537052142682,1.0,0.0,0.0,0
0.0,1.0,2.0,0.6977733218921263,1.0,0.0,0.0,0
19.0589747648313,1.0,3.0,0.7214666424700742,1.0,0.0,0.0,1
62.528487301525004,0.0,0.0,0.27984368098113305,1.0,1.0,0.0,1
15.070753272824494,0.0,0.0,0.8379925352863575,1.0,0.0,1.0,0
18.143002041336565,1.0,1.0,0.9259041328267876,1.0,0.0,0.0,0
6.238280245090602,1.0,2.0,0.42816791198725557,1.0,0.0,0.0,0
0.0,0.0,1.0,0.3987355463651279,1.0,1.0,0.0,0
6.901562184090318,0.0,2.0,0.363042099966266,0.0,0.0,0.0,0
15.038631841022852,1.0,4.0,0.5332130577791389,1.0,0.0,0.0,1
59.86186303930375,0.0,0.0,0.725877221007299,1.0,0.0,1.0,1
61.35515095642589,0.0,1.0,0.2119159642496554,1.0,1.0,1.0,1
17.373894767226098,0.0,0.0,0.6751504815186676,1.0,0.0,1.0,1
34.54488530693436,0.0,0.0,0.7577334965201761,1.0,0.0,1.0,0
78.56951587747866,0.0,0.0,0.7936236831298632,1.0,0.0,0.0,0
1.2525173954594635,1.0,0.0,0.8066480917172536,1.0,1.0,0.0,0
14.246518940729853,2.0,3.0,0.7800407816613384,0.0,0.0,1.0,1
0.0,0.0,1.0,0.34570654150188174,1.0,0.0,1.0,0
15.055659482320639,0.0,1.0,0.802300527588007,1.0,0.0,1.0,0
0.0,1.0,0.0,0.5897580845904984,1.0,0.0,0.0,1
37.883950265002696,0.0,0.0,0.2488665826404014,1.0,1.0,0.0,0
28.699516773827746,1.0,1.0,0.5492271501809156,1.0,1.0,1.0,1
0.0,0.0,2.0,0.6398327815037738,1.0,1.0,0.0,0
32.80969237929813,2.0,2.0,0.44786983625211374,1.0,0.0,1.0,1
33.217176460122126,0.0,3.0,0.50077205242322,1.0,1.0,0.0,0
0.0,2.0,1.0,0.2626139791047371,1.0,0.0,0.0,0
30.05142320353955,0.0,0.0,0.7619959436496049,0.0,0.0,0.0,0
58.234042591591695,2.0,2.0,0.8291954527209334,1.0,1.0,0.0,0
107.37623821131355,4.0,3.0,0.294823726924934,1.0,0.0,1.0,1
37.35293720550779,1.0,0.0,0.6885564485553354,1.0,0.0,0.0,0
7.769746988457705,0.0,1.0,0.5335069913010728,1.0,0.0,0.0,0
20.10610834057215,1.0,2.0,0.6519375272292004,1.0,0.0,0.0,0
9.745681152731944,0.0,0.0,0.36601316797740613,1.0,0.0,0.0,0
10.93308525746384,1.0,1.0,0.7832906712611395,1.0,1.0,1.0,0
96.42727873340544,4.0,4.0,0.640902261384639,1.0,0.0,1.0,1
10.887488466642484,1.0,0.0,0.22676499602502695,1.0,0.0,0.0,0
0.0,0.0,1.0,0.7519832321671719,0.0,1.0,0.0,0
16.64778388642576,2.0,1.0,0.24798220691027542,1.0,1.0,0.0,1
0.0,0.0,0.0,0.7800299721439253,1.0,1.0,0.0,0
0.0,2.0,1.0,0.5345782390085292,1.0,0.0,1.0,0
0.0,1.0,0.0,0.874325165321761,1.0,1.0,0.0,0
0.0,3.0,4.0,0.6027705356007326,1.0,0.0,0.0,1
8.762764873043798,0.0,0.0,0.5606600076550878,1.0,0.0,1.0,0
0.0,0.0,1.0,0.8109007320203511,1.0,1.0,0.0,0
117.92614855893582,1.0,0.0,0.6575533492603978,1.0,0.0,0.0,0
27.705177547715188,1.0,1.0,0.6336355318980216,1.0,1.0,0.0,0
20.2307338826681,2.0,0.0,0.5167829259734845,1.0,1.0,0.0,0
27.934360160253078,0.0,3.0,0.681626304634528,1.0,0.0,0.0,0
1.692418981761512,0.0,0.0,0.7160046605247119,1.0,1.0,0.0,0
0.0,1.0,0.0,0.7187823722863567,1.0,0.0,1.0,0
120.16112844454892,1.0,2.0,0.28782731292953395,1.0,0.0,0.0,1
46.96952475770959,0.0,0.0,0.28914438849359814,1.0,0.0,0.0,1
123.60905319890261,0.0,1.0,0.32897739951881666,1.0,0.0,1.0,1
0.0,1.0,2.0,0.2847628348746295,1.0,1.0,0.0,0
0.9379811502972901,1.0,0.0,0.7967085149602948,1.0,1.0,0.0,0
103.97663422785976,1.0,2.0,0.28179321851532113,1.0,0.0,0.0,1
45.28702382633601,0.0,2.0,0.46184095767521854,1.0,0.0,0.0,0
58.21366220191695,0.0,0.0,0.9508963776696164,1.0,0.0,0.0,0
18.82328795493661,0.0,1.0,0.184960122840372,1.0,0.0,1.0,1
86.5539365391592,0.0,3.0,0.6180089863131798,1.0,1.0,0.0,0
0.0,1.0,0.0,0.47785011254554977,0.0,1.0,1.0,0
5.979198238477016,2.0,0.0,0.7932592450412155,1.0,1.0,0.0,0
72.03385228171337,4.0,3.0,0.3164755376175302,1.0,0.0,1.0,1
61.438635724635795,2.0,2.0,0.32572085418677044,1.0,0.0,1.0,1
2.5845072013157875,3.0,0.0,0.13187220399291033,1.0,0.0,1.0,1
73.85828249659946,2.0,0.0,0.7239414134697094,1.0,0.0,0.0,0
14.636354756932882,0.0,0.0,0.6394608196325394,1.0,0.0,0.0,0
27.20604783895273,1.0,0.0,0.16059923573681217,1.0,0.0,1.0,1
0.0,0.0,0.0,0.6226725496162732,1.0,0.0,0.0,0
20.04635222279317,0.0,0.0,0.4803704985972611,1.0,0.0,1.0,0
29.453140613000578,0.0,0.0,0.8438329630498245,1.0,1.0,0.0,0
8.057617442117424,0.0,0.0,0.36354478498376624,1.0,0.0,0.0,0
14.06256157360168,0.0,0.0,0.68282112124368,1.0,1.0,0.0,0
109.52346885632922,3.0,5.0,0.1465857943211823,1.0,0.0,1.0,1
53.690554470464356,0.0,0.0,0.9055484499593469,1.0,1.0,0.0,0
24.134220558602962,1.0,0.0,0.39175210921302234,1.0,1.0,0.0,0
0.0,0.0,0.0,0.7341893665277565,1.0,1.0,0.0,1
11.477630964571333,0.0,1.0,0.8264245230211746,1.0,0.0,0.0,1
40.754382671830236,1.0,1.0,0.5092926544812434,1.0,0.0,0.0,1
29.30202958979133,0.0,1.0,0.6308781679667192,1.0,0.0,1.0,1
7.120211782158369,0.0,0.0,0.46173522454309784,0.0,1.0,0.0,0
30.27874077226987,0.0,1.0,0.6561251813990229,1.0,1.0,1.0,0
81.28364924629086,4.0,2.0,0.28783843200602427,1.0,1.0,1.0,1
19.235832952518503,1.0,1.0,0.6995750011585226,1.0,1.0,0.0,0
56.521878299270945,1.0,0.0,0.8638304192137191,1.0,0.0,0.0,1
24.628625863569013,0.0,0.0,0.5060131324269832,1.0,0.0,0.0,0
28.814189619099434,0.0,0.0,0.6553904635397453,1.0,1.0,0.0,0
25.062044266520928,0.0,1.0,0.45806425240218196,1.0,1.0,0.0,0
19.81694741781594,1.0,0.0,0.7193580250655935,1.0,1.0,0.0,0
0.0,0.0,2.0,0.3132975409148978,1.0,1.0,0.0,0
51.97049572390863,0.0,2.0,0.7444877105386806,1.0,0.0,0.0,1
52.954988998408695,0.0,0.0,0.7519941244303723,1.0,1.0,0.0,0
0.0,0.0,1.0,0.6599886112031742,1.0,0.0,1.0,0
126.35478479660735,5.0,0.0,0.24193281423042373,1.0,0.0,0.0,1
34.003424962183544,0.0,0.0,0.8602993107440116,1.0,0.0,0.0,0
50.8342153066171,2.0,0.0,0.05025309870811587,1.0,0.0,1.0,1
118.78660230859498,3.0,2.0,0.4319337994739816,1.0,0.0,0.0,1
122.96217660750301,1.0,4.0,0.11204420356835809,1.0,1.0,1.0,0
41.81806647472626,0.0,1.0,0.5382542055373235,1.0,1.0,0.0,0
45.03017814697342,1.0,0.0,0.2744427174643648,1.0,1.0,0.0,0
0.0,0.0,0.0,0.672656677436008,0.0,0.0,0.0,0
39.358356759087336,0.0,0.0,0.3768138444212227,1.0,0.0,0.0,0
47.066006792607645,1.0,0.0,0.5599946692600393,1.0,1.0,0.0,0
36.23020927832102,0.0,0.0,0.672990391364411,1.0,1.0,0.0,0
57.87789296545837,1.0,4.0,0.6633479673937905,0.0,0.0,1.0,1
56.63935869600155,1.0,2.0,0.10788706625531314,1.0,0.0,1.0,1
42.17708967984467,2.0,0.0,0.664444337502771,1.0,0.0,0.0,0
21.01682761090113,0.0,1.0,0.6921526142129276,1.0,0.0,0.0,0
19.450121968615782,1.0,3.0,0.4616109353898982,1.0,0.0,1.0,1
7.326708675583877,0.0,2.0,0.7062500062498097,1.0,0.0,0.0,1
1.081038979179759,1.0,2.0,0.7968989547239156,0.0,1.0,1.0,0
2.406747960287526,0.0,1.0,0.7038127145378451,1.0,1.0,0.0,0
50.29459086470754,1.0,0.0,0.775290063970727,1.0,0.0,1.0,1
2.7845297754718317,4.0,1.0,0.27666506657590284,1.0,0.0,0.0,1
44.429503558873876,0.0,0.0,0.33097762832007327,1.0,1.0,0.0,0
11.24067953805877,4.0,2.0,0.2798984271286212,1.0,0.0,1.0,1
0.0,0.0,0.0,0.5757409026770558,1.0,1.0,0.0,0
34.45854144861983,0.0,0.0,0.7784281009847619,0.0,0.0,0.0,0
36.11687422692801,1.0,1.0,0.6382810562094732,1.0,1.0,0.0,0
0.0,0.0,2.0,0.7321569784330543,1.0,0.0,0.0,0
6.057437129626134,0.0,3.0,0.5901409201442608,0.0,0.0,0.0,0
0.0,1.0,2.0,0.5585118809976197,1.0,1.0,0.0,0
43.73731400076841,1.0,1.0,0.7074845805752941,1.0,1.0,0.0,0
0.28536409890739467,0.0,0.0,0.5719162643613269,1.0,1.0,1.0,0
17.93235777829378,0.0,0.0,0.6422641613689254,1.0,0.0,0.0,0
36.42917311762457,0.0,1.0,0.43029567612882436,1.0,1.0,0.0,0
33.590312751811304,0.0,9.0,0.43032458684740005,1.0,0.0,0.0,1
40.308107026664736,1.0,1.0,0.6243703181015219,1.0,1.0,0.0,0
60.99644158460775,1.0,2.0,0.4637631535728987,1.0,1.0,1.0,1
72.05603796987566,1.0,2.0,0.414452406504641,0.0,0.0,1.0,1
0.0,0.0,0.0,0.7252699090192989,1.0,1.0,0.0,0
30.976738342427566,1.0,3.0,0.8439569080179417,1.0,0.0,0.0,1
59.98903047414668,4.0,3.0,0.2841719167380581,1.0,0.0,0.0,1
0.0,0.0,0.0,0.9507499559721401,1.0,0.0,0.0,0
200.0,1.0,0.0,0.6299269494388448,1.0,1.0,0.0,0
19.17696519485797,2.0,1.0,0.34724548950431855,1.0,0.0,0.0,1
28.40790286485676,0.0,2.0,0.853094483937285,1.0,0.0,1.0,0
65.64406548497897,2.0,2.0,0.16712207609150978,1.0,1.0,1.0,1
51.1711828763545,1.0,1.0,0.6672558344841888,0.0,0.0,1.0,1
17.916643920349852,1.0,1.0,0.35843871140779676,1.0,0.0,0.0,0
33.82794284811442,0.0,0.0,0.7267877144238237,1.0,0.0,1.0,1
71.82140521888638,4.0,0.0,0.42739863890902924,1.0,0.0,1.0,1
0.0,0.0,0.0,0.5824086352320372,1.0,0.0,1.0,0
14.689258669683248,0.0,1.0,0.5372953468244319,1.0,1.0,0.0,1
0.0,1.0,1.0,0.820670052144746,1.0,1.0,0.0,0
52.53853633042115,0.0,2.0,0.6197062645721515,0.0,1.0,1.0,0
43.821657061136406,0.0,5.0,0.5231441977509961,1.0,0.0,1.0,1
41.76960272896518,0.0,1.0,0.6450286089388494,1.0,0.0,0.0,1
26.653807852760963,0.0,1.0,0.6054991003960087,1.0,0.0,0.0,0
4.74326938763763,0.0,1.0,0.7876375941405044,1.0,0.0,0.0,0
15.054595780021,0.0,0.0,0.5329399633408087,1.0,1.0,0.0,1
13.015293262077567,0.0,0.0,0.5588419820776097,1.0,0.0,1.0,1
12.459943575969689,0.0,1.0,0.6870156141677664,1.0,1.0,1.0,0
8.483473343387532,3.0,0.0,0.2988999806543705,1.0,0.0,0.0,0
0.0,0.0,1.0,0.6385876748644866,0.0,1.0,0.0,0
1.909125100094938,0.0,1.0,0.40352855318465436,1.0,1.0,0.0,0
98.80888756142015,3.0,1.0,0.33173036106823767,1.0,1.0,0.0,1
0.0,0.0,1.0,0.6381860910142658,1.0,1.0,0.0,0
0.0,0.0,1.0,0.41938293817113165,1.0,1.0,0.0,0
50.47453450622272,0.0,0.0,0.252282761430178,1.0,1.0,0.0,0
5.550184153377149,3.0,2.0,0.7580623228438184,1.0,0.0,1.0,1
4.429578602529715,1.0,1.0,0.5134382021093343,1.0,1.0,0.0,0
17.87782289616653,1.0,0.0,0.9609178046742428,1.0,0.0,1.0,1
58.37674802615693,1.0,1.0,0.28050934428583446,1.0,1.0,1.0,1
70.43503905330736,5.0,2.0,0.3432404555722364,1.0,1.0,1.0,1
59.317724205203106,1.0,1.0,0.699804735090787,1.0,1.0,1.0,1
26.221817039925853,0.0,0.0,0.8342649241667965,1.0,1.0,0.0,0
68.73593548374939,3.0,2.0,0.7895352996596956,1.0,0.0,1.0,1
42.21706131044915,0.0,0.0,0.6284341211722198,1.0,1.0,0.0,0
34.23310823309144,1.0,2.0,0.8489481070912241,1.0,1.0,1.0,1
0.0,2.0,0.0,0.4707657302307081,1.0,0.0,1.0,0
0.0,1.0,1.0,0.8521802478043089,1.0,0.0,0.0,0
69.77062279934819,3.0,2.0,0.40947779541587,1.0,0.0,0.0,1
87.81384753909467,3.0,3.0,0.3159872734549012,1.0,0.0,1.0,1
3.2151617418916683,0.0,1.0,0.7836884961908952,1.0,1.0,0.0,0
31.258790026407056,0.0,1.0,0.7051607913411679,1.0,0.0,0.0,0
76.78726307982333,0.0,0.0,0.5852528831869412,1.0,1.0,0.0,0
0.0,0.0,0.0,0.714246105624899,1.0,1.0,0.0,0
37.74710064673544,3.0,6.0,0.8830370064888742,0.0,0.0,0.0,1
41.55986208980264,0.0,0.0,0.5587868846817112,1.0,1.0,0.0,0
3.1684574458270323,0.0,0.0,0.8245629671195133,1.0,1.0,0.0,1
53.64127722223852,1.0,1.0,0.515741176937644,1.0,1.0,0.0,1
0.0,1.0,0.0,0.6083612827974454,1.0,1.0,0.0,0
80.70278842398044,1.0,3.0,0.45549924952906756,1.0,0.0,1.0,1
29.926567920631797,1.0,3.0,0.3454009806418738,1.0,0.0,1.0,0
71.29228587170547,0.0,1.0,0.2605823339737434,1.0,1.0,1.0,1
13.97230415312028,2.0,2.0,0.47577886310556905,0.0,1.0,1.0,1
108.4950628373589,3.0,3.0,0.05313854567350829,1.0,0.0,1.0,1
0.0,1.0,0.0,0.9026863678361219,0.0,1.0,0.0,0
83.99837671679862,1.0,2.0,0.14653332183658335,0.0,0.0,0.0,1
27.803752516101397,1.0,0.0,0.42127151639291494,1.0,0.0,0.0,0
15.498764437609253,1.0,1.0,0.96703647703992,1.0,0.0,1.0,0
37.889363950493376,1.0,0.0,0.18060893756509594,1.0,0.0,0.0,0
77.94265880533672,0.0,0.0,0.28110640923068014,1.0,0.0,0.0,1
38.09077950359558,0.0,1.0,0.32604178129519934,1.0,1.0,1.0,0
4.864724732235379,0.0,2.0,0.588465502866889,1.0,0.0,0.0,0
0.0,1.0,0.0,0.8016220643959702,1.0,0.0,0.0,0
87.59611491342565,3.0,3.0,0.617731663464112,1.0,0.0,1.0,0
38.08682890266044,0.0,0.0,0.8031425058245801,1.0,0.0,0.0,0
2.120556325802868,0.0,0.0,0.27330409724452276,1.0,0.0,0.0,0
72.87190536831027,0.0,1.0,0.43949284911700376,1.0,1.0,1.0,1
37.693603328967896,0.0,1.0,0.6861430339361201,1.0,1.0,0.0,0
87.45011395191187,2.0,1.0,0.41460818100420715,1.0,1.0,0.0,1
117.78968884002722,0.0,0.0,0.407090963074588,1.0,1.0,0.0,1
52.854811053673714,0.0,1.0,0.5671022176337774,1.0,1.0,0.0,0
0.0,0.0,1.0,0.6119543639499591,1.0,0.0,0.0,0
30.2620186042221,4.0,1.0,0.22995889331985844,1.0,0.0,1.0,1
0.0,0.0,1.0,0.5825052949415008,1.0,0.0,1.0,0
29.17460140057352,1.0,1.0,0.2970802966745455,1.0,1.0,0.0,0
43.66974524147372,1.0,1.0,0.7973012479625086,1.0,1.0,0.0,1
131.28975081273472,1.0,6.0,0.4454575696118098,1.0,0.0,0.0,1
69.12419964796119,1.0,1.0,0.4484728242642177,1.0,0.0,0.0,1
87.47744303537812,0.0,1.0,0.8662348321964848,1.0,1.0,0.0,0
12.438857803997397,0.0,0.0,0.5739944881919867,1.0,0.0,0.0,0
74.8326898384031,1.0,2.0,0.07699679737843758,1.0,0.0,0.0,1
81.53504335381174,2.0,1.0,0.4388541294136964,0.0,0.0,1.0,1
0.0,1.0,0.0,0.45026554374390143,0.0,1.0,0.0,0
103.36486695609483,2.0,4.0,0.16048644404887114,1.0,0.0,0.0,1
5.0047583779616,1.0,0.0,0.6824940896521812,1.0,0.0,0.0,0
0.0,0.0,1.0,0.46715043645334126,1.0,0.0,0.0,0
52.73132367007062,1.0,3.0,0.31879104799964886,1.0,0.0,1.0,1
28.19033402057111,0.0,0.0,0.863520057751005,0.0,0.0,1.0,0
0.0,0.0,1.0,0.6874771092182568,1.0,0.0,1.0,1
13.058309597270028,4.0,2.0,0.6016128535312452,0.0,0.0,1.0,1
0.0,0.0,1.0,0.9795300966842889,0.0,1.0,1.0,0
18.8139997978273,0.0,0.0,0.4426268049977715,1.0,0.0,0.0,0
39.923355996277984,3.0,1.0,0.7971986544559913,1.0,0.0,0.0,1
0.0,0.0,1.0,0.5540686743411638,1.0,0.0,0.0,0
5.136243372852153,0.0,0.0,0.6827699785138046,1.0,1.0,0.0,0
0.0,1.0,2.0,0.7094295679949425,1.0,0.0,1.0,0
16.637824659327176,1.0,0.0,0.3773740112134358,1.0,1.0,0.0,0
33.503114100751276,1.0,1.0,0.8610166193202164,1.0,1.0,0.0,0
30.83956043353988,1.0,2.0,0.74314487257923,1.0,0.0,1.0,0
104.59133748676815,0.0,1.0,0.46419027397963913,0.0,0.0,0.0,0
15.249623222858629,0.0,1.0,0.5501365104641298,1.0,0.0,0.0,0
21.0905522845977,1.0,0.0,0.28307474475155725,1.0,0.0,0.0,0
25.716655090847382,0.0,1.0,0.9174183313335438,1.0,0.0,1.0,0
43.985088003198335,0.0,3.0,0.7916664176137783,1.0,0.0,1.0,0
71.29800211447105,3.0,1.0,0.2804242712109703,1.0,0.0,1.0,1
0.0,2.0,0.0,0.8832853604245957,1.0,1.0,1.0,0
29.863644788496597,0.0,0.0,0.8853972845624044,1.0,0.0,0.0,0
53.27352065068055,1.0,1.0,0.5996863635165445,1.0,0.0,0.0,0
15.728679167864406,0.0,1.0,0.8800138126781587,1.0,0.0,1.0,0
60.32221143999586,1.0,2.0,0.5283120708910597,1.0,1.0,0.0,1
30.572115543483797,1.0,0.0,0.7159617027760818,1.0,0.0,0.0,0
0.0,0.0,3.0,0.7275081224720663,1.0,1.0,0.0,0
13.581908270394369,0.0,0.0,0.5483691215834655,1.0,0.0,0.0,0
94.6469028614291,1.0,2.0,0.050933022581241,0.0,0.0,0.0,1
41.58909920505734,1.0,0.0,0.9090123084122513,1.0,0.0,0.0,0
66.27252327267281,3.0,1.0,0.28663998924032574,1.0,0.0,1.0,1
0.0,1.0,1.0,0.5354933542075009,1.0,1.0,1.0,0
0.0,0.0,1.0,0.3196511740337183,1.0,0.0,0.0,0
69.31068403309821,3.0,2.0,0.3853319894392147,0.0,0.0,1.0,1
10.644302807511549,0.0,1.0,0.4370045688805994,1.0,1.0,0.0,0
104.44016372140851,0.0,0.0,0.39694009270499114,1.0,1.0,0.0,0
0.0,0.0,0.0,0.4304258692113303,1.0,1.0,0.0,0
6.279537922574338,1.0,0.0,0.6941689492230639,1.0,1.0,1.0,0
0.0,1.0,2.0,0.3178837390870512,1.0,1.0,0.0,0
7.459185523559956,1.0,1.0,0.8116608094984791,1.0,1.0,0.0,0
41.83716323410962,0.0,0.0,0.926865730876344,1.0,1.0,0.0,0
28.23687106799581,1.0,1.0,0.6373891747098395,1.0,0.0,0.0,0
0.0,0.0,0.0,0.3369447181635237,1.0,0.0,0.0,0
38.78703778915574,0.0,1.0,0.9042692924489173,1.0,1.0,1.0,1
48.592118206994215,1.0,0.0,0.5987063265192264,1.0,1.0,0.0,0
30.73828632612687,0.0,2.0,0.7197978965456547,0.0,1.0,0.0,0
25.53818156903957,0.0,1.0,0.4955842836613478,1.0,1.0,0.0,0
117.49340262264698,0.0,3.0,0.2627249761187051,1.0,0.0,0.0,1
50.41750036224212,3.0,3.0,0.281263859656199,1.0,0.0,0.0,1
34.94090546271269,1.0,2.0,0.6906855847618192,1.0,0.0,0.0,0
0.0,0.0,0.0,0.4252342022116883,1.0,1.0,1.0,0
0.0,0.0,0.0,0.5141846393243429,1.0,0.0,1.0,0
58.891135001111,3.0,3.0,0.33761484295387734,1.0,0.0,1.0,1
105.47317443423991,4.0,0.0,0.6676033620704399,1.0,0.0,0.0,1
132.06884659597154,1.0,1.0,0.5533713705525807,1.0,1.0,1.0,1
49.066905925639446,0.0,1.0,0.8136728383317793,1.0,1.0,0.0,0
43.243868483417536,7.0,2.0,0.3488947635915756,1.0,0.0,0.0,1
106.41219931022273,0.0,0.0,0.7501497361280394,1.0,1.0,0.0,1
20.6741711623281,0.0,1.0,0.34070366280895353,1.0,1.0,1.0,0
22.5608576602616,0.0,0.0,0.6514697117304239,1.0,0.0,0.0,0
29.08974987210639,0.0,1.0,0.7453075121433418,1.0,0.0,1.0,1
0.6824620385451219,0.0,4.0,0.7373707089067377,1.0,1.0,0.0,0
17.319111606502698,0.0,0.0,0.5574764503640439,1.0,0.0,0.0,0
113.11789232448331,2.0,0.0,0.5809020285526105,0.0,0.0,0.0,1
0.0,0.0,0.0,0.8364152974233438,1.0,1.0,0.0,0
32.7866555510718,1.0,2.0,0.5371922850578121,1.0,1.0,1.0,0
34.18329085796832,0.0,2.0,0.5552028371515453,0.0,1.0,1.0,0
102.7117492504859,4.0,6.0,0.58061370536112,1.0,0.0,0.0,1
21.2919746821393,0.0,1.0,0.4012880780596475,0.0,1.0,1.0,0
3.4530437407595964,0.0,0.0,0.7285503723135683,1.0,0.0,0.0,0
6.29023320289094,0.0,0.0,0.3339015587179451,1.0,0.0,0.0,0
15.22080684325539,0.0,1.0,0.47283953326013006,1.0,0.0,0.0,0
83.69744923741037,2.0,4.0,0.5667415123509707,0.0,0.0,0.0,1
29.49509470675596,1.0,1.0,0.6311530203853439,1.0,0.0,1.0,0
23.74662105541814,0.0,1.0,0.9586715310067295,0.0,0.0,0.0,0
67.27648249633222,1.0,0.0,0.6889723574185185,1.0,1.0,1.0,0
0.0,0.0,0.0,0.7517883428306428,1.0,0.0,0.0,0
22.029578969335734,0.0,0.0,0.7408616107956025,1.0,1.0,1.0,0
0.0,1.0,1.0,0.8598681571485058,1.0,0.0,1.0,1
53.952676810691685,1.0,0.0,0.853482778952214,1.0,0.0,1.0,1
29.596013486623704,1.0,0.0,0.5478526149421673,1.0,0.0,1.0,1
65.1707615001262,3.0,2.0,0.784051107428092,1.0,1.0,0.0,1
1.4210783116592438,0.0,0.0,0.512380666823185,1.0,1.0,0.0,0
38.68122869630485,3.0,2.0,0.40853409368770927,1.0,1.0,1.0,1
23.22195491180544,0.0,0.0,0.540288065992245,1.0,0.0,0.0,1
16.96166862743052,0.0,1.0,0.6034994985196388,1.0,0.0,0.0,0
116.15437657672453,1.0,0.0,0.7035573000478457,1.0,1.0,0.0,0
0.0,0.0,0.0,0.5608871985181614,1.0,1.0,0.0,0
0.0,1.0,1.0,0.5037823896856813,1.0,0.0,0.0,0
14.113813905345571,0.0,1.0,0.6328396096383457,1.0,0.0,0.0,1
123.2584524573527,0.0,0.0,0.5723589172789999,1.0,1.0,0.0,0
80.34971293156264,2.0,0.0,0.5141872674568123,1.0,0.0,1.0,1
12.328204260768814,1.0,1.0,0.8195845260523004,0.0,1.0,1.0,0
9.767945898995103,1.0,0.0,0.239539073164426,1.0,0.0,1.0,1
28.455831541446898,0.0,1.0,0.6185778175479273,1.0,1.0,0.0,1
12.203914546154646,1.0,0.0,0.9417328013858833,1.0,0.0,1.0,0
0.0,1.0,1.0,0.44949242858661137,1.0,0.0,0.0,0
0.0,0.0,1.0,0.34053288773184753,1.0,1.0,1.0,0
54.16576404103348,3.0,1.0,0.5995267593916032,1.0,0.0,1.0,1
16.8916286703693,0.0,0.0,0.6396719758482519,0.0,1.0,0.0,0
37.41002751459657,1.0,2.0,0.35480263963709635,0.0,0.0,1.0,1
40.67661956395544,0.0,0.0,0.6841780972353181,1.0,1.0,1.0,0
58.98499531826518,1.0,1.0,0.5072440566206935,0.0,0.0,1.0,1
0.0,0.0,1.0,0.7053452495855178,1.0,0.0,1.0,0
17.60222593931222,1.0,2.0,0.47759722801371207,1.0,1.0,0.0,0
103.31698532623469,1.0,0.0,0.29899932552477854,1.0,1.0,0.0,0
29.166727509705833,0.0,0.0,0.43280966457876585,1.0,1.0,0.0,0
20.68669192438304,1.0,4.0,0.5507139711221036,1.0,0.0,1.0,0
23.182258828067038,2.0,1.0,0.3361207950412502,1.0,1.0,1.0,0
82.25503952130437,1.0,1.0,0.6286075192839963,0.0,0.0,1.0,1
117.37984917308596,0.0,5.0,0.23070905598860145,1.0,0.0,0.0,1
26.13107953356927,1.0,5.0,0.6524572755923052,1.0,0.0,1.0,1
76.01471602351359,2.0,4.0,0.1162796474270242,1.0,1.0,1.0,1
83.65308327593063,4.0,0.0,0.5850109280564627,0.0,0.0,0.0,1
67.9166981119406,0.0,0.0,0.47484412443923296,1.0,1.0,0.0,0
69.77329921910001,2.0,2.0,0.672479983092155,1.0,0.0,0.0,1
16.710287197717232,1.0,3.0,0.7162073209375424,1.0,0.0,1.0,1
13.458441684331362,0.0,0.0,0.20650524396236314,1.0,1.0,0.0,0
23.938656998682774,0.0,1.0,0.7977194398842644,1.0,1.0,0.0,0
49.60683335307916,1.0,0.0,0.39582419239666566,1.0,1.0,0.0,0
66.35557729831214,0.0,0.0,0.8237373344794404,1.0,0.0,0.0,0
26.496747918174336,1.0,1.0,0.4360319880817914,1.0,1.0,0.0,1
32.8345059310394,0.0,0.0,0.7313960774748014,1.0,1.0,0.0,0
60.14004351410057,0.0,1.0,0.6018497801759801,1.0,1.0,0.0,0
3.586481658026159,0.0,0.0,0.7670191714147307,1.0,0.0,1.0,0
37.956453359885046,0.0,1.0,0.2945114549681161,1.0,1.0,0.0,0
0.0,0.0,1.0,0.5738823934177479,1.0,0.0,1.0,0
46.584967129544644,3.0,2.0,0.923191546082826,0.0,0.0,0.0,0
1.5799028689252812,1.0,0.0,0.8236473312747176,1.0,0.0,0.0,0
21.796278485464956,0.0,0.0,0.5550669233846806,1.0,1.0,1.0,0
36.251437475793495,0.0,0.0,0.3321735072229635,1.0,0.0,0.0,0
40.467605383521615,0.0,0.0,0.5016651347911809,1.0,1.0,0.0,0
23.82777661597179,0.0,1.0,0.553793322864926,1.0,1.0,1.0,0
42.43339366557162,3.0,3.0,0.29844810211845296,1.0,0.0,1.0,1
10.511036050728105,0.0,0.0,0.7857395716932936,1.0,1.0,0.0,0
33.293473986502725,2.0,1.0,0.6502132241455393,1.0,0.0,1.0,1
0.22215593951092671,1.0,1.0,0.6319436389161803,1.0,0.0,0.0,0
36.36344304893631,3.0,1.0,0.13144745607726288,0.0,0.0,1.0,1
33.25434277231173,1.0,0.0,0.7354646308461076,1.0,0.0,0.0,0
24.902031023394755,2.0,1.0,0.5718997264624665,1.0,0.0,0.0,0
4.559525621560569,0.0,1.0,0.4411429460054995,1.0,1.0,0.0,0
58.57900229731469,1.0,2.0,0.33792730710087693,1.0,1.0,1.0,0
0.7237501819180704,0.0,0.0,0.5630740655033758,1.0,0.0,0.0,0
17.152119789731653,1.0,2.0,0.9608801699237388,1.0,1.0,1.0,0
0.0,0.0,1.0,0.13591651168690214,1.0,0.0,0.0,1
25.64029772867307,0.0,1.0,0.24713406239240432,1.0,1.0,0.0,0
23.56950821736127,0.0,0.0,0.5333485273570729,1.0,1.0,1.0,0
22.265291857837298,0.0,0.0,0.4506594764484411,1.0,0.0,0.0,0
42.67100597269667,1.0,3.0,0.49920532808760465,1.0,0.0,1.0,0
48.47907807048061,0.0,0.0,0.48301137732675614,1.0,1.0,0.0,0
0.0,0.0,2.0,0.7043160956704868,1.0,0.0,0.0,0
0.0,0.0,0.0,0.8292934684007764,1.0,0.0,0.0,0
47.41848604558844,1.0,2.0,0.5947472794958847,1.0,1.0,0.0,0
3.421654402620141,1.0,1.0,0.705365492362875,1.0,1.0,0.0,0
46.09683879589833,1.0,2.0,0.7650082630909307,1.0,0.0,1.0,1
31.381283689918003,1.0,2.0,0.4740038197642822,1.0,1.0,0.0,0
55.16002000234735,1.0,2.0,0.43613729278305174,1.0,0.0,1.0,1
25.803406627131928,0.0,2.0,0.7880844978109022,1.0,1.0,0.0,0
46.77077562362061,0.0,0.0,0.5233615404120934,1.0,1.0,0.0,0
56.586047597239336,1.0,2.0,0.5158815104642129,1.0,0.0,1.0,0
3.8762503682138396,0.0,1.0,0.545067038025864,1.0,1.0,1.0,0
0.0,1.0,0.0,0.21775223223716653,1.0,1.0,0.0,0
83.317997039252,2.0,2.0,0.75031688581286,1.0,0.0,1.0,1
26.4501704746447,2.0,1.0,0.24540264678939905,1.0,0.0,1.0,1
112.04292432292507,3.0,3.0,0.7199365645690168,1.0,0.0,0.0,1
43.54979454348982,1.0,1.0,0.623580507996358,0.0,0.0,0.0,0
23.594727850647896,0.0,2.0,0.5146436371630114,1.0,0.0,0.0,0
57.611796779613755,1.0,0.0,0.5056188505711217,1.0,1.0,1.0,0
48.487182167739945,0.0,1.0,0.7133405522830946,1.0,1.0,1.0,1
97.28236440467599,4.0,2.0,0.4428734325719694,1.0,0.0,0.0,1
81.9817313250123,1.0,2.0,0.7976884783913013,1.0,0.0,0.0,1
62.97155117544824,1.0,4.0,0.7277085590886514,1.0,1.0,0.0,0
38.95131030961318,1.0,2.0,0.45422182006355294,1.0,0.0,1.0,1
85.75475359364987,1.0,3.0,0.48469311135616316,1.0,1.0,0.0,1
64.53018888293312,1.0,2.0,0.4498630460831044,1.0,0.0,0.0,1
0.0,0.0,2.0,0.25872412082120105,1.0,0.0,0.0,0
9.201720292508856,2.0,1.0,0.6968506345165649,1.0,1.0,1.0,0
23.16450567858776,0.0,1.0,0.4745100150628043,1.0,0.0,0.0,1
0.0,0.0,2.0,0.1735558119128672,1.0,1.0,0.0,0
0.0,1.0,0.0,0.9276552011349329,1.0,0.0,0.0,1
38.593064252793326,2.0,0.0,0.19560544712965017,1.0,0.0,0.0,1
21.460334571379196,1.0,1.0,0.8716141315425175,1.0,0.0,0.0,0
94.79376659238962,0.0,1.0,0.36232136650801894,1.0,0.0,0.0,1
29.361171029672768,0.0,2.0,0.4911346677717447,1.0,1.0,1.0,0
64.47137033862535,0.0,0.0,0.8227505344839061,1.0,1.0,1.0,0
47.52019940251553,1.0,4.0,0.6375802539992692,1.0,0.0,0.0,1
82.18913372627947,0.0,0.0,0.33054319145911576,1.0,0.0,1.0,1
3.551797082402276,0.0,1.0,0.1686313427095789,1.0,0.0,0.0,0
14.429374073955058,1.0,0.0,0.7805401133799706,1.0,1.0,0.0,0
47.14986319498833,0.0,0.0,0.4961749239084946,1.0,1.0,0.0,0
46.17096006919968,0.0,2.0,0.5668671403728944,1.0,1.0,0.0,0
24.36987244584024,1.0,1.0,0.8097967399849583,1.0,0.0,1.0,0
1.9386333559777644,0.0,1.0,0.8694087519915897,1.0,0.0,1.0,1
15.007850406315828,0.0,0.0,0.686737008453027,1.0,0.0,0.0,1
0.0,0.0,1.0,0.427053035243443,1.0,1.0,0.0,0
48.948879901808965,0.0,0.0,0.26326362407798287,1.0,0.0,1.0,0
30.449175142029997,1.0,0.0,0.4959000159830289,1.0,0.0,0.0,0
59.20786315748484,1.0,4.0,0.7379813966951823,1.0,0.0,1.0,1
10.333076038184341,1.0,1.0,0.9448109057228863,1.0,1.0,0.0,0
0.0,2.0,1.0,0.8687104589887615,1.0,1.0,0.0,0
20.000847444633653,1.0,0.0,0.88872921302637,1.0,1.0,0.0,0
27.044647824299386,0.0,2.0,0.8620614564207847,1.0,0.0,1.0,0
51.488327416476665,3.0,3.0,0.7788485665213142,1.0,0.0,1.0,0
102.67622898093668,1.0,0.0,0.6913703254404914,1.0,1.0,1.0,0
18.994270186935506,0.0,1.0,0.8809950918039954,1.0,0.0,1.0,0
73.45459481059997,1.0,4.0,0.4580658035161897,1.0,1.0,0.0,0
47.748166820005785,1.0,0.0,0.6807854118249649,1.0,0.0,0.0,0
60.69508019119163,2.0,0.0,0.6694185676088147,1.0,0.0,1.0,1
0.0,1.0,1.0,0.6103620849434906,0.0,1.0,0.0,0
9.683943866007324,0.0,3.0,0.5602558960575691,1.0,1.0,0.0,0
0.0,0.0,0.0,0.6138439013883585,1.0,0.0,0.0,0
8.669137973863739,0.0,0.0,0.6486253384007991,1.0,1.0,0.0,0
32.36156125019068,3.0,0.0,0.44638337010382767,1.0,0.0,1.0,1
78.00444821346399,0.0,1.0,0.7205477078936307,1.0,0.0,0.0,0
38.74598703724921,0.0,0.0,0.8304659663806027,1.0,1.0,0.0,0
21.69411427369009,0.0,0.0,0.837000702431341,1.0,0.0,1.0,0
2.852305100675345,0.0,3.0,0.6596867407491995,1.0,0.0,1.0,0
3.34986959900316,0.0,1.0,0.16564244916029208,0.0,1.0,0.0,0
18.933454283247784,1.0,2.0,0.9196060425631014,1.0,0.0,0.0,1
0.0,0.0,0.0,0.7073072436608451,1.0,1.0,0.0,0
7.4006793365646395,1.0,1.0,0.797045805876645,1.0,1.0,0.0,0
89.73629046102928,1.0,0.0,0.3973270101785127,1.0,0.0,1.0,0
28.855982353293115,0.0,1.0,0.22457438583243136,1.0,0.0,1.0,0
41.766712456959134,1.0,0.0,0.8214264007375783,1.0,0.0,0.0,0
40.41201610806164,1.0,0.0,0.4527645615054346,1.0,0.0,0.0,0
65.06950703388952,1.0,1.0,0.5580672627097922,1.0,0.0,0.0,0
29.897555771526804,1.0,2.0,0.07188927472769291,1.0,0.0,1.0,1
0.0,0.0,1.0,0.25445612019023234,1.0,0.0,0.0,0
0.0,0.0,2.0,0.5870183915063963,1.0,1.0,0.0,0
23.547285888204737,0.0,2.0,0.8538129783400553,1.0,1.0,1.0,0
42.218635620093615,0.0,1.0,0.2781634258028816,0.0,0.0,1.0,1
49.351310256492425,0.0,1.0,0.8213793300399922,1.0,1.0,0.0,0
104.65336783511518,0.0,1.0,0.4804356142175801,1.0,0.0,1.0,1
3.0269023985179473,5.0,1.0,0.322215604377098,1.0,0.0,0.0,1
1.1822801333496527,0.0,1.0,0.2675664187566735,1.0,0.0,1.0,0
11.991885457181189,1.0,1.0,0.6326933489698486,1.0,1.0,1.0,1
0.0,0.0,2.0,0.7290804387069105,1.0,1.0,0.0,0
47.37427093206369,0.0,0.0,0.33185605564895987,1.0,1.0,1.0,0
110.53307166397813,3.0,4.0,0.6014871260386028,1.0,0.0,1.0,1
49.15254758099955,0.0,1.0,0.5872551194756528,1.0,0.0,0.0,0
73.36049915609098,1.0,2.0,0.749476041343476,0.0,1.0,1.0,0
30.05449738338351,1.0,2.0,0.4553956807676122,1.0,0.0,1.0,1
24.379157746970307,0.0,2.0,0.4468929666327619,1.0,0.0,1.0,1
92.42916753941995,4.0,1.0,0.5705168975935406,1.0,0.0,1.0,1
35.46887385308977,1.0,0.0,0.4329720495076744,1.0,1.0,0.0,0
0.0,0.0,1.0,0.37635913518249964,1.0,1.0,1.0,0
39.06214825789915,0.0,3.0,0.8500182741060613,1.0,1.0,0.0,0
0.0,1.0,0.0,0.7485641982504684,1.0,1.0,0.0,1
44.07139604396787,1.0,1.0,0.49014716872289116,1.0,1.0,1.0,0
28.222164835480303,0.0,0.0,0.777273994585384,1.0,0.0,1.0,1
56.96700281139161,0.0,0.0,0.650609986010708,1.0,1.0,1.0,0
45.44971155828716,1.0,1.0,0.607441572419861,1.0,1.0,0.0,0
46.32873974307241,0.0,0.0,0.6266501878781017,1.0,0.0,0.0,0
44.38296647203862,0.0,0.0,0.49875506900436417,1.0,1.0,0.0,0
115.19343378230545,4.0,0.0,0.3287517135966549,0.0,0.0,1.0,1
41.23617922327289,0.0,3.0,0.7612750324785158,1.0,1.0,1.0,1
72.0295917692519,0.0,1.0,0.8095321751602628,0.0,1.0,0.0,1
6.852332627702303,0.0,0.0,0.45448113326349265,1.0,0.0,0.0,0
31.756191753383657,2.0,4.0,0.4591837864111682,1.0,0.0,0.0,1
0.0,0.0,2.0,0.45093681326857116,1.0,1.0,0.0,0
62.753310596081874,0.0,3.0,0.3190231146758824,1.0,1.0,1.0,1
12.956975998731128,0.0,1.0,0.4713560234332521,1.0,0.0,0.0,0
0.0,0.0,1.0,0.5538033009177847,1.0,1.0,0.0,0
19.12654283267971,0.0,0.0,0.36611417190802586,1.0,0.0,1.0,0
25.74903043650018,0.0,0.0,0.6638605254663168,1.0,1.0,1.0,0
13.27446016311846,0.0,0.0,0.1805221805370564,1.0,0.0,1.0,0
50.2812882377188,0.0,1.0,0.9469661185155719,1.0,0.0,1.0,1
64.16032765963676,1.0,0.0,0.6842131947554451,1.0,0.0,1.0,0
20.428593580769707,0.0,0.0,0.8649813347583459,1.0,0.0,0.0,0
20.232352063882324,1.0,0.0,0.7431481763287847,0.0,0.0,0.0,0
29.492644155436963,1.0,2.0,0.39608677897469824,1.0,1.0,0.0,0
0.0,0.0,0.0,0.9698065492506305,1.0,1.0,0.0,0
40.85370403073233,0.0,1.0,0.6385211979395007,1.0,1.0,0.0,0
20.725193347975,1.0,2.0,0.7739951418845796,1.0,1.0,1.0,0
0.0,1.0,0.0,0.18333571258406484,1.0,0.0,0.0,0
47.314962972291795,1.0,1.0,0.6924057502327556,1.0,0.0,0.0,0
0.0,1.0,0.0,0.7032928923272099,1.0,1.0,1.0,0
2.5619895205369687,2.0,0.0,0.4320023894994331,1.0,1.0,0.0,0
117.99097437296642,1.0,3.0,0.08525480971276345,0.0,1.0,1.0,1
20.28124284124411,0.0,0.0,0.7768967859597056,1.0,0.0,0.0,0
20.63437094380361,0.0,0.0,0.6937043703634768,1.0,1.0,1.0,1
10.497909235791102,2.0,2.0,0.813559681496821,1.0,0.0,0.0,0
0.0,1.0,3.0,0.6465297263687689,1.0,0.0,1.0,1
0.0,0.0,1.0,0.8635517745713674,1.0,1.0,0.0,0
8.31409875348665,0.0,0.0,0.5734404550200609,1.0,1.0,0.0,0
30.850336540266326,0.0,4.0,0.39057198792004194,0.0,1.0,0.0,1
0.0,0.0,1.0,0.6911589766203833,1.0,1.0,0.0,0
110.14967920303208,2.0,2.0,0.1306657466695456,1.0,0.0,0.0,1
28.954425313202556,3.0,1.0,0.6837080659071143,1.0,0.0,1.0,1
15.85852998793603,0.0,0.0,0.31513396293272733,0.0,1.0,0.0,0
51.13879394799623,2.0,1.0,0.42262128811898486,0.0,0.0,0.0,1
21.415518341875938,0.0,1.0,0.37788227658216333,1.0,1.0,0.0,0
106.17404430363162,3.0,2.0,0.7098601129981755,1.0,0.0,1.0,1
13.63061524206965,2.0,2.0,0.5900125585111154,1.0,1.0,1.0,1
88.74825771829931,3.0,1.0,0.2545396865712644,1.0,0.0,1.0,1
30.200507532961353,1.0,0.0,0.43656787069088343,1.0,1.0,0.0,0
0.0,0.0,0.0,0.7526456870972448,1.0,1.0,0.0,0
38.177707128631326,0.0,0.0,0.3339163734596412,1.0,0.0,0.0,0
10.498884148815783,1.0,2.0,0.2949288017340062,1.0,0.0,0.0,0
101.06866443567513,0.0,0.0,0.6013399270551664,1.0,0.0,1.0,0
89.9986308373704,1.0,1.0,0.08653303002344265,0.0,0.0,1.0,1
0.0,0.0,1.0,0.3496876067902031,1.0,1.0,0.0,0
10.714381442666248,0.0,1.0,0.3632812507977854,1.0,0.0,0.0,0
4.162583658288561,1.0,0.0,0.3964278947601604,1.0,0.0,0.0,0
31.10610674553739,0.0,2.0,0.4414658943852133,1.0,0.0,1.0,1
67.8907127401973,0.0,2.0,0.08107327111377394,0.0,1.0,0.0,0
78.03774119210746,0.0,0.0,0.28237511689931655,1.0,0.0,1.0,1
118.3973602086347,3.0,1.0,0.07581271507068216,1.0,0.0,0.0,1
11.060543687439287,0.0,0.0,0.8285981147920743,1.0,1.0,0.0,0
24.091123353012883,1.0,0.0,0.834328726860133,1.0,1.0,0.0,0
0.0,1.0,0.0,0.8115796564729861,1.0,1.0,1.0,0
8.092208476380458,0.0,1.0,0.9102970326312293,1.0,1.0,0.0,0
116.68598263144622,1.0,0.0,0.19887820721319543,1.0,1.0,0.0,1
46.94579660613509,0.0,0.0,0.6284433353179465,1.0,0.0,0.0,1
12.057445377790156,0.0,1.0,0.7603915405101002,1.0,0.0,0.0,1
107.41001788081616,1.0,4.0,0.6772737533640116,1.0,0.0,1.0,1
0.0,0.0,1.0,0.7464531462691439,1.0,0.0,1.0,0
25.291468984851306,1.0,0.0,0.7215790997986627,1.0,0.0,0.0,0
35.493631133147886,1.0,1.0,0.8775117925165935,1.0,1.0,0.0,0
27.64577141536625,0.0,1.0,0.6509346379127167,1.0,1.0,0.0,0
15.738938214188137,4.0,2.0,0.5285751165668947,1.0,0.0,1.0,1
3.8035339989004244,0.0,1.0,0.6135021960086469,1.0,1.0,0.0,0
9.005032831861465,1.0,1.0,0.8825955689330315,0.0,1.0,0.0,0
9.098983823007924,1.0,0.0,0.4562238697787426,1.0,1.0,0.0,0
22.47649052764026,1.0,5.0,0.7482841962852342,1.0,1.0,1.0,1
31.467378516179327,0.0,1.0,0.6412296493379475,1.0,1.0,0.0,0
97.10897011479231,1.0,0.0,0.2775661803982731,1.0,1.0,0.0,0
20.989064079201174,0.0,4.0,0.30609228069729255,1.0,1.0,0.0,0
49.670707195535165,0.0,0.0,0.5253887934912532,1.0,0.0,0.0,0
0.0,0.0,0.0,0.7831979302532001,1.0,1.0,1.0,0
43.10324185440055,2.0,0.0,0.49500131046795215,1.0,0.0,0.0,0
45.32735083846336,0.0,1.0,0.5348787182004408,1.0,1.0,0.0,1
54.40263855299556,0.0,1.0,0.8424412385405486,1.0,0.0,1.0,1
19.420081037958244,0.0,1.0,0.6694102112775712,1.0,0.0,0.0,0
0.0,0.0,0.0,0.7412136633686603,1.0,0.0,0.0,0
87.82932038635427,0.0,0.0,0.16344619108212127,1.0,1.0,0.0,0
20.39712697463644,0.0,2.0,0.4741366854955815,1.0,0.0,0.0,0
0.0,0.0,2.0,0.9207655515255848,1.0,1.0,0.0,1
31.90516291267986,2.0,1.0,0.5625305372825704,1.0,0.0,0.0,1
9.15934461015807,1.0,2.0,0.4565217153835737,1.0,1.0,0.0,0
0.0,0.0,2.0,0.3622222608022714,1.0,1.0,1.0,0
18.981980342770548,1.0,0.0,0.44248569781433805,1.0,0.0,0.0,0
74.12541733424746,0.0,0.0,0.7013284918626764,1.0,0.0,0.0,0
4.313941734263201,0.0,0.0,0.6893849579002309,1.0,1.0,1.0,0
0.0,0.0,0.0,0.7646182717778132,1.0,1.0,0.0,0
0.0,0.0,2.0,0.32966796468756404,1.0,0.0,0.0,0
0.0,1.0,0.0,0.5449259880786161,1.0,0.0,0.0,0
32.29816359475709,0.0,0.0,0.3074074472440952,1.0,1.0,1.0,0
11.021049757152928,1.0,3.0,0.8715917758310592,1.0,0.0,0.0,0
43.23490903552476,0.0,1.0,0.809963463689218,1.0,0.0,0.0,0
27.73963636150372,0.0,1.0,0.4990925920830972,1.0,1.0,0.0,0
37.514501131128455,0.0,1.0,0.6742586902565609,1.0,1.0,0.0,0
28.971525700362186,2.0,1.0,0.4800420621612442,1.0,0.0,1.0,1
28.059207411662353,0.0,0.0,0.4846430468019211,1.0,0.0,0.0,1
31.428669573067374,1.0,0.0,0.6087819751882249,1.0,0.0,0.0,1
0.0,1.0,1.0,0.9575821021936392,1.0,1.0,0.0,0
8.070782101178867,0.0,0.0,0.5832268127379081,1.0,1.0,1.0,0
1.0769849358856347,1.0,0.0,0.5591104988704174,1.0,1.0,0.0,0
10.06044440543038,0.0,1.0,0.7219328765619379,1.0,1.0,0.0,0
0.0,1.0,0.0,0.6498271460843216,1.0,1.0,0.0,0
0.0,2.0,1.0,0.2205725190673802,0.0,0.0,0.0,1
49.55773484144188,0.0,4.0,0.8039890436845111,1.0,1.0,1.0,1
47.981609478241495,1.0,0.0,0.7163113711103886,1.0,1.0,0.0,0
0.0,1.0,2.0,0.6463609898715452,1.0,1.0,0.0,0
23.210609863359643,0.0,1.0,0.3565867891441112,1.0,1.0,1.0,0
25.6883503291003,0.0,0.0,0.5332426844454656,1.0,1.0,0.0,0
49.95277307760404,2.0,0.0,0.7759467171031773,1.0,1.0,1.0,1
19.176027180822523,0.0,2.0,0.6777629079484739,1.0,0.0,0.0,0
23.833894352162876,0.0,1.0,0.3659676554950506,1.0,1.0,1.0,0
7.7100827783938435,0.0,1.0,0.525984423508985,1.0,0.0,0.0,0
32.7910258741303,0.0,5.0,0.47687225067755484,1.0,0.0,1.0,1
17.518661466363678,0.0,1.0,0.8100985148404205,1.0,0.0,0.0,0
8.217226979192546,1.0,0.0,0.44258508081088893,1.0,1.0,0.0,0
24.876089567589183,1.0,3.0,0.5220396361784981,1.0,1.0,0.0,1
0.0,0.0,0.0,0.46589973933342965,1.0,0.0,0.0,0
0.0,0.0,1.0,0.664193063500418,1.0,1.0,0.0,1
0.0,0.0,0.0,0.6037345401901032,1.0,0.0,1.0,0
45.91985870332095,3.0,1.0,0.3864227978912994,1.0,0.0,0.0,1
0.0,0.0,2.0,0.7200095118165668,1.0,0.0,0.0,1
22.55366918425986,0.0,1.0,0.28818452775205056,1.0,1.0,1.0,1
29.246134392168727,1.0,2.0,0.2420807226860027,1.0,1.0,1.0,0
10.790970264062407,0.0,3.0,0.8983501402721361,1.0,0.0,0.0,0
0.0,1.0,0.0,0.765327340520235,1.0,0.0,0.0,0
0.0,0.0,2.0,0.9047123868972827,1.0,0.0,0.0,0
21.362689652247834,1.0,1.0,0.7903936613743873,1.0,1.0,1.0,0
43.979762287141796,3.0,2.0,0.4264979202896965,0.0,0.0,0.0,1
10.130020923945738,0.0,2.0,0.2689489020006954,1.0,0.0,0.0,0
15.842250523612838,0.0,1.0,0.8132128355353754,1.0,1.0,1.0,0
46.367625011241515,1.0,2.0,0.5632540343767833,1.0,0.0,1.0,0
0.4005309663449239,1.0,3.0,0.37557591686201425,1.0,0.0,0.0,0
76.30503640547671,2.0,0.0,0.3578790322289144,1.0,1.0,1.0,1
27.637872433051122,1.0,0.0,0.5176377223476567,0.0,0.0,0.0,0
50.17132200801022,1.0,2.0,0.7605102199561558,1.0,0.0,0.0,1
64.39374442905749,4.0,2.0,0.4616742564506981,1.0,0.0,0.0,0
0.0,0.0,2.0,0.43988553406703146,1.0,1.0,1.0,0
21.461749770915254,2.0,2.0,0.9402369087724961,1.0,1.0,0.0,1
40.21442671245494,1.0,1.0,0.6937018564257371,1.0,0.0,0.0,0
31.72688535276324,1.0,0.0,0.5861313645886488,0.0,1.0,0.0,0
41.52943854084137,0.0,2.0,0.6619794156062374,1.0,1.0,0.0,0
46.52894041553665,1.0,0.0,0.6768987963666665,1.0,1.0,1.0,0
14.112775056473211,1.0,0.0,0.6116850826734549,1.0,0.0,1.0,0
40.10665810292075,0.0,0.0,0.620856412721682,0.0,1.0,1.0,0
42.968843339584154,1.0,1.0,0.5588741217802912,1.0,1.0,0.0,0
2.3304754583181833,0.0,0.0,0.4320472641835903,1.0,0.0,0.0,0
2.1496571253582246,0.0,2.0,0.6210562858206152,1.0,0.0,1.0,1
40.421121085094924,3.0,0.0,0.33207588855121256,1.0,0.0,0.0,1
28.662995736414715,0.0,1.0,0.5950050677489057,1.0,1.0,0.0,0
27.392256917992093,0.0,1.0,0.4919042237345985,1.0,1.0,0.0,0
29.923717196989003,0.0,0.0,0.6085112413688821,1.0,0.0,0.0,0
43.202729225083566,0.0,0.0,0.8565722242689575,1.0,0.0,0.0,0
25.698800112370733,0.0,2.0,0.5133310579146401,1.0,0.0,1.0,0
34.52751292542898,2.0,0.0,0.06427205904568858,1.0,0.0,0.0,0
35.72337961767711,5.0,5.0,0.5235335248942552,1.0,0.0,0.0,1
34.44973506354987,0.0,2.0,0.4370835179675143,1.0,0.0,1.0,1
19.794896928829008,1.0,0.0,0.7990507856686618,1.0,0.0,0.0,0
51.1296074653962,1.0,4.0,0.1602606534829197,0.0,1.0,1.0,1
0.0,1.0,2.0,0.7288481809311085,0.0,0.0,0.0,0
25.45120848556997,1.0,1.0,0.384489661466607,1.0,0.0,0.0,1
10.074290695784153,1.0,1.0,0.7155981677401848,1.0,0.0,0.0,0
53.23426623345459,2.0,2.0,0.6935904587593357,1.0,0.0,0.0,0
12.547894567604745,0.0,1.0,0.30593806634977166,1.0,0.0,0.0,1
12.52839645253501,0.0,2.0,0.9945364741220958,1.0,1.0,1.0,1
26.245014741156375,0.0,1.0,0.5617377386674486,1.0,1.0,0.0,0
26.865435372516696,0.0,1.0,0.8238258556397435,1.0,0.0,0.0,1
11.735254344161858,2.0,0.0,0.5408676354874242,1.0,0.0,0.0,0
57.68045045475918,2.0,1.0,0.4235392242405866,1.0,0.0,1.0,1
84.54534496892148,2.0,2.0,0.16763522453875696,1.0,0.0,1.0,1
13.50797352919157,1.0,1.0,0.8426061497071131,1.0,0.0,0.0,0
59.44298348830957,0.0,0.0,0.36472955062189555,1.0,1.0,0.0,0
54.15258789145433,2.0,1.0,0.28639014459452855,1.0,0.0,1.0,1
15.329951756024624,0.0,1.0,0.6548618583200251,1.0,1.0,1.0,0
19.190573419492903,1.0,0.0,0.7095961875775698,1.0,0.0,1.0,1
0.0,2.0,2.0,0.5379288042183176,1.0,1.0,0.0,0
21.768861950452393,0.0,1.0,0.9025533641751066,1.0,0.0,0.0,0
16.635179630023245,1.0,1.0,0.12263102235121477,1.0,0.0,1.0,1
12.057250350349152,1.0,1.0,0.46590143100469866,1.0,1.0,0.0,0
55.401168511246766,3.0,1.0,0.5391362531786359,1.0,0.0,1.0,1
20.916205578833107,0.0,1.0,0.8514622823637337,1.0,0.0,1.0,0
0.0,0.0,1.0,0.06192189996151801,1.0,1.0,0.0,0
16.35937292844335,3.0,0.0,0.8770830258742165,1.0,0.0,1.0,0
50.30605017085088,3.0,1.0,0.28677403583948996,0.0,0.0,1.0,1
0.0,0.0,3.0,0.6018552966965048,1.0,0.0,1.0,0
45.993476620361825,0.0,3.0,0.5392448076099058,1.0,0.0,1.0,0
0.0,1.0,0.0,0.37127105640729835,1.0,0.0,0.0,0
55.32546694387339,3.0,1.0,0.822690047822793,1.0,1.0,0.0,0
52.88795075309545,0.0,0.0,0.9178283711327501,1.0,0.0,1.0,1
34.628600044437576,0.0,0.0,0.3526227870611718,1.0,1.0,0.0,0
60.04539258504067,0.0,0.0,0.461947355390546,1.0,0.0,1.0,0
47.651708912117186,0.0,1.0,0.3618716089584905,1.0,1.0,1.0,0
39.52571254396185,0.0,0.0,0.6321242476695135,0.0,1.0,0.0,0
31.12330019408062,1.0,0.0,0.5759102498867269,1.0,1.0,0.0,0
14.551613721642589,0.0,2.0,0.4960681520129629,0.0,1.0,0.0,0
1.4588334058997194,0.0,1.0,0.08492784220275039,1.0,1.0,0.0,0
42.52729982539927,3.0,1.0,0.2940731455879328,1.0,0.0,1.0,1
0.0,1.0,0.0,0.5432544912299329,1.0,0.0,0.0,0
39.94554488995415,0.0,1.0,0.6253417965356034,1.0,0.0,1.0,1
12.347446905978478,0.0,1.0,0.6677634332377753,0.0,0.0,0.0,0
0.0,0.0,1.0,0.5234835026808721,1.0,1.0,0.0,0
18.147395238755962,0.0,0.0,0.9805390529652696,1.0,1.0,0.0,0
0.0,1.0,0.0,0.5714282299776668,1.0,0.0,0.0,0
56.1065905445071,0.0,1.0,0.7251187630161303,1.0,1.0,0.0,0
0.0,2.0,1.0,0.629278469836022,1.0,0.0,1.0,0
0.0,1.0,0.0,0.6682941049304094,1.0,1.0,0.0,0
31.297250142328306,0.0,3.0,0.6359871504833606,1.0,0.0,0.0,1
87.85554348728519,3.0,1.0,0.3642470829382021,1.0,0.0,1.0,1
20.322348470641877,0.0,1.0,0.43140125577476535,1.0,1.0,0.0,0
22.576926818380443,1.0,2.0,0.8717241346672469,1.0,0.0,1.0,1
13.089371678342076,0.0,0.0,0.37088496623011974,1.0,1.0,0.0,0
0.49382209158626367,0.0,0.0,0.7686770030475499,1.0,1.0,0.0,0
5.778111807762485,0.0,0.0,0.615382909130352,1.0,0.0,0.0,0
111.34237888753563,2.0,2.0,0.35666318156030935,1.0,0.0,0.0,1
30.50920965502243,1.0,2.0,0.7457886763448175,0.0,0.0,0.0,1
0.0,2.0,0.0,0.6136908895558719,0.0,1.0,1.0,0
1.8517404101416088,0.0,1.0,0.6959822260704739,1.0,1.0,1.0,0
44.44534962487492,0.0,1.0,0.5744854791989124,1.0,1.0,0.0,0
0.0,0.0,0.0,0.7899058548179403,1.0,1.0,0.0,0
87.3249824746276,1.0,2.0,0.4435091042824951,1.0,0.0,1.0,1
11.93907919605117,4.0,4.0,0.3865315496970086,1.0,1.0,1.0,1
66.80968678825748,1.0,0.0,0.9184123611835118,1.0,0.0,0.0,0
3.4877239983667723,0.0,0.0,0.8115099699098095,1.0,0.0,0.0,0
66.44544441877477,1.0,0.0,0.15994225018458552,0.0,0.0,1.0,1
27.589152120285764,4.0,3.0,0.3609274661063254,0.0,0.0,1.0,1
55.179766988241255,0.0,0.0,0.7563624310665407,1.0,1.0,0.0,0
0.0,2.0,2.0,0.8434448449414976,1.0,0.0,0.0,0
35.35428070164464,1.0,0.0,0.6814686963558759,1.0,0.0,1.0,1
37.11025889377663,0.0,1.0,0.76192377689496,1.0,1.0,1.0,0
52.28983596096113,0.0,1.0,0.8904162176431221,1.0,0.0,1.0,0
49.422722279044834,1.0,0.0,0.6490137761387819,1.0,0.0,0.0,0
20.482378687519528,0.0,0.0,0.7651941531553609,1.0,0.0,1.0,1
101.45213227044579,1.0,1.0,0.6908834771225276,1.0,0.0,0.0,0
81.83167398619128,0.0,0.0,0.659296739272557,0.0,0.0,1.0,1
52.98219358495801,0.0,3.0,0.7148410786297588,1.0,1.0,0.0,0
0.0,0.0,0.0,0.8857426292038949,0.0,1.0,0.0,0
47.49149743520829,0.0,1.0,0.2411330293785868,1.0,1.0,0.0,0
80.8733080107027,0.0,2.0,0.2307276099978324,1.0,0.0,0.0,0
78.11148734244637,3.0,0.0,0.258220573474931,1.0,1.0,1.0,1
16.361971008748306,1.0,0.0,0.4409936028721874,1.0,1.0,0.0,0
77.60708431507854,2.0,1.0,0.24280570683072428,1.0,1.0,0.0,0
101.04387984444288,1.0,3.0,0.3423419417732485,1.0,1.0,0.0,1
94.71894854214517,1.0,1.0,0.26529101945457734,0.0,0.0,0.0,1
0.0,0.0,2.0,0.8041882047937118,1.0,0.0,0.0,0
68.20306963055387,2.0,2.0,0.3898928099546214,1.0,0.0,1.0,1
84.0564361397266,2.0,2.0,0.22951038799255988,1.0,0.0,0.0,1
11.883459246895274,0.0,1.0,0.40512261158715024,1.0,1.0,1.0,0
17.455071164373557,0.0,0.0,0.6429679017127236,1.0,0.0,1.0,1
49.27539993342738,1.0,3.0,0.8028160181991728,1.0,0.0,0.0,1
49.48136784089566,2.0,0.0,0.5939400394617147,1.0,1.0,0.0,0
27.751895444723456,1.0,0.0,0.3636700294490803,1.0,0.0,1.0,1
70.99586003404136,2.0,1.0,0.3875554698063248,0.0,0.0,1.0,0
2.036284390867733,1.0,0.0,0.20959890800982175,1.0,1.0,0.0,0
18.74950993862656,0.0,0.0,0.8134135939645415,1.0,1.0,0.0,0
57.10363882059208,0.0,1.0,0.3127089073167306,1.0,1.0,1.0,1
130.279740180714,2.0,0.0,0.19225185904810452,1.0,0.0,0.0,1
98.59397889880884,0.0,0.0,0.34742703210344816,1.0,1.0,0.0,0
60.448274347851694,1.0,1.0,0.9338172309146334,0.0,1.0,1.0,0
19.815288266113306,0.0,1.0,0.41739340036381556,0.0,0.0,0.0,0
5.346033887549883,1.0,1.0,0.7614254819339056,1.0,0.0,1.0,0
13.694917061353014,0.0,1.0,0.3678408068100592,1.0,0.0,0.0,0
12.469156054673181,1.0,2.0,0.5196249274429302,1.0,1.0,0.0,0
57.12869021825975,2.0,2.0,0.19051373139265876,1.0,0.0,0.0,1
7.4890154866881655,2.0,2.0,0.43745655975965875,1.0,0.0,0.0,0
42.74853496945758,0.0,0.0,0.6946393681817162,0.0,1.0,0.0,0
7.228362223410093,0.0,2.0,0.7961211451776055,1.0,1.0,1.0,0
6.442005560527749,0.0,0.0,0.5736989686561808,1.0,0.0,0.0,0
9.142973412264872,0.0,1.0,0.7075530267588918,1.0,0.0,1.0,0
23.66203612931485,1.0,4.0,0.7081884446710514,1.0,0.0,1.0,1
0.0,0.0,1.0,0.6643558173238313,1.0,1.0,0.0,0
124.37439021465882,0.0,1.0,0.7059127922002647,1.0,1.0,0.0,0
45.01432175708925,0.0,0.0,0.3126256194869395,1.0,1.0,1.0,0
48.66253724316948,0.0,0.0,0.6835363600572218,1.0,1.0,0.0,1
69.34808204177999,4.0,0.0,0.07120024927454834,0.0,0.0,1.0,1
26.328054673540837,1.0,2.0,0.7595916913976384,1.0,0.0,0.0,0
24.215093080839054,2.0,0.0,0.5731233568423247,1.0,1.0,0.0,0
7.035497668363751,0.0,0.0,0.9117035158651156,1.0,1.0,1.0,0
89.538263417604,0.0,0.0,0.2855677096063673,1.0,0.0,0.0,0
31.410970211370874,0.0,1.0,0.6260976718119643,1.0,1.0,0.0,0
57.953087204687144,0.0,1.0,0.36958059022087475,1.0,0.0,1.0,0
44.480029869563005,0.0,0.0,0.6899254665074146,1.0,0.0,0.0,0
0.0,2.0,1.0,0.39256843245576717,1.0,1.0,0.0,0
47.603236230871076,0.0,3.0,0.7579668707243024,1.0,0.0,1.0,1
40.99411386419623,0.0,1.0,0.8068888898937482,1.0,1.0,1.0,0
0.0,0.0,1.0,0.9063909061158979,1.0,1.0,0.0,0
1.2162566614448427,1.0,1.0,0.44930856871848224,1.0,1.0,0.0,0
6.948098968069093,1.0,2.0,0.4730383604715769,1.0,1.0,1.0,1
19.41902367215584,0.0,0.0,0.9736394632942621,1.0,0.0,0.0,0
48.007406068757675,2.0,2.0,0.54619797234822,1.0,0.0,1.0,1
112.0503934744596,0.0,1.0,0.49273264879134965,1.0,0.0,1.0,0
96.82358889265946,5.0,0.0,0.05355009866667723,1.0,0.0,1.0,1
73.17904702809646,4.0,3.0,0.7616586758838741,0.0,0.0,1.0,1
0.0,2.0,0.0,0.2213225527035347,1.0,1.0,0.0,0
5.754598134479805,0.0,0.0,0.583532188541825,0.0,0.0,0.0,0
0.0,0.0,0.0,0.7185450179599798,1.0,1.0,0.0,0
0.0,0.0,0.0,0.6117993071023071,1.0,0.0,0.0,0
26.096419257451455,2.0,0.0,0.39282343627752253,1.0,0.0,0.0,1
14.028664611067365,0.0,2.0,0.6653473474814284,1.0,1.0,0.0,0
14.79555366977475,2.0,0.0,0.4429424078823072,1.0,0.0,1.0,0
26.64038667795163,1.0,2.0,0.5566195479970746,1.0,0.0,0.0,0
21.637453440689473,0.0,0.0,0.8297908170522373,1.0,1.0,0.0,0
0.0,0.0,1.0,0.4944695476144593,1.0,1.0,0.0,0
23.048139161116527,1.0,3.0,0.8258267020986367,1.0,1.0,0.0,0
34.97517405132251,1.0,0.0,0.5177476906830623,1.0,1.0,0.0,1
56.98041180355567,1.0,1.0,0.6422185088919182,1.0,0.0,1.0,0
9.667382384578348,0.0,1.0,0.620219898047753,1.0,1.0,0.0,1
16.631878685005606,0.0,2.0,0.3791683761727809,1.0,1.0,1.0,0
67.96451678644819,2.0,2.0,0.2400547548129196,1.0,1.0,0.0,1
32.83144715963748,1.0,1.0,0.35672486527175157,1.0,1.0,1.0,0
0.0,0.0,2.0,0.59318240146153,1.0,1.0,1.0,0
58.48436428702374,1.0,2.0,0.564456516483485,1.0,0.0,1.0,1
72.05048963463119,3.0,4.0,0.6591081398757516,1.0,0.0,0.0,1
53.38089885766687,0.0,0.0,0.33138832286617126,0.0,0.0,0.0,0
92.39029699822414,1.0,3.0,0.5376787381519671,1.0,0.0,1.0,1
24.120949613324235,1.0,3.0,0.9250431238122333,1.0,0.0,1.0,1
100.92337657807823,1.0,1.0,0.7584329273474427,1.0,0.0,1.0,1
18.466190048831415,3.0,4.0,0.6116482480293989,1.0,1.0,1.0,1
44.12348076237477,3.0,3.0,0.5931024934416176,1.0,0.0,1.0,1
0.0,1.0,0.0,0.5212970952596435,1.0,1.0,1.0,0
53.273422054614024,0.0,0.0,0.3177481493718684,1.0,0.0,0.0,0
49.32523535314052,2.0,0.0,0.7393589141276681,1.0,0.0,0.0,0
0.0,1.0,0.0,0.3688414977866431,0.0,0.0,0.0,0
49.09530855350379,1.0,1.0,0.6316466781787929,1.0,0.0,0.0,0
0.0,2.0,0.0,0.474382357503668,1.0,1.0,1.0,1
26.53698243210234,0.0,0.0,0.5188076197943426,1.0,0.0,0.0,0
29.402073528004774,1.0,0.0,0.8195465947143193,1.0,0.0,0.0,0
35.614048785549166,0.0,1.0,0.49098071076105293,1.0,0.0,0.0,0
50.02367425643469,0.0,0.0,0.5950105310931013,1.0,1.0,0.0,0
17.020453700308398,0.0,1.0,0.8688912913367218,1.0,0.0,0.0,1
25.84076335794118,1.0,1.0,0.14007386832699384,0.0,0.0,0.0,1
56.4360278388545,3.0,2.0,0.1510694771819381,1.0,0.0,1.0,1
27.276162564597442,1.0,1.0,0.8960134402652864,0.0,1.0,1.0,1
0.0,0.0,4.0,0.7211169486502096,1.0,1.0,0.0,0
21.354575170106045,1.0,1.0,0.38737021981151837,1.0,0.0,1.0,1
83.95714288491119,0.0,1.0,0.3943575133170153,1.0,0.0,1.0,0
39.6051411723804,1.0,0.0,0.34450623432465904,1.0,0.0,1.0,1
57.610859866884915,0.0,0.0,0.7454398875537661,1.0,0.0,0.0,0
69.01698322630348,5.0,0.0,0.43993535457982835,0.0,0.0,1.0,1
30.150870585409077,1.0,0.0,0.8002757122474863,1.0,0.0,0.0,0
16.10863721807319,0.0,1.0,0.22002222572733576,1.0,0.0,0.0,1
14.346657718577388,1.0,1.0,0.3438291740761411,1.0,0.0,0.0,0
3.962535644479568,2.0,0.0,0.4321827320495634,1.0,1.0,0.0,0
34.73874284011088,0.0,2.0,0.6095686162710526,1.0,0.0,0.0,1
0.0,1.0,1.0,0.4337992693886101,1.0,1.0,0.0,1
54.324071271838484,1.0,0.0,0.6941376327771033,1.0,0.0,0.0,0
61.843260712144215,1.0,1.0,0.7343014482428697,1.0,0.0,0.0,1
46.991223377211554,0.0,0.0,0.42043351361678466,1.0,0.0,1.0,1
21.67115966821855,1.0,0.0,0.285550107680524,0.0,0.0,0.0,0
111.70658974161752,1.0,2.0,0.2663004753298642,1.0,1.0,1.0,1
44.6806163948077,1.0,1.0,0.6896415662122446,1.0,1.0,0.0,0
17.631823986551176,2.0,2.0,0.7215768487270026,1.0,1.0,1.0,0
46.68468568708596,0.0,2.0,0.6184071557494132,1.0,0.0,0.0,0
0.5890863949934371,0.0,3.0,0.3938727119176125,1.0,1.0,1.0,1
62.808261005408376,2.0,1.0,0.1559567696271991,1.0,0.0,0.0,1
11.328077320312136,1.0,0.0,0.6130474930538808,1.0,0.0,0.0,0
0.0,0.0,1.0,0.23012869385169935,1.0,1.0,1.0,0
6.187855683213738,0.0,0.0,0.8178575210762604,1.0,1.0,0.0,0
28.817214692878718,0.0,1.0,0.6138483408296108,1.0,0.0,1.0,0
6.0207461613707824,0.0,1.0,0.3756681836906779,1.0,1.0,0.0,0
21.07693434305314,0.0,0.0,0.264307484615688,1.0,0.0,0.0,1
81.15472722198466,2.0,0.0,0.07566205822839642,1.0,1.0,1.0,0
9.23505165894362,0.0,2.0,0.5056901711212916,1.0,1.0,1.0,0
0.0,0.0,1.0,0.7501855738963024,1.0,0.0,0.0,0
88.87728432393342,0.0,0.0,0.4436004956366652,1.0,0.0,1.0,1
44.9211497290707,1.0,1.0,0.4493887237303304,1.0,0.0,1.0,1
60.09675359956097,1.0,5.0,0.860571615862841,0.0,0.0,1.0,1
1.7834394416731694,2.0,0.0,0.7337833432353394,0.0,1.0,0.0,0
38.613172051810345,1.0,3.0,0.6488316792026796,1.0,0.0,0.0,1
78.21685919611153,1.0,1.0,0.2056935916156832,1.0,0.0,1.0,1
50.386529885485615,1.0,1.0,0.08141556647410048,1.0,0.0,0.0,1
45.7057102825628,1.0,0.0,0.498454889703313,1.0,0.0,0.0,1
17.31710708129236,0.0,0.0,0.546530751272331,1.0,1.0,0.0,0
0.0,0.0,1.0,0.5183186641624269,1.0,0.0,0.0,0
0.0,0.0,2.0,0.564701742328853,1.0,0.0,0.0,0
51.394496677011354,3.0,1.0,0.29172258581572375,1.0,0.0,0.0,1
26.736192009575277,0.0,0.0,0.7069639169764574,1.0,0.0,0.0,1
168.68135048984698,2.0,1.0,0.16816448402119472,1.0,0.0,1.0,1
6.784751892777116,3.0,1.0,0.4440640889165484,0.0,0.0,0.0,1
69.41055470440935,4.0,2.0,0.7903839070789662,1.0,1.0,0.0,0
0.0,0.0,0.0,0.7782126494220517,1.0,1.0,1.0,0
0.0,0.0,0.0,0.3979048062651239,1.0,1.0,0.0,0
1.441377877228497,1.0,1.0,0.7661644955554852,1.0,0.0,1.0,0
0.0,1.0,0.0,0.6230690515287796,1.0,0.0,0.0,0
37.771417473985224,0.0,1.0,0.617446691528238,1.0,1.0,0.0,0
8.429356327383086,0.0,1.0,0.6711738208520676,0.0,0.0,1.0,0
37.84968475688096,0.0,1.0,0.7333057812915853,1.0,1.0,0.0,0
0.0,0.0,1.0,0.7891762914269255,1.0,1.0,0.0,0
2.381502862464777,0.0,0.0,0.5236498774425993,1.0,0.0,0.0,0
100.4987424486127,2.0,4.0,0.3991504680296811,1.0,0.0,0.0,1
12.937169945946902,1.0,1.0,0.7850874145087225,1.0,0.0,0.0,0
0.0,0.0,0.0,0.7563173896919175,0.0,0.0,0.0,0
109.97389428597852,0.0,1.0,0.7195836369859444,1.0,1.0,0.0,0
0.0,3.0,0.0,0.8244313243610043,1.0,0.0,0.0,0
48.68080332715843,0.0,1.0,0.4479420781880118,1.0,0.0,0.0,0
13.884041474395746,1.0,2.0,0.5674930992916359,0.0,1.0,1.0,1
20.942357646197323,0.0,3.0,0.523447734805597,1.0,1.0,0.0,0
1.3042907111371944,0.0,1.0,0.38004352622576043,1.0,0.0,0.0,0
28.412981613253237,0.0,1.0,0.3988538706578824,1.0,1.0,0.0,0
4.279234895527777,0.0,2.0,0.7641433975734219,1.0,0.0,0.0,0
11.298623626511977,2.0,1.0,0.7958149191040302,1.0,1.0,1.0,0
130.41880647594274,3.0,1.0,0.41438661691857803,0.0,0.0,1.0,1
61.938993356327245,0.0,3.0,0.30207280153948984,1.0,0.0,1.0,1
19.418931435427737,1.0,0.0,0.6946957208474727,0.0,1.0,1.0,0
38.91888495734444,2.0,0.0,0.5326780823295267,1.0,0.0,0.0,0
0.0,1.0,1.0,0.8275741652672169,1.0,0.0,1.0,0
25.2917548173759,0.0,3.0,0.07683769968257803,1.0,0.0,1.0,0
12.014929048556269,1.0,1.0,0.6500880220616955,1.0,1.0,0.0,0
34.54941194963334,0.0,1.0,0.4521359562309713,1.0,0.0,0.0,0
6.006477014727092,0.0,0.0,0.7203420963507154,0.0,0.0,0.0,0
42.36268987160872,0.0,0.0,0.4318504937257354,1.0,1.0,0.0,0
31.190899419837407,1.0,0.0,0.5497114592622661,1.0,0.0,0.0,1
74.26510747352968,1.0,0.0,0.5674845109858588,1.0,0.0,1.0,0
0.0,0.0,2.0,0.3360898921748474,1.0,1.0,0.0,0
91.6741698636306,4.0,2.0,0.41139937205289673,0.0,0.0,1.0,1
57.53184340581129,0.0,0.0,0.11932818077126525,1.0,1.0,0.0,1
3.0022126067197323,0.0,0.0,0.6041750580095542,1.0,0.0,0.0,0
79.25169066691366,3.0,2.0,0.1397326085986049,1.0,0.0,0.0,1
69.88593970029585,0.0,0.0,0.8629683131414078,1.0,1.0,0.0,0
124.1430655517313,0.0,2.0,0.7085157690177883,1.0,0.0,1.0,1
13.909503944029108,0.0,0.0,0.16378195640127208,1.0,1.0,0.0,0
0.0,2.0,2.0,0.6467396677262869,1.0,0.0,0.0,0
43.48224282207916,3.0,1.0,0.6926426220812704,0.0,0.0,0.0,1
78.65656971613966,5.0,3.0,0.4458411379576786,0.0,0.0,1.0,1
31.210113544110484,1.0,1.0,0.9488821416866394,1.0,1.0,0.0,0
27.757862435133184,1.0,1.0,0.6493234060846911,1.0,0.0,1.0,1
52.28177589653142,0.0,1.0,0.680602857794344,1.0,0.0,0.0,0
6.19961835017229,0.0,1.0,0.6178874033615039,1.0,0.0,1.0,0
64.09225530513282,0.0,0.0,0.5158557260652064,1.0,0.0,1.0,0
137.9443024468074,5.0,1.0,0.2507489857913433,1.0,1.0,1.0,1
28.255030955303237,0.0,0.0,0.3171314864866413,1.0,1.0,0.0,0
144.1916525349759,2.0,3.0,0.31924942015769825,1.0,0.0,0.0,1
32.768469678065806,0.0,0.0,0.48322500176611816,0.0,0.0,0.0,1
21.605902143542508,0.0,1.0,0.6179960675935203,1.0,0.0,1.0,0
98.77844678664728,0.0,0.0,0.8646124489178441,1.0,0.0,0.0,0
89.60467241813843,1.0,2.0,0.5879957037077399,1.0,0.0,1.0,1
56.99404917976659,0.0,0.0,0.5127376556089183,1.0,1.0,0.0,0
83.4952485780824,0.0,0.0,0.14654748520744418,1.0,0.0,0.0,1
46.34561017838432,2.0,0.0,0.7747453612745882,1.0,0.0,0.0,0
9.905324410938661,0.0,0.0,0.2973227948885941,1.0,1.0,1.0,0
65.69014828141523,0.0,0.0,0.37722154498931004,1.0,0.0,0.0,0
27.942933804859358,0.0,1.0,0.8567804682117561,1.0,0.0,1.0,0
52.26039611609393,0.0,2.0,0.761402928458293,1.0,0.0,0.0,1
9.546649050061381,0.0,0.0,0.8654005301091261,1.0,0.0,1.0,0
24.82128134968116,0.0,0.0,0.6821730626010936,1.0,0.0,1.0,0
55.89282627321465,0.0,1.0,0.7246421834287452,1.0,0.0,0.0,0
26.686504805586527,0.0,0.0,0.7414390345956787,1.0,1.0,0.0,0
62.33155772035754,0.0,1.0,0.5346750177781482,1.0,1.0,0.0,0
30.211089665925414,1.0,0.0,0.20752161666744062,1.0,1.0,1.0,0
149.0475729759268,0.0,1.0,0.12499803270432679,1.0,0.0,1.0,1
15.64615746946019,0.0,1.0,0.4743352597556278,1.0,0.0,0.0,0
8.717016050547468,1.0,0.0,0.3578404795673842,1.0,0.0,0.0,0
52.94296272628095,0.0,1.0,0.4449572398226498,1.0,0.0,0.0,0
98.86324827104839,2.0,2.0,0.735196398569636,1.0,0.0,1.0,1
3.4366124560490645,1.0,2.0,0.4628598034295854,1.0,0.0,0.0,0
40.17502506714746,1.0,3.0,0.05509294765006022,1.0,0.0,0.0,1
0.0,0.0,0.0,0.530573943062979,1.0,1.0,0.0,0
12.296482950880891,1.0,1.0,0.5642217699949039,0.0,0.0,0.0,0
21.313263522400558,1.0,3.0,0.43222934813622055,1.0,0.0,1.0,1
1.389277012401291,0.0,1.0,0.2450523137146945,1.0,0.0,0.0,0
11.188601184076836,1.0,2.0,0.5246989146672071,1.0,0.0,1.0,1
76.01878960278307,1.0,1.0,0.6056553209204152,1.0,1.0,1.0,0
19.690786339779788,2.0,1.0,0.33534596703493624,1.0,0.0,0.0,0
45.99174262054784,0.0,0.0,0.5629945907117899,0.0,0.0,0.0,0
102.32521700902694,3.0,2.0,0.6822804966193813,0.0,0.0,0.0,1
54.54998323381252,0.0,1.0,0.5651128815090662,1.0,1.0,0.0,0
89.59266112053739,2.0,4.0,0.3113147546505105,0.0,0.0,0.0,1
36.994378154099536,2.0,0.0,0.7847748841373652,1.0,1.0,1.0,1
0.0,0.0,0.0,0.7343710383572012,1.0,0.0,0.0,0
0.0,0.0,0.0,0.622312136762592,1.0,0.0,1.0,1
43.661847193978794,0.0,3.0,0.42424014159131895,1.0,0.0,1.0,0
27.96077469740474,2.0,0.0,0.5003462192376631,1.0,0.0,0.0,0
0.0,2.0,0.0,0.6269494422676376,1.0,1.0,1.0,0
51.83379465890883,0.0,0.0,0.35381614636149883,1.0,1.0,1.0,0
0.0,0.0,1.0,0.8090609638074661,1.0,1.0,0.0,0
15.767380191077077,1.0,1.0,0.6775190540407466,1.0,0.0,0.0,0
32.37103305323495,0.0,0.0,0.5692229569807475,1.0,1.0,1.0,0
3.4147292937308906,3.0,1.0,0.210249807100363,1.0,0.0,1.0,0
15.017407105159947,1.0,0.0,0.8428015305765868,1.0,1.0,0.0,0
26.606390362457823,1.0,0.0,0.2967911697024673,1.0,0.0,0.0,0
17.29142079539072,1.0,0.0,0.5362910294857206,1.0,1.0,1.0,0
14.332271209309717,0.0,1.0,0.6051846606630753,1.0,0.0,0.0,0
53.75919509550501,5.0,0.0,0.1159515018494847,1.0,0.0,1.0,1
27.922320066564254,0.0,3.0,0.5143248186491229,1.0,1.0,1.0,1
111.69611167293652,1.0,1.0,0.2839553492868899,1.0,0.0,0.0,1
21.13083830628812,0.0,1.0,0.45206386784735253,0.0,1.0,0.0,0
0.0,0.0,1.0,0.5630641054740188,0.0,0.0,1.0,1
1.084024974185266,1.0,1.0,0.5278403899412107,1.0,1.0,0.0,0
45.27553987935608,0.0,0.0,0.6796196113603493,1.0,0.0,0.0,0
51.44340799707323,0.0,5.0,0.908673508449994,1.0,0.0,1.0,1
3.22347477950487,0.0,0.0,0.8232054327467109,1.0,0.0,0.0,0
89.82167812793719,0.0,1.0,0.5554339601897874,1.0,0.0,0.0,0
0.0,1.0,0.0,0.9231185219559669,1.0,0.0,0.0,0
10.849685474891778,0.0,1.0,0.8984050097244619,1.0,0.0,0.0,0
58.264986284581866,2.0,1.0,0.29980608879123477,1.0,0.0,1.0,1
84.58231595720771,0.0,1.0,0.430085689021692,1.0,0.0,1.0,1
36.87814394604501,0.0,1.0,0.4804591146382128,1.0,0.0,1.0,1
18.85420383191694,2.0,1.0,0.638354183306731,1.0,0.0,0.0,0
26.971905555677502,1.0,1.0,0.7983944682686618,1.0,0.0,1.0,0
8.882060442951754,0.0,1.0,0.80469096194537,1.0,1.0,0.0,0
2.4848731442446925,2.0,0.0,0.8531192638489343,1.0,0.0,0.0,0
57.233456522142234,1.0,1.0,0.9125961597779907,1.0,1.0,0.0,0
47.30733547280864,1.0,1.0,0.5274333716308514,1.0,0.0,0.0,1
4.575667653560869,0.0,0.0,0.720508757698958,1.0,1.0,0.0,0
0.0,0.0,4.0,0.5708780919110868,1.0,0.0,0.0,1
4.660411667865498,1.0,1.0,0.8476403220602683,1.0,0.0,0.0,1
46.5167019151768,1.0,1.0,0.3308766555999958,1.0,0.0,0.0,0
44.81600079227413,0.0,2.0,0.2390494630977516,1.0,1.0,0.0,1
51.198904284348664,1.0,0.0,0.538772721287296,1.0,0.0,0.0,0
40.36306974862258,0.0,0.0,0.8633720621291985,1.0,1.0,0.0,0
69.53881557795111,1.0,3.0,0.2719497501554871,1.0,0.0,0.0,1
78.41605666351157,2.0,0.0,0.44298197183734733,1.0,0.0,0.0,0
46.60218529207904,1.0,0.0,0.8120231186244421,1.0,0.0,1.0,0
7.163465892648488,1.0,0.0,0.4132792889732393,1.0,0.0,1.0,0
53.21365696420145,1.0,0.0,0.5696672899137442,1.0,0.0,0.0,0
76.8260818091295,0.0,0.0,0.32197499842625976,1.0,0.0,0.0,1
3.1459834758787437,0.0,2.0,0.9596712446188781,1.0,1.0,1.0,0
23.5113549488283,1.0,0.0,0.38131365251342103,1.0,0.0,0.0,0
22.827724484216393,0.0,1.0,0.8394855132722947,1.0,1.0,0.0,0
29.247919408196648,0.0,0.0,0.2445514589798443,1.0,1.0,0.0,0
63.61088910395094,1.0,1.0,0.13692091403862847,1.0,0.0,0.0,0
43.78867080470903,5.0,1.0,0.6019164326990941,1.0,0.0,0.0,1
97.46889823711531,1.0,3.0,0.4995978224186463,1.0,0.0,1.0,1
66.12333035502807,2.0,2.0,0.19870533428377887,1.0,0.0,0.0,1
33.30171296608572,2.0,1.0,0.8054936366449063,1.0,0.0,1.0,1
0.0,2.0,0.0,0.6972152163934268,1.0,1.0,1.0,0
29.926145357084785,2.0,2.0,0.39640452424262823,1.0,0.0,1.0,1
93.81891008922355,3.0,3.0,0.5332073440619829,1.0,0.0,1.0,1
20.512022854541407,1.0,2.0,0.8493065875010338,1.0,0.0,0.0,0
81.11151076687366,1.0,2.0,0.6831976064537676,1.0,0.0,1.0,1
16.782186414217293,0.0,1.0,0.8915964810551774,0.0,0.0,1.0,0
0.0,0.0,1.0,0.5721756893708707,1.0,0.0,0.0,0
1.0200288921057563,1.0,0.0,0.2303423243823225,1.0,1.0,0.0,0
16.218008767644143,0.0,3.0,0.8868306031345246,1.0,0.0,0.0,0
49.43205730819217,2.0,1.0,0.5642668192614019,1.0,0.0,1.0,1
15.489272220015305,0.0,1.0,0.5272560795202508,1.0,0.0,1.0,0
11.209307150766834,2.0,0.0,0.48630401967867976,1.0,0.0,1.0,0
2.2800146691076293,0.0,0.0,0.6475346022874392,1.0,1.0,0.0,0
17.980429454068357,1.0,2.0,0.6159669766943591,0.0,0.0,1.0,1
19.355130976868292,0.0,1.0,0.6769922274763192,1.0,0.0,0.0,0
66.02437904252122,0.0,0.0,0.5692431615976028,1.0,1.0,0.0,0
26.822637407425383,1.0,2.0,0.7925511297311698,1.0,0.0,0.0,0
24.579825164919264,1.0,0.0,0.7316456998312526,1.0,0.0,0.0,1
40.22518717220906,0.0,2.0,0.32997737147323347,1.0,0.0,0.0,0
61.32785540653744,0.0,1.0,0.17721417733705652,1.0,0.0,0.0,1
77.77680217867984,0.0,1.0,0.11406504101474334,1.0,0.0,0.0,1
30.04983037398629,4.0,1.0,0.6714384049031561,1.0,1.0,0.0,0
21.83388611924925,0.0,1.0,0.5508562284488506,1.0,0.0,1.0,1
0.0,1.0,2.0,0.38486458762232795,1.0,1.0,1.0,0
18.756424662249024,2.0,1.0,0.43757048746228866,1.0,1.0,0.0,0
40.82824885737767,0.0,2.0,0.7433922217325786,1.0,0.0,0.0,1
36.287876290043336,0.0,1.0,0.5078857882256299,1.0,1.0,0.0,0
43.22800420914335,3.0,2.0,0.49857524969682543,0.0,1.0,1.0,1
0.0,1.0,1.0,0.22110265800064555,1.0,0.0,0.0,0
22.126394715718686,2.0,0.0,0.8999501469476575,1.0,0.0,0.0,0
87.60791649912856,1.0,1.0,0.4800510420038459,1.0,1.0,1.0,1
50.957122311400475,0.0,1.0,0.47965117901098353,1.0,1.0,0.0,0
24.957818975387312,0.0,0.0,0.2791376305699932,1.0,0.0,1.0,0
29.463845211128636,2.0,0.0,0.457432143162845,1.0,1.0,0.0,0
66.14337302965285,0.0,0.0,0.807073212212898,1.0,1.0,1.0,0
22.59839064980197,1.0,0.0,0.4922273334415541,1.0,1.0,0.0,1
0.0,1.0,3.0,0.8128644784003712,1.0,1.0,0.0,0
0.0,0.0,2.0,0.6955341598984612,1.0,0.0,0.0,0
3.707599385843551,0.0,0.0,0.2832976800407204,0.0,0.0,0.0,0
103.48203074214827,1.0,3.0,0.2741690001772272,1.0,0.0,0.0,1
0.0,0.0,1.0,0.5562046518287435,1.0,0.0,0.0,0
91.23244930405586,1.0,2.0,0.5569410577738392,1.0,0.0,0.0,1
70.0649839017562,1.0,3.0,0.25075112712785524,1.0,0.0,0.0,1
1.501881676328575,1.0,2.0,0.8089428786841925,1.0,0.0,0.0,1
0.0,0.0,2.0,0.970361716507899,1.0,0.0,1.0,0
0.7622301659487469,0.0,0.0,0.5254774579792137,1.0,1.0,1.0,0
31.91833813972309,1.0,1.0,0.4784072112046362,1.0,1.0,0.0,0
97.59078460831373,3.0,2.0,0.5192265423121363,1.0,0.0,1.0,1
116.66513978055343,2.0,4.0,0.3811861453920201,1.0,0.0,1.0,1
0.9737511219654422,1.0,0.0,0.41329648621063747,0.0,0.0,1.0,1
93.61399198774484,1.0,1.0,0.36329369788952204,1.0,0.0,1.0,1
0.0,1.0,3.0,0.37271258740259344,1.0,1.0,0.0,0
58.219271508797476,0.0,0.0,0.6733511916378195,0.0,1.0,1.0,0
4.816072702100704,0.0,0.0,0.8186359092319744,1.0,0.0,1.0,0
76.73539695884958,4.0,2.0,0.5660644241293127,1.0,0.0,0.0,1
35.82588847885196,2.0,3.0,0.5434558148360845,1.0,0.0,1.0,1
0.0,1.0,1.0,0.7538105876315803,1.0,0.0,0.0,0
7.994850635161569,0.0,1.0,0.7937603625374334,1.0,0.0,0.0,1
1.4635366341473919,1.0,0.0,0.3237705977363323,1.0,0.0,0.0,0
74.64739154801308,3.0,0.0,0.2323100183029907,1.0,0.0,0.0,1
42.36207157962886,2.0,2.0,0.16777781555458665,1.0,0.0,0.0,1
67.37188118044138,0.0,0.0,0.39302871724305327,1.0,0.0,0.0,0
0.0,0.0,0.0,0.46598868578801705,1.0,1.0,0.0,0
61.08976390669158,2.0,1.0,0.3388869778339089,1.0,1.0,0.0,0
19.196064651574662,3.0,0.0,0.413558451088401,1.0,0.0,1.0,1
15.38278514208062,0.0,1.0,0.360550909414171,1.0,1.0,0.0,0
2.7841305105036227,0.0,0.0,0.937801058313313,1.0,1.0,0.0,1
28.07540394597151,4.0,2.0,0.5142940789816092,1.0,1.0,1.0,1
0.0,0.0,0.0,0.6968833548819504,1.0,1.0,1.0,0
28.867461122459154,0.0,0.0,0.6803909119468096,1.0,0.0,0.0,0
10.162054881802904,1.0,2.0,0.7786864986017437,1.0,1.0,0.0,0
2.927626253575651,0.0,1.0,0.5331668799801269,1.0,1.0,0.0,0
51.11403558037871,0.0,1.0,0.7579127853902791,1.0,1.0,1.0,0
22.088070850071666,0.0,1.0,0.3450151700017069,1.0,1.0,0.0,0
52.76648451374566,0.0,0.0,0.6241022253533587,1.0,1.0,1.0,0
15.870387202779249,1.0,1.0,0.7379677277835119,0.0,0.0,0.0,0
18.477345816389732,1.0,0.0,0.422906134643722,1.0,0.0,1.0,0
55.177133913039846,1.0,1.0,0.6208002948734672,1.0,0.0,0.0,0
83.16593436458383,1.0,6.0,0.6739247191782197,1.0,0.0,1.0,0
31.573780475607407,1.0,0.0,0.6286665185277677,1.0,1.0,0.0,0
39.753268373150554,0.0,0.0,0.9786855443305953,1.0,1.0,1.0,0
22.78294589108199,2.0,1.0,0.6922287129344724,1.0,1.0,0.0,0
0.0,0.0,2.0,0.8954308893977422,1.0,1.0,1.0,0
95.88820387395938,4.0,0.0,0.19126675268896945,1.0,1.0,1.0,1
106.01627245158473,2.0,1.0,0.6278216333108201,1.0,0.0,0.0,0
100.17987339728987,0.0,2.0,0.1125941583408345,1.0,0.0,1.0,1
3.357557850471935,0.0,0.0,0.7782455283403796,1.0,0.0,1.0,0
52.74584113147382,0.0,0.0,0.4926898012792379,1.0,0.0,1.0,1
13.318314354994776,0.0,1.0,0.639381422702856,1.0,0.0,1.0,0
11.671951125703057,0.0,1.0,0.5197065267997817,1.0,0.0,1.0,0
18.713329767019946,1.0,2.0,0.7939624949425775,0.0,1.0,0.0,0
16.83885468170174,1.0,1.0,0.8124654006060139,1.0,1.0,0.0,0
0.0,0.0,1.0,0.7751661902551649,1.0,0.0,0.0,0
0.0,0.0,0.0,0.7919075409156117,1.0,0.0,0.0,0
0.0,0.0,1.0,0.7551719152588704,1.0,1.0,1.0,0
15.136623642215497,1.0,0.0,0.6981464560786228,0.0,1.0,0.0,0
0.0,0.0,0.0,0.7319365983554974,1.0,1.0,1.0,0
0.0,3.0,1.0,0.07894466564293898,1.0,1.0,0.0,1
25.245764558653384,0.0,1.0,0.5853601914923561,1.0,0.0,0.0,0
67.98593427133044,4.0,1.0,0.1995428927046707,1.0,0.0,1.0,1
69.60498362743097,2.0,2.0,0.15885185658330292,1.0,0.0,1.0,1
46.35157972932428,2.0,1.0,0.10587936112686598,1.0,0.0,1.0,1
41.18674054616592,1.0,0.0,0.8110376349295464,1.0,1.0,0.0,0
6.4845008347329935,0.0,0.0,0.39463322894084163,1.0,1.0,0.0,0
46.0071169617825,1.0,0.0,0.4159613361617517,1.0,0.0,0.0,0
15.515668219879856,1.0,0.0,0.6280313720087808,1.0,0.0,0.0,0
31.24947380533414,2.0,0.0,0.8818193902397707,1.0,0.0,0.0,0
131.7933862037549,1.0,0.0,0.8272595996422155,0.0,0.0,0.0,0
22.93051092344371,0.0,4.0,0.5480217701939961,1.0,0.0,1.0,1
0.0,1.0,0.0,0.8311329324889316,1.0,0.0,0.0,0
36.88958296363528,0.0,6.0,0.8705764701422805,1.0,0.0,0.0,1
77.75842695155949,1.0,0.0,0.35746901797351677,0.0,0.0,0.0,1
51.48173252690444,2.0,2.0,0.4594754724948348,1.0,0.0,1.0,1
9.175327599939344,0.0,1.0,0.6450579066214589,1.0,0.0,1.0,0
126.16253819034897,3.0,1.0,0.22563228666613908,1.0,0.0,1.0,1
0.0,0.0,0.0,0.5135597573400551,1.0,0.0,0.0,0
42.854098997736614,0.0,2.0,0.8164818978672327,1.0,1.0,0.0,1
24.384020901805577,0.0,1.0,0.8819820897462165,1.0,1.0,0.0,0
59.35816470350708,1.0,1.0,0.7106096164061572,1.0,1.0,0.0,0
53.758867819667906,1.0,2.0,0.681513337751619,1.0,1.0,0.0,0
29.593192061001346,2.0,1.0,0.4166836957199004,1.0,0.0,1.0,0
1.3601202930727148,1.0,0.0,0.44195700644239677,1.0,1.0,1.0,0
33.78801421171892,1.0,2.0,0.6093191267260722,1.0,0.0,1.0,1
33.00200608674658,1.0,0.0,0.8202359420212013,1.0,1.0,0.0,0
21.37789054596189,0.0,0.0,0.5005546967036335,1.0,0.0,0.0,0
115.11090419617095,2.0,3.0,0.4394561455462899,1.0,0.0,1.0,0
0.0,0.0,0.0,0.9614968254478753,1.0,0.0,0.0,0
21.64794992434102,0.0,2.0,0.8635892044755553,1.0,1.0,1.0,0
35.64284347793587,0.0,2.0,0.697646250968764,1.0,0.0,0.0,1
7.858781702913337,0.0,0.0,0.6391689050401511,1.0,0.0,0.0,0
0.0,3.0,2.0,0.17761746649556479,1.0,0.0,1.0,1
3.239161671435296,1.0,1.0,0.5057537562372343,1.0,0.0,1.0,0
0.0,2.0,0.0,0.43005239487982855,1.0,1.0,0.0,0
128.82755156236348,2.0,2.0,0.8892334537600243,1.0,0.0,0.0,0
6.272550222178439,1.0,1.0,0.1955396767692102,1.0,1.0,0.0,0
34.30335056721628,0.0,1.0,0.8170241040852264,1.0,1.0,0.0,0
125.84647363957025,2.0,0.0,0.2838818670397623,0.0,0.0,1.0,1
0.0,1.0,2.0,0.7062166288284676,1.0,0.0,1.0,0
16.435092188422026,0.0,0.0,0.3899388598919452,1.0,1.0,0.0,1
5.730872957958117,0.0,0.0,0.8614620487379484,1.0,0.0,0.0,0
14.109843036400324,4.0,2.0,0.5055330578763237,0.0,0.0,0.0,1
27.927610524621155,0.0,2.0,0.4801052936218239,1.0,1.0,0.0,0
111.27284537196044,5.0,1.0,0.4470521778609339,1.0,0.0,0.0,1
36.32376682104927,0.0,1.0,0.3317911469041969,1.0,1.0,0.0,0
48.59264530410795,4.0,1.0,0.19599128975143923,0.0,0.0,0.0,1
103.31883247802882,1.0,2.0,0.3291391728154188,0.0,1.0,1.0,1
39.75644346465772,0.0,2.0,0.42926183139971047,1.0,1.0,1.0,1
47.28532448768402,0.0,0.0,0.7431376721039076,1.0,1.0,0.0,0
19.30186428266934,0.0,0.0,0.6952634357782177,1.0,1.0,0.0,0
42.035858136485,1.0,0.0,0.8317532663248607,1.0,0.0,0.0,1
41.58800700425042,0.0,4.0,0.6996209785896118,1.0,1.0,0.0,1
20.858660460317314,5.0,1.0,0.18990373959616158,0.0,0.0,1.0,1
24.738588356068206,0.0,0.0,0.8219218522117056,1.0,0.0,0.0,0
34.00878497309896,0.0,1.0,0.6339014355722179,1.0,1.0,0.0,1
132.16883504296268,1.0,1.0,0.4364279143487367,1.0,0.0,1.0,1
21.91944891210028,0.0,0.0,0.8384706590127342,1.0,1.0,1.0,0
118.9957452218751,4.0,1.0,0.39403017986461314,0.0,1.0,0.0,1
0.0,0.0,1.0,0.6393906613996636,1.0,1.0,0.0,0
48.38746326483238,3.0,3.0,0.170940316017754,0.0,0.0,0.0,1
20.263842705163732,0.0,1.0,0.8128785638021371,1.0,1.0,0.0,0
27.46414132278755,1.0,0.0,0.33084215845640536,1.0,1.0,0.0,0
13.252027234505686,0.0,1.0,0.11471413814556311,1.0,1.0,0.0,0
27.856844935170017,0.0,2.0,0.6526419374343171,1.0,1.0,0.0,0
153.68320728654362,1.0,3.0,0.3861849904959854,1.0,0.0,1.0,1
0.0,0.0,2.0,0.6612040306809134,1.0,1.0,1.0,0
7.835179906060112,0.0,0.0,0.4098062052390971,1.0,0.0,0.0,0
2.350911582346331,0.0,1.0,0.9272570516461518,1.0,1.0,0.0,0
9.242846487487286,0.0,3.0,0.4180803340006777,1.0,0.0,1.0,1
10.897032105896262,1.0,0.0,0.7130125444673984,1.0,1.0,0.0,0
49.97055477500335,0.0,2.0,0.9972319903435031,0.0,0.0,0.0,0
27.357863402347963,4.0,3.0,0.5302134048355538,0.0,0.0,1.0,1
7.61718235382102,0.0,1.0,0.8348002909329701,1.0,1.0,0.0,0
58.62538583343407,1.0,2.0,0.599488484314827,1.0,1.0,0.0,0
95.82376916403275,1.0,0.0,0.5213943752120773,1.0,0.0,0.0,1
16.137148280308548,1.0,1.0,0.6286140278003157,1.0,1.0,0.0,1
0.0,1.0,0.0,0.787775984063806,1.0,0.0,0.0,0
20.583876335677058,2.0,2.0,0.40018629725910176,1.0,1.0,0.0,0
0.0,0.0,0.0,0.7744476767557038,1.0,1.0,0.0,0
7.082466922065466,0.0,0.0,0.5512255427932642,1.0,1.0,0.0,0
21.890832724682276,5.0,0.0,0.3669553256935182,1.0,0.0,1.0,1
44.8225650390951,1.0,0.0,0.8084775269452917,1.0,1.0,0.0,0
0.0,1.0,0.0,0.7850107493746449,1.0,0.0,0.0,1
0.0,0.0,1.0,0.9441186796763698,1.0,1.0,1.0,0
9.559712654641636,1.0,4.0,0.27113393944440395,0.0,0.0,0.0,0
11.495999821800979,0.0,1.0,0.5973272621556496,1.0,0.0,1.0,0
10.517348264882141,0.0,1.0,0.8085813541051887,1.0,0.0,0.0,0
0.0,0.0,2.0,0.39169326916471314,1.0,1.0,0.0,0
30.306371786778485,0.0,0.0,0.6082070801423236,1.0,1.0,0.0,0
10.425878126951087,1.0,0.0,0.8286259048154186,1.0,0.0,1.0,0
3.684181136086572,0.0,1.0,0.41639518900673955,1.0,0.0,0.0,0
0.0,0.0,3.0,0.5483698146362629,1.0,0.0,1.0,0
0.0,0.0,0.0,0.44564527111499563,1.0,0.0,0.0,0
131.97202854190996,3.0,1.0,0.33602244784199764,1.0,1.0,1.0,1
109.26088486673964,2.0,2.0,0.8282518837449635,1.0,0.0,1.0,0
0.0,0.0,0.0,0.5537216547869871,1.0,1.0,1.0,1
6.340971465046604,1.0,1.0,0.6676115117492821,1.0,1.0,0.0,0
59.409227093937744,0.0,0.0,0.9216206591378437,1.0,1.0,0.0,0
8.216463062217606,0.0,0.0,0.8100418001715766,1.0,0.0,0.0,0
39.26664262634656,0.0,0.0,0.48148020036503153,1.0,0.0,0.0,1
48.61487876741005,3.0,1.0,0.5468872408121792,1.0,0.0,1.0,1
123.8630225236908,0.0,1.0,0.45188298504393787,0.0,0.0,0.0,1
9.506950192390256,0.0,2.0,0.5049595408343456,1.0,1.0,0.0,0
24.452741901966426,1.0,0.0,0.4228324817443434,0.0,0.0,0.0,0
26.639505564913375,0.0,0.0,0.3783088292171206,1.0,0.0,1.0,0
0.0,0.0,1.0,0.776324571917338,1.0,0.0,0.0,0
25.69400482148921,1.0,1.0,0.7408976158255829,1.0,1.0,1.0,0
61.8747094970941,0.0,0.0,0.5460512630889617,1.0,0.0,1.0,0
0.0,0.0,0.0,0.5854848950546118,1.0,1.0,0.0,0
47.4928397548775,1.0,1.0,0.39418881896127594,0.0,1.0,0.0,1
39.306290389282864,2.0,3.0,0.820019370013376,1.0,0.0,1.0,1
7.860338636429603,0.0,0.0,0.7398689286328134,0.0,1.0,1.0,0
0.0,1.0,0.0,0.42474714533506114,1.0,0.0,0.0,0
0.0,1.0,0.0,0.46557093187699494,1.0,0.0,1.0,0
84.28936233604422,1.0,2.0,0.20151608547089117,1.0,0.0,1.0,1
14.834101818467744,1.0,1.0,0.21877042698734084,1.0,0.0,1.0,1
85.4553544105728,0.0,1.0,0.7262939622893884,1.0,0.0,0.0,0
26.81225625760305,1.0,0.0,0.37547688069162377,1.0,1.0,1.0,0
56.73350965317424,1.0,2.0,0.8025508022125275,1.0,0.0,0.0,0
25.611985377944983,1.0,3.0,0.8503352310897115,1.0,0.0,1.0,1
57.80219811800937,2.0,0.0,0.855038992404074,1.0,1.0,0.0,0
36.61978142706049,2.0,0.0,0.778844867443964,1.0,1.0,0.0,0
47.787598375423926,0.0,2.0,0.839480159161117,1.0,1.0,0.0,0
24.147603598150397,0.0,1.0,0.5934727173100292,1.0,1.0,0.0,0
140.74370418908538,2.0,1.0,0.2937590734335565,1.0,0.0,0.0,1
30.220069011473914,0.0,2.0,0.8100204213022252,1.0,0.0,0.0,0
5.2927202196048375,1.0,0.0,0.7648400194932755,1.0,1.0,1.0,0
20.29858653007698,0.0,1.0,0.7977855648192801,1.0,1.0,1.0,0
37.55923314912674,2.0,0.0,0.5789932009875687,1.0,1.0,0.0,1
0.0,0.0,0.0,0.6086974230694869,1.0,1.0,0.0,0
23.016762684982783,2.0,1.0,0.5121287146224701,1.0,0.0,0.0,0
58.847637277454396,2.0,0.0,0.8016572564044763,1.0,1.0,0.0,0
64.51542062556632,0.0,0.0,0.5063240764448508,1.0,0.0,0.0,0
32.94373584080704,0.0,1.0,0.6390675965740975,1.0,0.0,0.0,0
25.203604409999848,0.0,0.0,0.768592851009696,1.0,0.0,1.0,1
39.17945632531263,3.0,2.0,0.7073432130049252,1.0,1.0,0.0,1
70.50673242638905,0.0,0.0,0.744097480709926,1.0,1.0,0.0,0
0.0,1.0,1.0,0.5539446192742816,1.0,1.0,0.0,0
11.902037311518717,1.0,1.0,0.8443633060975232,0.0,0.0,1.0,1
34.89885873109317,1.0,2.0,0.3958476869985082,1.0,0.0,0.0,1
21.781139367165114,0.0,0.0,0.8812198066889247,0.0,0.0,1.0,0
29.108503770778864,2.0,0.0,0.7730952774550646,1.0,0.0,1.0,1
29.894884103067092,0.0,2.0,0.6294928376759165,1.0,0.0,1.0,1
10.947516913858374,2.0,0.0,0.761598040336797,1.0,1.0,0.0,0
34.405275653322114,0.0,0.0,0.7226791059136002,1.0,1.0,0.0,0
36.207938694061625,0.0,2.0,0.5009852992498984,1.0,1.0,0.0,0
20.18985074160025,3.0,1.0,0.5215493044366762,0.0,1.0,1.0,1
88.02149332291509,0.0,2.0,0.26485297083822745,1.0,0.0,0.0,1
10.866944143764353,3.0,4.0,0.9073255927236178,1.0,1.0,0.0,1
29.152217296680377,0.0,0.0,0.293486916833441,1.0,1.0,1.0,0
2.479234690669138,0.0,1.0,0.5161527693272208,1.0,1.0,0.0,0
17.81178343823793,1.0,3.0,0.8372648394237331,1.0,0.0,0.0,1
0.0,0.0,2.0,0.3028777422355547,1.0,1.0,1.0,0
41.252830577936514,2.0,3.0,0.17134307351581363,1.0,0.0,1.0,0
27.97486942468715,2.0,2.0,0.16420839920418073,0.0,0.0,0.0,0
35.19369210199054,0.0,0.0,0.6821420733923547,1.0,1.0,1.0,1
28.70178555617548,1.0,1.0,0.5068675753339931,1.0,0.0,0.0,1
31.632059577442558,1.0,1.0,0.8496480512344177,1.0,0.0,1.0,1
20.32302160933417,0.0,0.0,0.7054475248896754,0.0,0.0,0.0,0
27.290443713204642,1.0,0.0,0.6635325409404713,1.0,0.0,0.0,0
72.19388440533983,3.0,2.0,0.04507631523316848,1.0,0.0,0.0,1
66.31557848087968,3.0,7.0,0.04637083057979073,1.0,0.0,0.0,1
15.431975190293706,1.0,0.0,0.8725360164747783,1.0,0.0,0.0,0
83.64919876284938,1.0,0.0,0.9152784269379012,1.0,0.0,0.0,0
29.0630533290326,2.0,1.0,0.824010341167507,1.0,1.0,1.0,1
29.985832665816794,1.0,0.0,0.6368202923909034,1.0,0.0,1.0,1
9.597866117233012,0.0,1.0,0.7386095961051655,1.0,0.0,0.0,0
110.86229267110505,2.0,2.0,0.6370103867726954,1.0,0.0,0.0,1
64.35683680821836,2.0,5.0,0.5007593350023869,1.0,0.0,1.0,1
10.87622459580798,0.0,0.0,0.4994840628453607,1.0,0.0,1.0,0
0.0,0.0,1.0,0.5100214842526709,1.0,1.0,0.0,0
0.0,1.0,1.0,0.5248566805097103,1.0,1.0,0.0,0
35.9878074940653,4.0,1.0,0.9279393270786093,1.0,0.0,1.0,1
32.173666256489824,0.0,0.0,0.6807313388697321,1.0,1.0,0.0,0
21.56706404172562,1.0,1.0,0.4812110369343994,1.0,0.0,0.0,0
0.0,0.0,0.0,0.3916032326539195,1.0,1.0,0.0,1
0.0,0.0,0.0,0.6994836355862714,1.0,1.0,0.0,0
4.537211570308305,0.0,1.0,0.6507194120501529,1.0,1.0,0.0,0
0.0,2.0,1.0,0.6247342557589667,1.0,1.0,0.0,0
11.379176224397568,1.0,0.0,0.4152403024794663,1.0,1.0,0.0,0
43.17140025539537,0.0,1.0,0.5302040559484552,1.0,1.0,0.0,0
25.544239021137315,2.0,0.0,0.9318976201932869,1.0,1.0,0.0,0
7.748920613676262,3.0,4.0,0.6455365226218874,1.0,0.0,1.0,0
95.88407701106975,0.0,4.0,0.2803495360485513,1.0,0.0,0.0,1
63.11052207580691,3.0,3.0,0.20309370303603508,1.0,0.0,0.0,1
0.0,0.0,1.0,0.7328379115947335,1.0,0.0,0.0,0
38.456982770394816,0.0,0.0,0.7486148043284171,1.0,1.0,0.0,0
28.313196820228924,1.0,4.0,0.5757552947794454,1.0,0.0,1.0,1
33.93126502758953,2.0,0.0,0.919422106300314,1.0,0.0,0.0,0
32.729366271828845,2.0,2.0,0.3374432140884127,1.0,0.0,1.0,1
46.21581350636243,1.0,2.0,0.6927395743113307,1.0,0.0,0.0,0
25.79789264263718,2.0,1.0,0.3648891046914175,1.0,0.0,0.0,1
32.53852627568446,2.0,1.0,0.43432350967272165,1.0,0.0,1.0,1
24.296172427595046,0.0,3.0,0.5430086598824273,1.0,1.0,0.0,1
34.869707201444456,0.0,1.0,0.2507020762497713,1.0,1.0,1.0,0
27.290078478204435,1.0,0.0,0.6329297299374974,1.0,0.0,1.0,1
89.93455600093304,0.0,0.0,0.5708500540625243,1.0,0.0,0.0,0
10.559057190406872,1.0,0.0,0.7547375474375935,1.0,1.0,0.0,0
77.65270305857527,1.0,3.0,0.19514266302217642,1.0,0.0,1.0,0
135.04673018061777,2.0,1.0,0.7465397059298904,1.0,0.0,0.0,1
4.597724207924111,0.0,1.0,0.8086020714902968,1.0,1.0,1.0,0
13.837940870909957,1.0,1.0,0.3336751180667004,1.0,1.0,1.0,0
3.030035295035346,0.0,1.0,0.8965867149117022,1.0,1.0,0.0,0
107.14091570746703,0.0,2.0,0.5503891353113209,1.0,0.0,0.0,1
56.331179650889936,2.0,2.0,0.5616322708368919,1.0,1.0,0.0,1
19.861571068048338,0.0,0.0,0.6191703156684027,1.0,1.0,0.0,0
22.458959629049005,1.0,1.0,0.8656984716323369,1.0,1.0,0.0,0
51.339749684958875,2.0,3.0,0.6910910592976046,1.0,0.0,1.0,1
0.0,1.0,0.0,0.857301611425194,1.0,1.0,0.0,0
33.72769419976013,0.0,2.0,0.27726019395924356,1.0,1.0,1.0,0
89.97872808290936,1.0,1.0,0.2936478445196405,1.0,0.0,1.0,1
32.232496666172274,0.0,2.0,0.8487125355413382,1.0,1.0,1.0,0
49.35094046285806,2.0,2.0,0.06052643854499428,1.0,0.0,1.0,1
10.718381835365838,0.0,0.0,0.6315368854788693,1.0,1.0,0.0,0
0.0,1.0,1.0,0.7212506305575949,1.0,1.0,1.0,0
47.468862479399206,0.0,0.0,0.7233278429486084,1.0,1.0,1.0,0
26.72132715499992,3.0,2.0,0.8035377951553172,1.0,0.0,1.0,1
4.062349418084234,0.0,1.0,0.91263364693174,1.0,1.0,1.0,0
3.7914783016864444,0.0,1.0,0.7349040592213631,1.0,1.0,0.0,1
29.56160143868353,1.0,0.0,0.8134181080640274,1.0,0.0,0.0,0
4.783974748121855,0.0,2.0,0.6699188203873091,1.0,0.0,1.0,0
32.540940041490984,1.0,4.0,0.5563856446349826,1.0,1.0,1.0,0
14.698792708418903,2.0,0.0,0.10604908926978285,1.0,0.0,1.0,1
7.802234195325904,0.0,1.0,0.7063494571676254,1.0,0.0,0.0,0
26.37524972703349,1.0,0.0,0.610827649343381,1.0,0.0,1.0,1
8.784618096393308,0.0,3.0,0.4756695699797103,1.0,0.0,1.0,0
23.422585423788483,1.0,2.0,0.5211156859187954,1.0,0.0,1.0,1
16.175172804672854,2.0,2.0,0.8874083789148538,1.0,0.0,0.0,1
70.87199737055536,0.0,2.0,0.38386929445177514,1.0,1.0,0.0,0
0.0,1.0,2.0,0.42154982895068627,1.0,0.0,1.0,0
29.550188959233356,0.0,1.0,0.505640255656128,1.0,1.0,1.0,0
187.67756502752917,0.0,3.0,0.6527831767885626,0.0,1.0,0.0,0
62.721454788871675,4.0,1.0,0.35409064679331936,1.0,0.0,1.0,1
17.45206158210071,0.0,1.0,0.2494280279018253,1.0,1.0,0.0,0
56.104291405663766,1.0,2.0,0.14021004846472793,0.0,0.0,0.0,1
18.697274170604985,0.0,0.0,0.859221004101653,1.0,1.0,0.0,0
0.0,0.0,1.0,0.6456321797280646,0.0,1.0,0.0,0
7.081701455931487,0.0,0.0,0.6112962899388594,1.0,0.0,0.0,1
18.34930512777172,0.0,1.0,0.1724244852143933,0.0,0.0,0.0,1
0.0,1.0,0.0,0.5810038410961391,1.0,0.0,0.0,0
16.57241044801229,0.0,2.0,0.8366867960241842,1.0,0.0,0.0,0
9.872576653393594,2.0,0.0,0.536209471157944,1.0,0.0,1.0,0
42.821171145826725,1.0,0.0,0.7581796576755745,1.0,1.0,0.0,0
70.34609876954906,0.0,0.0,0.6122602630100128,1.0,1.0,0.0,0
10.706187101000163,1.0,1.0,0.5120108473764723,1.0,0.0,0.0,1
34.431775452617266,0.0,0.0,0.06804529812993086,1.0,1.0,0.0,0
5.2050021970904465,0.0,1.0,0.7764537984393743,1.0,1.0,0.0,0
127.57059827093022,4.0,2.0,0.08297298828121558,1.0,0.0,1.0,1
90.49711505823501,0.0,1.0,0.4138578509746756,0.0,0.0,1.0,1
93.95059524594211,0.0,1.0,0.6959546277661468,1.0,0.0,1.0,0
0.0,0.0,3.0,0.7155043819436763,1.0,1.0,0.0,0
25.668910719048746,1.0,3.0,0.6889836460247222,1.0,1.0,0.0,0
16.787522440499654,0.0,1.0,0.9179936358295694,1.0,0.0,1.0,0
3.12568047475248,3.0,3.0,0.2719436891994062,1.0,0.0,0.0,0
4.714337143904384,1.0,0.0,0.9390324462543066,1.0,1.0,0.0,0
88.20402459207611,0.0,1.0,0.5907646791264712,1.0,0.0,0.0,0
0.0,1.0,0.0,0.5103876400006696,1.0,1.0,0.0,0
6.717121081407943,0.0,2.0,0.3827372912313847,1.0,1.0,1.0,0
67.09357156672772,3.0,2.0,0.132994155195369,0.0,0.0,1.0,0
59.413411115456434,0.0,0.0,0.6429403535800811,1.0,1.0,0.0,0
0.0,1.0,2.0,0.6494001470206002,1.0,0.0,0.0,0
29.039339675765564,0.0,1.0,0.5517631989123295,1.0,1.0,1.0,0
3.3726434962271004,2.0,3.0,0.6742888394034663,1.0,1.0,1.0,0
32.834493697391366,0.0,0.0,0.49378264306086334,1.0,1.0,1.0,0
62.543505849456096,0.0,0.0,0.6255920567539973,1.0,0.0,0.0,0
23.864782339293825,0.0,3.0,0.5990381159398193,1.0,0.0,1.0,0
24.987578518085005,3.0,0.0,0.37380857803410955,1.0,0.0,0.0,0
22.26181801885656,1.0,4.0,0.5924462055650475,1.0,0.0,0.0,1
43.39725160447406,0.0,1.0,0.5360454321272661,1.0,1.0,1.0,1
15.207685848986094,1.0,0.0,0.2355234604299499,1.0,1.0,0.0,0
0.0,1.0,2.0,0.9659270110686168,1.0,0.0,0.0,0
0.0,0.0,0.0,0.48420513432091156,1.0,1.0,1.0,1
9.168286671810463,0.0,0.0,0.34682430842073053,1.0,0.0,0.0,0
4.703529716863807,0.0,3.0,0.88841523213742,1.0,0.0,0.0,0
83.59167372965355,0.0,2.0,0.3607077433381068,1.0,0.0,1.0,0
4.919931704165279,1.0,1.0,0.6668538782074213,1.0,1.0,0.0,0
31.420771510051722,0.0,2.0,0.3599758272046804,1.0,0.0,1.0,1
20.658116784501473,0.0,2.0,0.7434219150543141,1.0,0.0,1.0,1
0.0,1.0,0.0,0.3123930053426177,1.0,1.0,1.0,1
38.68085906350208,0.0,0.0,0.2692090050567375,0.0,1.0,1.0,0
42.39859309540461,1.0,0.0,0.7321208989864855,1.0,1.0,1.0,0
0.0,0.0,0.0,0.8338645842242212,1.0,1.0,0.0,0
22.212655713839347,1.0,1.0,0.8323252653552535,1.0,0.0,0.0,0
28.662288471110205,1.0,2.0,0.6928482061564641,1.0,0.0,1.0,0
0.0,1.0,1.0,0.8387163512452444,1.0,1.0,0.0,0
90.75220440597106,4.0,1.0,0.12419211072080126,1.0,0.0,0.0,1
57.54126790476405,0.0,0.0,0.56330170099399,1.0,0.0,0.0,0
142.65723453530384,1.0,0.0,0.3124724689305287,1.0,0.0,0.0,0
24.61764223239952,1.0,4.0,0.6801049562305144,1.0,0.0,1.0,1
42.36121021208298,0.0,1.0,0.819266889323274,0.0,0.0,1.0,0
28.72151764823414,0.0,0.0,0.528327975299619,1.0,1.0,1.0,0
18.39674647649462,0.0,3.0,0.4356561593559046,1.0,0.0,0.0,0
104.77731731860234,2.0,4.0,0.45878094751952503,1.0,0.0,0.0,1
66.81515462142559,3.0,4.0,0.17403870374124691,1.0,0.0,0.0,1
66.71952256780857,1.0,2.0,0.6038790906329425,1.0,0.0,0.0,1
58.734275454898096,1.0,0.0,0.7496167647826233,1.0,1.0,0.0,0
6.944430478342477,1.0,2.0,0.8546127329620766,0.0,1.0,1.0,1
34.55222412810398,0.0,0.0,0.4043398115247733,1.0,1.0,0.0,0
23.617324153448013,0.0,1.0,0.8784598640860367,1.0,1.0,1.0,1
57.340842592224156,1.0,0.0,0.433115619134484,1.0,0.0,1.0,0
98.57695539703347,0.0,0.0,0.176643134929798,1.0,1.0,0.0,1
43.808386788420144,0.0,3.0,0.9253041580987715,1.0,0.0,1.0,1
0.0,0.0,0.0,0.659567919238145,1.0,1.0,1.0,0
33.37020796449956,0.0,2.0,0.6447287145931708,1.0,0.0,1.0,1
35.14740058035561,0.0,1.0,0.6255701453745752,1.0,1.0,1.0,1
51.26317700006154,1.0,1.0,0.2798956468986187,1.0,1.0,0.0,1
22.601423088130304,2.0,3.0,0.5612527177719201,1.0,1.0,0.0,0
118.09113671121618,6.0,3.0,0.4546452345118918,1.0,0.0,0.0,1
50.30193316084118,3.0,2.0,0.21367055454922704,1.0,0.0,1.0,1
14.93301717547972,0.0,0.0,0.5307895990018732,1.0,1.0,0.0,0
2.3926073056871373,1.0,0.0,0.4193990961844833,1.0,0.0,0.0,0
9.87490061024968,0.0,1.0,0.6527143700507255,1.0,0.0,1.0,0
6.9059496043260475,0.0,0.0,0.2585767763355597,1.0,1.0,0.0,0
40.31300888587253,0.0,3.0,0.9068118602763651,1.0,0.0,1.0,1
9.824727298278278,0.0,1.0,0.5610726869006959,1.0,0.0,0.0,1
117.34356688567993,2.0,1.0,0.41104805336571154,0.0,0.0,1.0,1
0.0,1.0,0.0,0.6043229072802403,1.0,1.0,0.0,0
60.2668474679237,0.0,1.0,0.636246798607496,0.0,1.0,0.0,0
15.322639041778334,0.0,3.0,0.893190607693529,1.0,0.0,0.0,1
23.7701770100894,0.0,1.0,0.9057232565155158,1.0,0.0,1.0,0
49.35052572175242,6.0,0.0,0.08461261739628508,0.0,0.0,1.0,1
11.841437593809134,0.0,0.0,0.07150151886196948,1.0,1.0,0.0,0
40.87789587635154,0.0,1.0,0.8110389808365356,1.0,1.0,1.0,0
106.34402313376745,1.0,1.0,0.16339398136083882,1.0,0.0,1.0,1
97.26863058185067,2.0,1.0,0.022053797271820906,1.0,0.0,1.0,1
48.94584329353634,1.0,2.0,0.566125958244955,1.0,1.0,0.0,1
19.476088875279558,1.0,2.0,0.4776973267391642,0.0,1.0,0.0,0
0.0,0.0,0.0,0.6728553066229503,1.0,0.0,0.0,0
64.1366871481814,1.0,3.0,0.48744866425235106,1.0,1.0,1.0,1
0.0,0.0,1.0,0.8649984220648479,1.0,0.0,0.0,0
20.734941957413255,0.0,0.0,0.29889531439231376,1.0,1.0,0.0,0
25.158665632090038,0.0,0.0,0.6249844200923118,1.0,1.0,0.0,0
42.116844049991045,0.0,0.0,0.8352273472297366,1.0,0.0,1.0,0
50.997878572775086,1.0,0.0,0.7694167066784209,1.0,1.0,1.0,0
23.087704316901544,1.0,0.0,0.3306837353686052,1.0,1.0,0.0,0
11.880513162351482,0.0,1.0,0.5941158713442681,1.0,0.0,1.0,1
50.7743482466209,4.0,0.0,0.40778533686947843,1.0,0.0,1.0,1
4.7794005309550665,0.0,1.0,0.7541198927549917,1.0,0.0,1.0,0
13.534658755316784,2.0,2.0,0.1740734482295321,1.0,1.0,1.0,1
24.774845117179737,0.0,1.0,0.9514810319993159,1.0,0.0,0.0,0
42.91643137457213,0.0,0.0,0.6243421173773372,1.0,0.0,0.0,0
0.0,1.0,0.0,0.44750309323855464,1.0,1.0,0.0,0
26.902436942548718,0.0,1.0,0.4758768592311659,1.0,1.0,1.0,1
32.765960688028485,4.0,1.0,0.5312823549721408,1.0,0.0,0.0,1
27.94696905998788,0.0,1.0,0.4554433806815973,1.0,1.0,1.0,0
0.0,2.0,0.0,0.5586447612646148,1.0,1.0,0.0,0
28.744756791513474,2.0,0.0,0.6825116258660159,1.0,0.0,0.0,0
24.64163561290472,0.0,0.0,0.5531413668367589,1.0,0.0,1.0,0
44.61504439577234,0.0,0.0,0.8902554258908811,1.0,0.0,0.0,0
0.0,1.0,0.0,0.31687736136197797,1.0,0.0,0.0,0
3.0280290569907784,0.0,0.0,0.6719913906274554,1.0,0.0,0.0,0
16.25201060435195,0.0,0.0,0.6589393552600211,1.0,1.0,0.0,0
45.58707877832271,0.0,2.0,0.7049002266974237,1.0,0.0,0.0,0
21.610705621403326,1.0,2.0,0.6639320951503568,1.0,0.0,0.0,0
25.00427178539067,0.0,3.0,0.8014511820643413,1.0,1.0,0.0,0
0.0,2.0,0.0,0.7257139098224339,1.0,0.0,0.0,0
13.352558361823748,0.0,0.0,0.5801473919879758,1.0,1.0,0.0,0
46.44679933872574,1.0,1.0,0.3356187896252922,1.0,0.0,0.0,1
99.30076683337862,0.0,5.0,0.7159126977133426,0.0,0.0,0.0,0
1.835195269545266,0.0,0.0,0.21819912645320821,1.0,0.0,0.0,0
48.69603950391803,3.0,2.0,0.11023440172240916,1.0,0.0,0.0,1
0.0,0.0,0.0,0.30685377363814315,1.0,1.0,0.0,0
78.52051541093144,4.0,4.0,0.4236516648201484,1.0,0.0,1.0,1
0.0,0.0,1.0,0.27531462000902684,1.0,0.0,0.0,0
2.3599457053788813,0.0,1.0,0.41983793619778387,1.0,1.0,0.0,0
71.27344699976376,0.0,2.0,0.6686453240109974,1.0,1.0,1.0,0
68.53118540029655,0.0,1.0,0.2204408247507693,1.0,0.0,1.0,1
20.191732146905537,1.0,0.0,0.8432335356128601,1.0,0.0,0.0,0
9.12696680066713,0.0,1.0,0.8691317174176834,1.0,1.0,1.0,0
0.0,0.0,0.0,0.5937120537095776,1.0,1.0,0.0,0
100.86348914754097,5.0,0.0,0.2031052998231134,1.0,0.0,0.0,1
124.22945408436745,5.0,1.0,0.21379741844203837,1.0,1.0,1.0,1
17.201987427191728,0.0,3.0,0.7735662935036949,0.0,0.0,1.0,1
3.059818262128891,1.0,0.0,0.5721115537082211,1.0,1.0,1.0,1
3.8211577783055355,0.0,1.0,0.5275084359515444,0.0,0.0,0.0,0
58.64849292814278,1.0,2.0,0.7230765568036784,1.0,0.0,1.0,1
15.536716985178463,2.0,1.0,0.5645822985531055,1.0,0.0,1.0,0
24.025290378478818,3.0,2.0,0.10731296920133003,1.0,0.0,1.0,1
50.47790890919771,0.0,2.0,0.705119952089611,1.0,0.0,0.0,0
0.0,1.0,3.0,0.37323858174833113,1.0,1.0,1.0,0
26.981609513336757,2.0,2.0,0.6899733477822683,0.0,0.0,0.0,1
146.3127413294401,3.0,6.0,0.4791545157572037,1.0,1.0,1.0,1
45.298099177048755,1.0,1.0,0.5542607368140013,1.0,1.0,0.0,0
37.500420755309385,1.0,1.0,0.6841564475591443,1.0,0.0,0.0,0
133.90520827293673,2.0,3.0,0.43212711682081295,1.0,1.0,1.0,1
36.90685141512205,1.0,1.0,0.7202001062709551,1.0,0.0,0.0,1
29.804694563149415,0.0,2.0,0.2335815574134402,1.0,0.0,0.0,0
37.66414531312951,1.0,1.0,0.5518383097355913,1.0,1.0,1.0,0
13.790948304383338,0.0,0.0,0.4052781789031528,1.0,1.0,0.0,0
63.00761563845091,1.0,2.0,0.5142150276665965,1.0,0.0,1.0,1
111.83884145039636,1.0,3.0,0.5678270887723986,0.0,0.0,0.0,1
3.26302170684669,0.0,0.0,0.4672822589929807,1.0,0.0,0.0,0
77.01658649114799,2.0,2.0,0.35372491794032984,1.0,0.0,1.0,1
12.143516367424741,0.0,1.0,0.673664563122788,1.0,1.0,0.0,0
55.95338294076735,6.0,1.0,0.3827801649132312,1.0,0.0,0.0,1
95.74153760977033,0.0,2.0,0.5362121635305022,1.0,0.0,1.0,1
68.54140981936534,1.0,2.0,0.39056179734113355,1.0,0.0,1.0,1
27.323198853870416,0.0,0.0,0.5430592928510117,1.0,1.0,1.0,0
38.882372475317844,1.0,2.0,0.12292719004673615,1.0,0.0,1.0,1
0.0,0.0,1.0,0.7181768432976096,1.0,0.0,0.0,0
24.659475775499146,1.0,4.0,0.4706839478562834,1.0,1.0,1.0,1
6.5541703992234215,0.0,1.0,0.22004618740177123,1.0,1.0,0.0,0
24.276581382270056,0.0,1.0,0.6628660458346539,1.0,1.0,0.0,1
76.53702912575494,3.0,0.0,0.4920217778842593,1.0,0.0,1.0,1
0.0,0.0,2.0,0.08338972176874872,1.0,1.0,1.0,0
37.862547622223815,2.0,2.0,0.2506709560197001,0.0,0.0,0.0,1
14.31963054070707,0.0,1.0,0.5577111558808533,1.0,0.0,0.0,0
19.707003246968377,0.0,3.0,0.5346476044886533,1.0,1.0,1.0,1
9.875610647489665,2.0,0.0,0.7358835620127873,1.0,0.0,0.0,0
110.00424955071921,0.0,2.0,0.428290254325303,1.0,1.0,1.0,1
0.0,0.0,0.0,0.39313903405106465,1.0,1.0,1.0,0
22.216520081195156,0.0,2.0,0.454869071246863,1.0,1.0,0.0,0
31.343835452383953,1.0,1.0,0.6824893628312945,1.0,1.0,0.0,0
0.0,0.0,1.0,0.3844851632684604,1.0,1.0,0.0,0
0.7896122608517437,0.0,0.0,0.17175742545965178,1.0,1.0,0.0,0
65.91037678858953,0.0,4.0,0.6346273603299504,1.0,1.0,0.0,1
24.663605260740248,0.0,1.0,0.35912905744225765,1.0,1.0,1.0,0
27.245520152138184,0.0,0.0,0.9255928064668724,1.0,0.0,1.0,0
0.0,0.0,2.0,0.6611463848797612,1.0,1.0,0.0,0
0.0,1.0,1.0,0.7308346333869589,1.0,1.0,0.0,0
22.857059748034725,2.0,0.0,0.3944073160430898,1.0,0.0,0.0,0
53.818355295047624,0.0,0.0,0.47984105180259506,1.0,1.0,0.0,0
63.10873213063233,0.0,1.0,0.5243032822330215,1.0,0.0,0.0,0
135.06929172646292,2.0,1.0,0.24687082519943496,1.0,1.0,0.0,1
29.61971402418444,0.0,0.0,0.9317679084985174,1.0,1.0,0.0,0
22.881813406192368,0.0,0.0,0.5029436110846508,0.0,0.0,0.0,0
0.0,0.0,1.0,0.7998440090494091,1.0,0.0,0.0,0
18.588863611816546,0.0,0.0,0.4837413118026882,1.0,0.0,0.0,0
113.04324656427607,3.0,2.0,0.5472962327342662,1.0,0.0,0.0,1
20.597172637649056,1.0,0.0,0.6829883082458423,1.0,0.0,0.0,0
15.42015548042011,1.0,1.0,0.9951846125298084,1.0,0.0,0.0,0
34.68225171741547,0.0,0.0,0.7486029015752939,0.0,1.0,1.0,0
65.04905095566048,2.0,1.0,0.684143887429603,1.0,0.0,0.0,1
0.0,2.0,0.0,0.721839277648245,1.0,1.0,0.0,0
0.0,1.0,1.0,0.7760195060135642,1.0,0.0,0.0,0
53.071604666296565,2.0,0.0,0.7920336402757363,1.0,0.0,1.0,1
0.0,0.0,1.0,0.581228942895289,1.0,1.0,0.0,0
0.0,1.0,1.0,0.9261475454095179,1.0,0.0,0.0,0
0.0,1.0,0.0,0.630808276620028,1.0,1.0,1.0,0
70.37729435095268,0.0,2.0,0.2745065169064924,1.0,0.0,1.0,0
0.0,0.0,0.0,0.3215218664920673,1.0,1.0,0.0,0
0.0,0.0,1.0,0.601454952706577,1.0,1.0,0.0,0
31.884805556890733,0.0,0.0,0.7552092503680397,1.0,0.0,0.0,0
97.17266632023902,0.0,1.0,0.8148902492973316,0.0,1.0,1.0,0
12.233691054556889,0.0,0.0,0.6351441554200306,1.0,1.0,0.0,0
10.507475655314192,1.0,1.0,0.5630826812748001,1.0,0.0,0.0,0
21.19637769784295,0.0,0.0,0.42946877928215327,1.0,1.0,0.0,0
41.49324901925952,3.0,4.0,0.2972915968711139,0.0,1.0,1.0,1
3.059867749158883,2.0,1.0,0.38972919283182617,0.0,0.0,1.0,1
45.159314803833766,1.0,3.0,0.797650901033558,1.0,1.0,1.0,0
15.984760985745794,1.0,1.0,0.6107734626381889,1.0,1.0,1.0,0
21.16740161408607,1.0,0.0,0.40234744020114377,1.0,1.0,1.0,0
101.62919068187354,0.0,1.0,0.45080983337369496,1.0,1.0,0.0,0
83.22891437919334,0.0,0.0,0.7374165940522955,1.0,0.0,0.0,0
0.0,1.0,1.0,0.8425197802409887,1.0,1.0,0.0,0
39.95401047643515,4.0,3.0,0.36374822505947685,1.0,0.0,0.0,1
46.553329384492066,0.0,1.0,0.6610279825978573,1.0,0.0,1.0,1
33.44386417819576,1.0,0.0,0.4844166063896738,1.0,1.0,0.0,1
0.0,1.0,0.0,0.8109971727096176,1.0,0.0,0.0,0
36.26858412974701,0.0,0.0,0.6788491769846003,1.0,1.0,1.0,0
0.943834969780962,0.0,2.0,0.06081074563448738,0.0,0.0,0.0,1
44.762116822829945,1.0,0.0,0.6200162522397258,1.0,0.0,0.0,0
91.11818034112204,1.0,2.0,0.08378640283223827,1.0,0.0,1.0,1
52.596461628225505,0.0,1.0,0.2212266145180824,1.0,1.0,0.0,0
0.0,3.0,2.0,0.2951047634899229,1.0,1.0,0.0,0
65.7925531269423,1.0,1.0,0.1633748568212459,0.0,0.0,1.0,1
27.25633212004783,1.0,2.0,0.46665140072000233,1.0,0.0,1.0,0
42.042243313515876,0.0,0.0,0.24635863013519887,1.0,0.0,0.0,0
34.275230518916295,1.0,4.0,0.38862677242010213,1.0,1.0,0.0,1
41.772524596435744,3.0,3.0,0.4265014550262213,0.0,0.0,1.0,1
0.0,0.0,0.0,0.3225544165357492,1.0,0.0,1.0,1
0.0,0.0,1.0,0.828307146183315,0.0,0.0,0.0,0
28.365917665906867,4.0,1.0,0.2470612826457326,1.0,1.0,1.0,1
56.862386406791806,0.0,1.0,0.7758880783151755,1.0,1.0,1.0,0
0.0,0.0,1.0,0.3614883792350295,1.0,1.0,1.0,0
8.775957422098722,1.0,0.0,0.06668581399676951,1.0,0.0,0.0,0
54.68629411446544,0.0,1.0,0.7960278189197394,0.0,0.0,0.0,0
21.631473266291586,1.0,0.0,0.7578219261030499,1.0,1.0,1.0,0
0.0,0.0,2.0,0.1694928907891692,0.0,0.0,1.0,0
66.40491336837695,0.0,1.0,0.4184963581120693,1.0,0.0,0.0,1
0.0,0.0,2.0,0.7529984768803083,1.0,1.0,0.0,0
2.7773565821623336,0.0,1.0,0.7509308388169565,1.0,1.0,1.0,0
24.886354626894242,6.0,2.0,0.6199408224669724,1.0,0.0,1.0,1
12.3152682489054,1.0,0.0,0.5736771554303979,1.0,1.0,0.0,0
20.40090738912273,0.0,0.0,0.6100667625838241,1.0,1.0,0.0,0
21.85677362730475,1.0,0.0,0.6128840974056264,1.0,0.0,0.0,0
26.228811966569328,0.0,0.0,0.881264176232398,1.0,0.0,1.0,0
20.068715421170126,0.0,0.0,0.8610806201670389,1.0,0.0,0.0,0
43.457575332696514,0.0,1.0,0.31719850942069444,1.0,1.0,0.0,1
64.98156606104962,2.0,0.0,0.7369712476681294,1.0,0.0,0.0,1
23.186389089673785,2.0,0.0,0.830222954438458,1.0,0.0,0.0,0
0.0,0.0,0.0,0.5411471131408745,1.0,1.0,0.0,0
25.168028865375245,2.0,0.0,0.5177847047634063,1.0,1.0,0.0,0
0.0,2.0,0.0,0.7278420877110646,1.0,0.0,0.0,0
25.146258856560763,0.0,2.0,0.7572728992492284,1.0,1.0,0.0,0
43.71120160196555,1.0,0.0,0.4446681176715875,1.0,0.0,1.0,0
55.40816982501597,1.0,0.0,0.49595361535496385,1.0,1.0,0.0,0
70.62405507939403,1.0,2.0,0.31011096397520616,1.0,0.0,1.0,1
28.524519419225964,1.0,0.0,0.37684125684083397,1.0,1.0,1.0,0
0.0,0.0,2.0,0.5141651604848838,1.0,1.0,1.0,0
1.0982730986249933,0.0,1.0,0.38291079897459884,1.0,0.0,0.0,1
25.808228675295496,2.0,0.0,0.24242700562558697,1.0,1.0,0.0,0
15.37744150394851,1.0,0.0,0.7078705054424078,1.0,1.0,1.0,0
29.218661608634484,0.0,1.0,0.47197708862684506,1.0,1.0,0.0,0
0.0,0.0,0.0,0.7806610022802489,1.0,0.0,0.0,0
46.9786879429018,3.0,3.0,0.5222236357641534,1.0,0.0,0.0,1
79.95408604346578,0.0,2.0,0.5814009704103585,1.0,0.0,1.0,1
12.349529068475345,1.0,0.0,0.6713726538414123,1.0,1.0,0.0,0
15.064274015415391,0.0,0.0,0.9560504759337917,1.0,0.0,0.0,0
68.16299516598203,0.0,1.0,0.7268010934259839,1.0,0.0,1.0,0
30.736112264221738,0.0,1.0,0.640425006203218,1.0,0.0,0.0,0
32.20623508274494,0.0,0.0,0.609724961469413,1.0,0.0,0.0,0
5.192789527528603,1.0,1.0,0.5906333953126925,1.0,1.0,0.0,0
33.46598907627388,0.0,2.0,0.8870336931474192,1.0,0.0,1.0,1
34.51795871014793,1.0,2.0,0.1480080780041815,1.0,1.0,0.0,1
8.638078382081297,1.0,1.0,0.7553013334131732,1.0,1.0,1.0,0
54.38459781769133,2.0,5.0,0.17500229384031718,1.0,0.0,0.0,1
21.502082838854076,1.0,0.0,0.7776526669888778,1.0,0.0,0.0,0
0.0,0.0,0.0,0.5382981777038081,1.0,1.0,0.0,0
0.0,1.0,0.0,0.3593819474935236,1.0,0.0,0.0,0
14.410896777130676,1.0,1.0,0.8184984727043533,1.0,0.0,0.0,0
25.90301128268625,1.0,5.0,0.8422570007503617,0.0,1.0,0.0,1
0.9193844762758525,0.0,1.0,0.3159651852484851,1.0,0.0,0.0,0
0.0,0.0,1.0,0.5791051189516602,1.0,0.0,0.0,0
20.266488868823163,2.0,1.0,0.8539614452298147,1.0,1.0,0.0,0
28.06496764009141,0.0,1.0,0.868654961113595,0.0,1.0,0.0,0
94.10562876982779,1.0,2.0,0.3470939849884971,1.0,0.0,1.0,1
64.15309597065831,3.0,0.0,0.7596824845802987,1.0,0.0,1.0,1
1.412968516019113,0.0,0.0,0.3368385683386479,0.0,0.0,1.0,1
65.21439004031029,0.0,1.0,0.1998207955578929,1.0,0.0,1.0,1
46.113476127018274,1.0,2.0,0.7581659030833854,1.0,0.0,1.0,1
42.19222150837233,0.0,0.0,0.2248764992057299,1.0,0.0,1.0,1
2.6340080331712254,1.0,0.0,0.630098478261434,1.0,0.0,0.0,0
16.32850349532628,0.0,1.0,0.4543171985371445,1.0,0.0,0.0,0
56.09555618959985,2.0,3.0,0.5872610755044789,1.0,0.0,1.0,1
54.46184723532072,1.0,2.0,0.3866397269798349,1.0,0.0,1.0,1
69.33835329662287,1.0,0.0,0.5639793082732885,1.0,0.0,1.0,1
74.03766487162339,4.0,2.0,0.4001757632729401,1.0,0.0,1.0,1
23.961603052226167,0.0,1.0,0.9292119110268133,1.0,0.0,0.0,0
76.73959193159925,3.0,1.0,0.2560797238085424,1.0,1.0,0.0,0
37.70772767066909,1.0,1.0,0.8449654763629179,1.0,0.0,0.0,1
65.83750431302303,1.0,0.0,0.6496409001830269,1.0,1.0,0.0,0
0.0,0.0,0.0,0.5048105102587925,1.0,0.0,0.0,0
45.19740837062015,3.0,0.0,0.11955040674327362,0.0,0.0,0.0,1
55.09659811544944,2.0,3.0,0.06200781609959634,1.0,0.0,1.0,1
36.788281334602594,0.0,0.0,0.9564846781510389,1.0,1.0,1.0,0
24.312001349438802,0.0,1.0,0.429636929828476,1.0,1.0,1.0,0
0.0,1.0,0.0,0.39128251392014074,0.0,0.0,1.0,1
94.56384292941144,1.0,0.0,0.4732681721742651,1.0,0.0,0.0,0
0.0,2.0,1.0,0.7900687184329829,1.0,0.0,0.0,0
8.739839048513037,0.0,1.0,0.4358602449015902,1.0,0.0,0.0,0
77.86970256783101,1.0,1.0,0.4373397919302482,1.0,0.0,1.0,1
39.096425060795816,5.0,0.0,0.5581897745335254,1.0,0.0,1.0,1
27.084395863104305,1.0,1.0,0.5461599197831323,1.0,0.0,1.0,0
0.08652361247801466,0.0,1.0,0.41513574427036215,1.0,1.0,1.0,0
7.848961776625199,0.0,0.0,0.6077268533203181,1.0,1.0,0.0,0
36.08378763618562,0.0,0.0,0.3425297210879358,1.0,0.0,1.0,0
68.88324700591112,1.0,0.0,0.2714716566198023,1.0,0.0,1.0,0
71.0496082884393,0.0,0.0,0.7912355390904907,0.0,1.0,0.0,0
47.773307472356805,1.0,2.0,0.2779210817820089,1.0,1.0,0.0,0
14.399545269077237,6.0,0.0,0.626293836472537,1.0,0.0,1.0,1
93.15456397244222,1.0,1.0,0.7467483751190735,1.0,1.0,0.0,0
15.694988118700895,1.0,0.0,0.8558544019327781,1.0,0.0,0.0,0
29.26650418387195,0.0,1.0,0.34411248508573467,1.0,0.0,0.0,0
25.49062543855147,1.0,1.0,0.6521863588068438,1.0,0.0,0.0,0
90.07913160566336,1.0,1.0,0.5578323967401824,1.0,0.0,1.0,1
0.0,0.0,1.0,0.428628032223379,1.0,0.0,0.0,0
60.70098359719136,4.0,2.0,0.4357914246708149,1.0,0.0,0.0,1
21.898566651015145,1.0,2.0,0.6798977420482563,1.0,1.0,0.0,1
41.05481195005955,2.0,2.0,0.7982666101055942,1.0,0.0,1.0,1
11.552651539909998,1.0,2.0,0.2154588237856573,1.0,0.0,0.0,0
75.47050963626387,0.0,1.0,0.6181843571310247,1.0,0.0,0.0,0
6.149293079221541,0.0,1.0,0.8301370382336379,1.0,1.0,1.0,0
10.669381482036332,0.0,5.0,0.41070861127930336,1.0,0.0,1.0,1
0.0,0.0,0.0,0.4107410107117562,1.0,0.0,1.0,0
0.0,1.0,0.0,0.24595360588329263,1.0,0.0,1.0,1
5.5275027251550295,0.0,1.0,0.40225539416431194,1.0,1.0,0.0,0
56.86725349005678,1.0,1.0,0.8830399590111653,0.0,0.0,1.0,1
40.1779265030899,1.0,5.0,0.1060975945556869,1.0,0.0,1.0,1
0.0,1.0,0.0,0.7971647784689245,0.0,1.0,0.0,0
67.57469930203231,0.0,1.0,0.540777698072741,1.0,0.0,1.0,0
3.8408656359698856,0.0,1.0,0.5826911929680944,1.0,0.0,0.0,0
34.04357858660894,1.0,1.0,0.5196628518796491,1.0,0.0,0.0,0
36.470830300203666,0.0,1.0,0.5207434371298262,1.0,1.0,0.0,0
0.0,1.0,0.0,0.5237298138403614,1.0,1.0,1.0,0
0.0,0.0,3.0,0.564080228966096,1.0,0.0,1.0,0
17.41998148617973,0.0,0.0,0.9169235049669096,1.0,1.0,0.0,0
42.50292778730867,0.0,2.0,0.478975296482397,1.0,0.0,1.0,1
28.427096891315358,2.0,0.0,0.5007645941277872,1.0,0.0,0.0,0
1.0763864816998003,1.0,2.0,0.8044136777173907,1.0,0.0,0.0,0
30.265255875526673,4.0,1.0,0.3313649992279228,0.0,0.0,1.0,1
16.233507965615814,0.0,0.0,0.4252142261672028,1.0,0.0,0.0,0
89.08809727096141,3.0,4.0,0.36327865062036596,0.0,0.0,0.0,1
13.681544784578836,0.0,1.0,0.8361880435329658,1.0,0.0,0.0,0
65.61518324531835,0.0,3.0,0.7696358166639743,1.0,0.0,1.0,0
21.755853315482504,1.0,0.0,0.12777281349029804,1.0,0.0,1.0,0
88.0218497348317,2.0,0.0,0.7373128285146787,0.0,0.0,1.0,1
25.576903623469494,2.0,2.0,0.24646703009875448,0.0,0.0,1.0,0
50.136307475151284,0.0,0.0,0.30696678006780137,1.0,0.0,1.0,1
3.3034710563929295,1.0,1.0,0.14059892373033173,1.0,0.0,0.0,0
34.68971440638354,2.0,2.0,0.44847823789180913,0.0,0.0,1.0,1
20.182683287026464,1.0,1.0,0.30900740357589546,1.0,1.0,1.0,0
45.48512865627119,0.0,2.0,0.31210842341234246,1.0,0.0,1.0,1
0.0,1.0,0.0,0.8472036129345075,1.0,1.0,0.0,0
112.53381397145604,0.0,1.0,0.24793765342083854,0.0,0.0,0.0,1
9.138943425819528,0.0,0.0,0.4454899888897726,1.0,0.0,0.0,0
0.0,6.0,4.0,0.3437308261787852,1.0,0.0,1.0,1
11.078134435312538,2.0,2.0,0.35434757456336685,1.0,0.0,0.0,0
11.023595047597848,3.0,1.0,0.8247089816803769,1.0,0.0,1.0,1
11.966969030057696,1.0,1.0,0.6335139231489187,1.0,1.0,1.0,0
110.37166090111165,3.0,3.0,0.14613960752574387,1.0,0.0,0.0,1
78.40981899623569,0.0,1.0,0.46957389393502924,1.0,1.0,1.0,0
24.028978065938187,0.0,0.0,0.1874260659753195,1.0,0.0,1.0,0
57.61532258222,0.0,3.0,0.7002352261966072,0.0,0.0,1.0,1
0.0,0.0,0.0,0.19287412349502797,1.0,0.0,0.0,0
0.0,0.0,0.0,0.4940304958256568,1.0,0.0,1.0,0
12.512327126979756,2.0,1.0,0.07324005123633819,1.0,0.0,0.0,0
51.37374718266993,0.0,0.0,0.5185430526863808,1.0,0.0,1.0,0
118.40613421134148,3.0,3.0,0.2751878793959677,1.0,1.0,1.0,1
36.172106331276446,3.0,3.0,0.565401185651971,1.0,1.0,0.0,1
47.80035642276905,3.0,2.0,0.7613624789547597,1.0,1.0,1.0,0
48.50069612203485,3.0,1.0,0.26188458772819123,1.0,0.0,0.0,0
54.81588907274333,2.0,0.0,0.9314658453101857,1.0,0.0,0.0,0
29.47971456955872,0.0,4.0,0.4098454652088517,1.0,1.0,0.0,1
43.51739933755464,4.0,2.0,0.5400273074732241,1.0,0.0,1.0,1
43.70263631550952,1.0,1.0,0.45326569878611983,1.0,0.0,0.0,0
43.44287189796689,0.0,1.0,0.7499862642122495,1.0,1.0,1.0,0
8.424885783772986,1.0,2.0,0.3784647767355792,1.0,1.0,0.0,1
17.31980401252641,3.0,2.0,0.24458406928128015,1.0,0.0,0.0,1
33.0580204657937,1.0,0.0,0.6440561101179955,1.0,1.0,0.0,0
39.27411940758063,0.0,1.0,0.4990900524195863,1.0,0.0,0.0,1
35.908912521339154,0.0,0.0,0.7775411992266031,1.0,1.0,0.0,0
12.713680292955328,2.0,0.0,0.6428690559354354,1.0,1.0,1.0,0
11.645511702715549,1.0,1.0,0.9169681400578434,1.0,0.0,0.0,0
6.424686711692809,0.0,0.0,0.7011435728633543,1.0,1.0,0.0,0
53.339748644280306,0.0,0.0,0.6774100885985471,1.0,0.0,1.0,0
0.0,1.0,2.0,0.5544341046156035,1.0,1.0,0.0,0
41.40999123613956,0.0,1.0,0.7024826836882004,1.0,0.0,1.0,1
30.870015264380463,1.0,1.0,0.7754755034428572,1.0,0.0,1.0,0
21.2381761052322,1.0,2.0,0.7399211757871005,1.0,1.0,0.0,1
0.0,1.0,1.0,0.4892126443558844,1.0,0.0,1.0,0
53.873973687915665,1.0,0.0,0.7856036348339216,1.0,0.0,0.0,0
24.257812793304154,0.0,1.0,0.38195723241948937,1.0,0.0,1.0,0
29.014458766768712,1.0,0.0,0.4549046267450744,1.0,0.0,0.0,0
28.520523792832297,1.0,3.0,0.519299090935752,1.0,0.0,1.0,1
32.60132039041358,0.0,0.0,0.4645447342324561,1.0,1.0,0.0,0
12.378200817470912,1.0,1.0,0.49838485523613685,1.0,1.0,0.0,0
52.04948692169663,0.0,1.0,0.5611352054571919,1.0,1.0,0.0,0
37.69797192508491,1.0,1.0,0.8023784994669095,1.0,1.0,0.0,0
24.211363589728297,0.0,0.0,0.4992334720642444,1.0,1.0,1.0,0
55.788387435308,2.0,3.0,0.538668093354137,1.0,0.0,1.0,1
12.487344628212986,1.0,1.0,0.32978225209127454,1.0,1.0,1.0,0
0.0,1.0,2.0,0.7863622277692585,1.0,1.0,1.0,1
0.0,0.0,0.0,0.46500668652773774,1.0,0.0,1.0,0
47.32325348773148,0.0,1.0,0.28932930674319335,1.0,0.0,0.0,1
44.808452753065886,2.0,2.0,0.5355510851635282,1.0,0.0,0.0,0
0.0,0.0,0.0,0.413441669235764,1.0,0.0,0.0,0
2.142002414088439,1.0,1.0,0.5526860842907328,1.0,1.0,0.0,0
29.960817170550534,0.0,0.0,0.7253372190563135,1.0,0.0,0.0,0
40.08139485293823,0.0,2.0,0.34108502554948517,1.0,1.0,0.0,0
21.873922494275142,1.0,2.0,0.6600883460786799,1.0,0.0,1.0,1
61.59870824618346,1.0,3.0,0.41497023824668183,1.0,0.0,0.0,1
38.70073052718688,1.0,2.0,0.26575128054432107,1.0,0.0,0.0,1
37.34466728995974,0.0,3.0,0.17786365959126338,1.0,0.0,0.0,0
2.147919156429151,0.0,2.0,0.6442671078828478,0.0,1.0,1.0,0
16.05685196252803,1.0,2.0,0.442316234873423,1.0,0.0,0.0,0
20.36354117718288,0.0,0.0,0.46375121949467085,1.0,0.0,0.0,0
112.40933874489431,1.0,4.0,0.046961900404839114,1.0,0.0,1.0,1
62.22150950217279,0.0,1.0,0.3958747153429474,1.0,0.0,0.0,0
0.0,0.0,0.0,0.8000467303527458,1.0,1.0,0.0,0
36.41386335723732,0.0,0.0,0.5698385595543036,0.0,1.0,0.0,0
72.27357186391384,0.0,1.0,0.48530324160221033,0.0,0.0,1.0,1
4.075583346307635,0.0,1.0,0.4420330775089122,1.0,1.0,0.0,0
8.244230182702285,0.0,0.0,0.3770013555259916,1.0,0.0,0.0,0
66.12202911364813,2.0,1.0,0.45949741832083457,1.0,0.0,1.0,1
76.81659101297197,2.0,2.0,0.19907813512386974,1.0,0.0,1.0,1
0.0,1.0,0.0,0.9181298165322983,1.0,0.0,0.0,0
38.19826080194643,2.0,1.0,0.8509848303457319,1.0,1.0,0.0,0
61.1091729909886,1.0,1.0,0.2576814636020093,0.0,0.0,0.0,1
54.90242943832113,0.0,3.0,0.16697401094920533,0.0,0.0,1.0,0
11.697909292104505,2.0,3.0,0.20666868862632773,1.0,0.0,1.0,1
0.0,2.0,1.0,0.5749938726636292,1.0,1.0,0.0,0
0.0,1.0,0.0,0.36563239077686227,1.0,1.0,1.0,0
96.22471806946768,2.0,1.0,0.18140908495706995,0.0,0.0,1.0,1
0.2253055864347555,2.0,0.0,0.7392885364766292,1.0,0.0,1.0,0
11.6213299032218,1.0,2.0,0.3365443972331677,1.0,0.0,1.0,1
0.0,0.0,0.0,0.22300207036353684,1.0,0.0,1.0,0
74.19596879231597,4.0,1.0,0.30266880706572175,1.0,1.0,1.0,1
44.45869161182871,1.0,0.0,0.7165771953805758,1.0,0.0,0.0,1
10.433022296325479,1.0,1.0,0.23089020111585207,1.0,1.0,1.0,0
23.531584769773932,0.0,0.0,0.6626224151489657,1.0,1.0,1.0,0
57.11540877714509,0.0,0.0,0.688289891986746,1.0,1.0,0.0,0
33.592557348244306,1.0,1.0,0.5689030572499418,1.0,1.0,0.0,0
1.18869183398993,1.0,0.0,0.2193079125558994,1.0,1.0,1.0,0
81.44625247002692,0.0,2.0,0.1410437092289348,1.0,1.0,0.0,1
128.88353246037562,1.0,3.0,0.3828056079015801,1.0,0.0,0.0,1
38.94921490800441,1.0,0.0,0.46404121640197943,0.0,1.0,0.0,0
16.79936234671791,0.0,1.0,0.832461003579733,1.0,0.0,1.0,0
28.10103263479746,0.0,1.0,0.8441245184867657,1.0,1.0,0.0,0
89.6227327884583,1.0,1.0,0.4232089011657609,0.0,0.0,0.0,1
10.923993147700484,1.0,1.0,0.3479672629555082,1.0,0.0,0.0,0
16.36066024786565,0.0,1.0,0.7260009972259321,1.0,1.0,1.0,0
78.71764308360919,2.0,0.0,0.44715157632640556,1.0,0.0,1.0,0
0.9011803737456283,0.0,0.0,0.5886551295414459,1.0,1.0,0.0,0
0.0,0.0,1.0,0.6606402827789827,1.0,1.0,0.0,0
24.83893820228679,0.0,2.0,0.4352681888680786,1.0,1.0,1.0,0
50.59651032751694,1.0,1.0,0.7436710800472055,1.0,0.0,0.0,0
62.38910129761861,2.0,3.0,0.18601753263814214,0.0,1.0,1.0,1
30.34922442884521,1.0,2.0,0.5431993547145157,1.0,0.0,1.0,1
35.49459056661366,0.0,1.0,0.11381032295628067,1.0,0.0,1.0,1
12.495751837750007,1.0,0.0,0.4778599869879936,0.0,1.0,0.0,0
3.8175865237565496,0.0,0.0,0.7839772113855809,1.0,1.0,1.0,0
25.83420449760323,1.0,2.0,0.565283666170538,1.0,0.0,0.0,0
90.17006216624117,8.0,1.0,0.36115332270188333,1.0,0.0,1.0,1
5.577796029328784,0.0,0.0,0.6578977025975318,1.0,0.0,0.0,0
43.33400416403708,4.0,0.0,0.7371074735680905,1.0,0.0,1.0,1
63.0264777385877,0.0,1.0,0.630692410507639,1.0,0.0,0.0,0
39.57896950487829,2.0,0.0,0.7031154653323956,1.0,0.0,1.0,1
57.86059790571814,1.0,1.0,0.767916883303992,1.0,0.0,0.0,1
6.939875684429179,1.0,1.0,0.8328072577304316,1.0,0.0,1.0,1
0.0,1.0,1.0,0.2838402633883882,1.0,0.0,0.0,0
0.0,0.0,0.0,0.7575720481546722,1.0,0.0,1.0,0
6.07936992412522,0.0,0.0,0.6621480723474014,1.0,1.0,1.0,0
23.656199856939473,1.0,0.0,0.36622425037182726,1.0,1.0,1.0,0
36.85022666386439,0.0,0.0,0.6038775124171011,1.0,0.0,1.0,1
37.56287085197848,2.0,1.0,0.6459475733876785,1.0,0.0,0.0,1
17.9136530715366,2.0,1.0,0.3808289428433307,1.0,0.0,0.0,0
18.68370217635628,0.0,1.0,0.6852545427642631,0.0,1.0,1.0,0
10.948038281863896,0.0,0.0,0.6232372131543448,1.0,1.0,0.0,0
35.1320623917257,1.0,0.0,0.5711936859621589,1.0,0.0,0.0,0
27.185286977230717,1.0,0.0,0.8203442222232705,1.0,0.0,0.0,0
18.164580636661576,1.0,0.0,0.7900056111780476,1.0,0.0,0.0,0
39.34280969146785,0.0,3.0,0.7947404523853295,1.0,1.0,0.0,1
54.16275728464359,0.0,1.0,0.7596115728159616,1.0,0.0,0.0,1
95.52758520334943,2.0,1.0,0.48321056258293016,0.0,0.0,0.0,1
26.212013279178247,2.0,3.0,0.875343092418464,1.0,0.0,1.0,1
7.0528102838741535,1.0,0.0,0.526261276396578,1.0,1.0,0.0,0
32.71626406854192,2.0,2.0,0.39143968653325545,0.0,0.0,1.0,0
10.11963611860344,0.0,0.0,0.21107900806714358,1.0,0.0,0.0,0
18.16326151790902,0.0,2.0,0.8556940207691862,1.0,1.0,0.0,1
0.0,0.0,2.0,0.4499698916021672,1.0,0.0,0.0,0
28.03182785409136,0.0,2.0,0.39378255097616727,1.0,1.0,0.0,1
112.53413572891232,3.0,0.0,0.57442167559382,1.0,0.0,1.0,1
43.00564118766428,0.0,2.0,0.741396378216122,1.0,0.0,0.0,0
84.67061532427442,0.0,1.0,0.47844361345078007,1.0,0.0,0.0,0
103.99543966656944,1.0,3.0,0.2897555018241945,1.0,0.0,0.0,1
45.25977848374568,5.0,0.0,0.12004531758441556,0.0,1.0,1.0,1
37.446420494111074,0.0,0.0,0.6629789206506144,1.0,1.0,1.0,0
47.70632417671062,3.0,0.0,0.5957406299907119,1.0,0.0,0.0,1
22.450348842524956,0.0,2.0,0.18781662876304753,1.0,1.0,0.0,0
21.70872203890848,1.0,1.0,0.5154332934325554,1.0,1.0,0.0,0
123.37826651051259,1.0,1.0,0.2474184684187941,1.0,0.0,1.0,1
53.969466938658904,3.0,1.0,0.3879795493806615,1.0,0.0,0.0,0
13.448368643064283,0.0,0.0,0.4061955772959086,1.0,0.0,0.0,0
99.06856669329666,1.0,1.0,0.1176627326525587,1.0,0.0,1.0,1
12.873628637706856,2.0,1.0,0.4523891190303377,1.0,1.0,0.0,0
32.713132310775826,0.0,1.0,0.5704790886133513,1.0,1.0,1.0,0
49.17478111308833,0.0,1.0,0.9602141966864448,1.0,1.0,0.0,0
14.104691874821267,0.0,1.0,0.7726241296278072,1.0,0.0,0.0,0
24.931868366432077,0.0,0.0,0.7508332533950505,1.0,0.0,1.0,0
46.17399765452006,3.0,4.0,0.4375238182423963,1.0,0.0,0.0,1
115.24093590066818,2.0,1.0,0.27626087033114777,1.0,1.0,1.0,1
11.343772442508195,2.0,3.0,0.16748078295998187,1.0,0.0,1.0,1
74.30982294786608,1.0,2.0,0.48927275893592165,1.0,0.0,1.0,0
0.0,0.0,0.0,0.5281449161770344,1.0,0.0,1.0,0
50.090012287616595,0.0,1.0,0.7210370895408297,1.0,1.0,0.0,0
19.910855974632554,2.0,1.0,0.7615173373261933,1.0,0.0,0.0,0
31.159219095603284,2.0,6.0,0.10287522885171528,1.0,0.0,1.0,1
0.0,0.0,0.0,0.17174523656292184,1.0,0.0,1.0,0
0.0,3.0,1.0,0.9060803939345001,1.0,1.0,1.0,0
39.187206220481244,1.0,2.0,0.7041552538686833,1.0,0.0,1.0,1
27.665429737528868,0.0,2.0,0.6083454113363885,1.0,1.0,0.0,0
65.56985907203787,1.0,5.0,0.12857506604692406,0.0,0.0,0.0,1
20.959687218112094,1.0,0.0,0.3779186988704552,1.0,1.0,0.0,0
110.60207215886525,0.0,1.0,0.5576705595900461,1.0,1.0,1.0,1
0.0,0.0,1.0,0.5534852472064383,1.0,0.0,0.0,0
23.854794069926495,1.0,0.0,0.4964893356474103,0.0,1.0,1.0,0
149.33753524282574,1.0,0.0,0.3621590389827245,1.0,0.0,1.0,1
39.019598768103485,1.0,1.0,0.2706440427965224,1.0,0.0,0.0,0
51.09542561485182,3.0,2.0,0.6719639644309878,1.0,1.0,1.0,0
17.111538970679717,0.0,1.0,0.6339743553218151,1.0,1.0,0.0,1
65.07199751815371,0.0,0.0,0.18118156257111026,0.0,0.0,0.0,1
0.0,3.0,0.0,0.8908090349325196,1.0,0.0,0.0,0
52.29099901024023,2.0,1.0,0.7613536135534499,1.0,1.0,0.0,1
12.197554197045411,3.0,0.0,0.767043996328743,1.0,1.0,1.0,0
27.70994482937621,0.0,0.0,0.645684642689401,1.0,1.0,0.0,0
0.0,1.0,0.0,0.841587879767384,1.0,1.0,0.0,0
0.0,1.0,2.0,0.420441100368913,1.0,0.0,1.0,0
28.403090794969017,1.0,0.0,0.7853535896975836,1.0,1.0,1.0,1
24.74893559534423,1.0,0.0,0.5679555832720289,1.0,0.0,1.0,1
27.031245779007566,1.0,1.0,0.636445492712424,1.0,1.0,1.0,1
90.87011470140807,0.0,0.0,0.6206644252179375,1.0,0.0,0.0,0
76.8210377041366,2.0,3.0,0.11739798195307961,1.0,0.0,1.0,1
16.757735270692528,1.0,1.0,0.6592578295357451,1.0,1.0,0.0,0
59.873325953606624,1.0,1.0,0.22811923030706943,0.0,0.0,0.0,0
49.128061377102725,0.0,0.0,0.7448290553067183,1.0,0.0,0.0,0
15.089461956061431,0.0,1.0,0.5541593850314769,1.0,1.0,0.0,1
18.90104784487511,0.0,0.0,0.576340777353552,1.0,1.0,0.0,0
122.11666690626592,2.0,2.0,0.1624061528835913,1.0,0.0,1.0,1
88.26414965862112,2.0,1.0,0.6480592864383411,1.0,0.0,1.0,1
26.80431164365481,0.0,0.0,0.45954810223299286,1.0,1.0,0.0,0
28.910214850512393,1.0,1.0,0.6348252123882089,1.0,0.0,0.0,1
24.627300879791004,0.0,0.0,0.6397294049560364,1.0,0.0,1.0,0
89.39761929342657,0.0,1.0,0.45854335021383963,0.0,0.0,1.0,1
20.949752941398536,1.0,1.0,0.4287231253878186,1.0,0.0,1.0,0
14.83399236369058,0.0,1.0,0.7549866083139208,1.0,0.0,0.0,0
1.3428790596889635,2.0,2.0,0.5051365025111383,0.0,1.0,0.0,0
0.0,0.0,1.0,0.3247228933117931,1.0,0.0,1.0,0
57.60743316691698,2.0,0.0,0.7501372535459861,1.0,1.0,0.0,0
57.97298402642483,0.0,0.0,0.33080896605789806,1.0,0.0,0.0,0
35.16701793738092,0.0,0.0,0.8999717808495842,1.0,0.0,0.0,0
0.0,0.0,0.0,0.5831259608219196,1.0,0.0,0.0,0
59.8653528281456,0.0,1.0,0.8011802581008689,1.0,1.0,0.0,0
8.659725539007951,2.0,0.0,0.44611093709343325,1.0,1.0,1.0,0
38.07679500834669,3.0,2.0,0.2619009761923262,1.0,1.0,1.0,1
103.36427648439916,1.0,1.0,0.15896256362094865,1.0,0.0,1.0,1
48.604386469705545,0.0,0.0,0.39600504078138266,1.0,1.0,0.0,0
9.658651330669832,0.0,0.0,0.6133731796351769,1.0,1.0,1.0,0
74.20994092745993,0.0,0.0,0.9252667024610998,0.0,1.0,0.0,0
28.005758088213813,1.0,0.0,0.44659349026680023,1.0,1.0,1.0,0
47.50000955181236,0.0,0.0,0.10386091312298261,1.0,0.0,0.0,0
0.0,1.0,1.0,0.5163508569120656,1.0,1.0,0.0,0
51.024752187514636,1.0,0.0,0.6600512870196371,1.0,1.0,1.0,1
87.68239980053835,0.0,1.0,0.8381109089535975,1.0,0.0,0.0,0
78.67105246882387,2.0,0.0,0.26643510827823724,0.0,0.0,1.0,1
8.84145306428334,0.0,2.0,0.7628201657694688,1.0,1.0,0.0,0
20.690595228458733,2.0,2.0,0.42698020270115516,1.0,0.0,0.0,1
8.399599371194755,2.0,0.0,0.2989415873373679,1.0,0.0,0.0,1
11.748261683644635,3.0,1.0,0.3062094249729917,1.0,0.0,1.0,1
0.0,0.0,0.0,0.24624979140921036,1.0,1.0,0.0,1
55.886102230117594,2.0,5.0,0.3148088583259301,1.0,0.0,0.0,1
0.0,0.0,1.0,0.2510521339953246,1.0,0.0,0.0,0
153.57820024400007,2.0,2.0,0.2394382626704547,1.0,1.0,1.0,0
14.466006508557559,0.0,0.0,0.5281362799115443,1.0,1.0,0.0,0
59.29816382025801,1.0,0.0,0.6462728953417214,1.0,0.0,0.0,0
2.851422192126231,0.0,0.0,0.8491881868895708,1.0,1.0,0.0,0
6.636397383717938,0.0,0.0,0.8292356089193016,1.0,0.0,0.0,0
10.620617842193065,1.0,0.0,0.4128312462931043,1.0,0.0,0.0,0
74.5346766687878,1.0,0.0,0.6866357456008011,1.0,0.0,0.0,1
33.81599502434377,0.0,1.0,0.7997987973008418,1.0,1.0,0.0,0
63.050199763553714,0.0,2.0,0.770660000149825,1.0,1.0,1.0,1
39.534605461449324,1.0,0.0,0.63667205703413,1.0,1.0,0.0,0
20.34315729637148,0.0,0.0,0.41384193105686695,1.0,1.0,0.0,0
0.0,0.0,1.0,0.35311223671596254,0.0,0.0,0.0,0
0.0,0.0,0.0,0.5564274489477652,1.0,1.0,1.0,0
14.712205582032933,0.0,0.0,0.565992444706898,1.0,1.0,0.0,0
59.30867764333466,0.0,1.0,0.7181899800214422,1.0,1.0,0.0,0
0.0,1.0,0.0,0.4812186299735131,1.0,1.0,0.0,0
2.08417959035215,0.0,1.0,0.730562501609193,1.0,1.0,0.0,0
68.82828183777207,0.0,0.0,0.6491550504181866,1.0,0.0,0.0,0
34.92200164071318,0.0,1.0,0.6714111179658443,1.0,1.0,0.0,0
24.629824100873133,2.0,0.0,0.5520585690456661,1.0,1.0,0.0,1
0.0,0.0,0.0,0.5264487741728066,1.0,0.0,0.0,0
0.0,0.0,0.0,0.792480386001059,0.0,0.0,1.0,1
18.765087410324522,1.0,5.0,0.7237414634049364,1.0,0.0,0.0,1
19.817693362198565,2.0,2.0,0.509837084056319,1.0,0.0,1.0,1
0.0,2.0,1.0,0.4685052409316007,1.0,1.0,0.0,0
48.49901952920285,3.0,2.0,0.1387906312119429,1.0,0.0,0.0,1
43.333302254035345,0.0,0.0,0.40292483030095766,1.0,1.0,1.0,0
19.06384141484306,0.0,1.0,0.06608408437329504,1.0,0.0,1.0,0
63.22458245918121,0.0,0.0,0.6242291720226775,1.0,1.0,0.0,0
5.710751469477568,2.0,0.0,0.5645649006231259,1.0,1.0,0.0,0
54.60037041218621,0.0,0.0,0.7847186544148215,1.0,1.0,0.0,0
68.94829737994036,2.0,1.0,0.6978770218013137,1.0,0.0,1.0,1
0.0,0.0,1.0,0.564320841933629,0.0,0.0,0.0,0
133.24999914448716,0.0,2.0,0.5475183186163672,0.0,0.0,0.0,1
0.0,0.0,0.0,0.6987867507960771,1.0,0.0,0.0,1
43.66480218569412,1.0,1.0,0.5035372503345932,1.0,0.0,0.0,1
0.0,0.0,0.0,0.9370818339779535,1.0,0.0,0.0,0
13.122628445905024,0.0,1.0,0.8009246166075068,1.0,1.0,0.0,0
5.594885537968418,1.0,2.0,0.8362080740045433,1.0,1.0,0.0,0
58.169944881454164,2.0,1.0,0.3579928531466743,1.0,0.0,1.0,1
9.071333239605636,0.0,1.0,0.5955217700957796,1.0,0.0,0.0,0
0.0,0.0,0.0,0.4201662343285384,1.0,0.0,1.0,0
38.58844282204643,2.0,2.0,0.8613977564240165,1.0,0.0,1.0,1
23.975255051243337,1.0,2.0,0.6434056931584637,1.0,1.0,1.0,0
52.155871903353486,2.0,2.0,0.7014373188227719,1.0,0.0,0.0,1
26.549175619978495,2.0,0.0,0.9880757809212717,1.0,1.0,1.0,0
32.28484259192027,1.0,0.0,0.6669819166792245,1.0,1.0,1.0,0
5.350015331654387,0.0,5.0,0.5680080004312473,1.0,0.0,1.0,1
96.69980067257501,1.0,1.0,0.7563499616536712,1.0,1.0,0.0,0
20.333191554261393,1.0,2.0,0.8542401780185614,1.0,1.0,0.0,0
32.24059315489362,0.0,0.0,0.1913447906824694,1.0,0.0,0.0,0
17.901033330253664,1.0,1.0,0.8668835902698987,0.0,0.0,0.0,0
9.099702673526302,1.0,1.0,0.5576183913931045,1.0,0.0,1.0,0
46.24340443580363,0.0,1.0,0.7295129090276984,1.0,0.0,0.0,1
3.6847334855738296,0.0,0.0,0.6106754268558517,1.0,1.0,1.0,0
12.009976483365577,1.0,1.0,0.5718375744306669,1.0,1.0,0.0,0
18.233234483799123,1.0,1.0,0.6025803673162015,1.0,0.0,0.0,0
0.0,0.0,1.0,0.844821903189405,1.0,1.0,0.0,0
110.69027286821638,1.0,1.0,0.3662946874270217,1.0,0.0,1.0,1
15.175102431401553,0.0,0.0,0.6106878623086776,1.0,0.0,0.0,0
38.47211865921665,1.0,2.0,0.1878869632850626,1.0,0.0,1.0,1
0.0,0.0,1.0,0.6597271711517082,1.0,1.0,0.0,0
6.336862258663158,0.0,3.0,0.7566359297870506,1.0,0.0,1.0,1
19.864049713234774,1.0,3.0,0.5118812301696661,1.0,0.0,1.0,1
24.20156095884736,0.0,2.0,0.4602817392502166,1.0,1.0,0.0,0
0.0,0.0,0.0,0.7704859925514247,1.0,1.0,0.0,0
37.891560499380475,0.0,0.0,0.7215472631487475,1.0,1.0,1.0,0
38.35688635562019,1.0,0.0,0.4073862698909925,1.0,1.0,0.0,0
6.8988314301079345,0.0,0.0,0.3521023623071537,1.0,0.0,0.0,0
5.883629861896246,0.0,3.0,0.671790783225545,1.0,0.0,1.0,0
22.80490695433341,1.0,0.0,0.45590411081942883,1.0,1.0,0.0,0
0.0,0.0,0.0,0.6664540255045855,1.0,0.0,1.0,0
81.53542788868428,1.0,6.0,0.5093961436709832,1.0,0.0,1.0,1
35.12326937528971,2.0,0.0,0.40195501707632025,1.0,0.0,0.0,0
68.83460026505063,2.0,2.0,0.36142741902108677,0.0,0.0,1.0,1
10.994644745458311,1.0,0.0,0.8889716319637889,1.0,0.0,0.0,0
12.279660532347142,1.0,0.0,0.8171564654283844,1.0,0.0,0.0,0
16.822668151884876,2.0,0.0,0.6440080730289494,1.0,0.0,0.0,0
0.0,1.0,2.0,0.7856757627198062,1.0,1.0,1.0,0
0.0,0.0,2.0,0.8442469018231216,1.0,1.0,1.0,0
109.63537278139937,0.0,3.0,0.9113329510427531,1.0,0.0,0.0,0
6.424270480531137,1.0,1.0,0.4970743388940294,1.0,0.0,0.0,0
51.185939734443885,1.0,0.0,0.5348712464194171,1.0,1.0,1.0,0
0.0,1.0,1.0,0.5659976232455388,1.0,1.0,0.0,0
28.619599557111908,0.0,4.0,0.6940103900924448,1.0,0.0,0.0,1
56.74306784080143,2.0,2.0,0.6515338488946144,1.0,1.0,1.0,1
1.3811842802953902,0.0,0.0,0.8146014078932339,1.0,1.0,1.0,1
9.247386947606614,1.0,0.0,0.9430303421106746,1.0,1.0,0.0,0
14.647282373752613,0.0,0.0,0.4373551999172538,1.0,0.0,1.0,0
54.98252312967609,3.0,1.0,0.8599505328161723,1.0,1.0,1.0,1
6.168764205895492,0.0,1.0,0.8704478732889642,1.0,1.0,0.0,0
27.250755502066134,1.0,3.0,0.5806697811976153,1.0,1.0,0.0,0
35.065132244466795,1.0,2.0,0.14408410663458407,1.0,0.0,1.0,1
21.309232841687876,0.0,0.0,0.6984783239883653,1.0,1.0,1.0,0
31.758498243024192,0.0,1.0,0.43981093146614575,0.0,0.0,0.0,0
29.061927369520337,2.0,5.0,0.16811059465569972,1.0,0.0,1.0,1
12.086544218089713,0.0,1.0,0.560434870405403,1.0,1.0,1.0,0
1.1389158825677725,0.0,2.0,0.5975630187108205,1.0,0.0,0.0,1
91.35029660599227,2.0,4.0,0.30141469209427907,1.0,0.0,1.0,1
69.42636143440559,0.0,1.0,0.30790885093887244,1.0,1.0,0.0,0
17.067035283385167,1.0,0.0,0.5948926857276261,1.0,0.0,0.0,0
61.81967287712582,1.0,0.0,0.1878583545615033,1.0,0.0,1.0,1
23.67360809798911,1.0,0.0,0.7872796537335165,1.0,1.0,0.0,0
43.29922685502697,1.0,3.0,0.6997436574236248,1.0,0.0,0.0,1
1.303744885346342,0.0,2.0,0.9342969474055304,1.0,1.0,1.0,0
87.50125566541746,1.0,1.0,0.26566918340162077,1.0,0.0,1.0,1
13.341216149581939,0.0,1.0,0.8697826635456668,1.0,1.0,0.0,0
54.17309012602736,2.0,0.0,0.3950986147544815,1.0,0.0,0.0,1
41.972089521457924,1.0,2.0,0.7749672139345792,1.0,0.0,1.0,1
29.316931153042923,1.0,0.0,0.6064364554220331,1.0,0.0,0.0,0
26.058287429474966,0.0,1.0,0.5725229916170025,1.0,1.0,0.0,0
38.758058991339276,0.0,3.0,0.7633078438511308,1.0,0.0,0.0,1
4.893269679735997,1.0,1.0,0.42881662109069385,1.0,0.0,0.0,0
51.22815838950623,2.0,1.0,0.6554201437195112,1.0,0.0,1.0,0
30.011021391384254,2.0,3.0,0.45554180830802854,1.0,0.0,1.0,1
74.59401002835371,0.0,1.0,0.731455563053234,0.0,1.0,0.0,0
3.647015535748121,1.0,0.0,0.7489172316126474,0.0,1.0,1.0,0
43.31672940034503,0.0,1.0,0.5635988488170106,1.0,1.0,0.0,0
51.818833207353805,0.0,1.0,0.6935618180607714,1.0,1.0,1.0,0
35.8526615658682,0.0,3.0,0.9377382668862063,1.0,0.0,1.0,1
46.54130770807751,2.0,0.0,0.5078554255881517,1.0,1.0,0.0,0
60.94036783774693,0.0,1.0,0.523448245107038,1.0,1.0,1.0,0
30.168650881818422,0.0,2.0,0.42297503887140997,1.0,0.0,1.0,0
44.34280295251879,1.0,2.0,0.8585838793298547,1.0,1.0,0.0,0
0.0,0.0,0.0,0.44461211588293037,1.0,1.0,0.0,1
45.75126963642928,1.0,1.0,0.5430778731512214,1.0,1.0,1.0,0
29.331391731247997,0.0,0.0,0.7310286632286236,1.0,0.0,0.0,0
13.810461876668935,0.0,0.0,0.6411921603788191,1.0,0.0,0.0,0
26.462284416207382,2.0,2.0,0.3310095305320225,1.0,0.0,0.0,1
65.22607592847028,3.0,3.0,0.49301564712207036,1.0,0.0,0.0,1
21.21072211880314,2.0,0.0,0.1362592009996201,1.0,0.0,1.0,1
16.582359351599425,0.0,3.0,0.4764964518063304,1.0,0.0,0.0,1
0.0,1.0,0.0,0.655896038502254,1.0,0.0,1.0,0
15.724372040270591,0.0,1.0,0.6817138653776844,0.0,1.0,0.0,0
73.29015742699289,1.0,0.0,0.9494387512954688,0.0,1.0,0.0,0
7.061233049902008,0.0,0.0,0.7486979339264316,1.0,1.0,0.0,0
22.33326237826594,3.0,1.0,0.36973565052883456,0.0,0.0,0.0,1
6.907866394887153,0.0,2.0,0.8137687517572948,1.0,0.0,1.0,0
19.50819999249299,3.0,1.0,0.2899399264454285,1.0,0.0,1.0,1
26.61613466234509,0.0,0.0,0.5400938074823419,1.0,0.0,0.0,0
4.51805455014604,0.0,2.0,0.7691476613837966,1.0,1.0,0.0,0
14.912712954050342,0.0,0.0,0.24156242295356808,1.0,1.0,0.0,0
35.255250574312235,0.0,0.0,0.5383826604442605,1.0,1.0,1.0,0
23.905607902869697,0.0,2.0,0.8468166167162737,1.0,1.0,0.0,0
29.831819621223573,2.0,5.0,0.5889967923482032,1.0,0.0,1.0,1
50.36908360094067,0.0,3.0,0.8841173746066059,1.0,0.0,1.0,1
3.1864502163659196,0.0,2.0,0.4905987525075164,0.0,0.0,1.0,1
77.67697254922936,1.0,2.0,0.7984436432872692,1.0,0.0,1.0,1
29.91453213204639,1.0,0.0,0.6421292387128783,0.0,0.0,0.0,0
21.82042735859811,2.0,2.0,0.7556769612534681,1.0,0.0,0.0,1
15.001008378358083,1.0,1.0,0.8246344825927835,1.0,1.0,1.0,0
32.32213147905109,1.0,2.0,0.24883019184744304,1.0,0.0,1.0,1
18.154265859473504,0.0,0.0,0.5704500446941391,1.0,1.0,1.0,0
0.0,0.0,1.0,0.8142637341462647,1.0,1.0,1.0,1
14.121223781122378,3.0,1.0,0.5076534979719552,1.0,0.0,1.0,1
10.04141636700166,2.0,4.0,0.8501643375944645,1.0,0.0,1.0,1
80.7067555550621,0.0,1.0,0.8672356093579062,1.0,0.0,0.0,0
11.185366696073626,0.0,2.0,0.9217713535859998,1.0,0.0,0.0,1
13.791101192472123,0.0,2.0,0.9222577202151894,1.0,0.0,1.0,1
75.07186010118434,1.0,2.0,0.11591811973261278,1.0,1.0,1.0,1
33.43346711398399,1.0,1.0,0.9067030341376341,1.0,0.0,1.0,1
0.0,3.0,2.0,0.6169574652941867,1.0,1.0,0.0,0
0.0,1.0,1.0,0.4985089943000109,1.0,1.0,0.0,0
32.28925174662699,0.0,1.0,0.3966515072766693,0.0,1.0,0.0,0
37.547963139823,0.0,2.0,0.9218429670571087,1.0,1.0,1.0,1
21.97649715319443,0.0,1.0,0.8265354012978439,1.0,0.0,1.0,0
116.4216006478475,3.0,4.0,0.3201577323786087,1.0,0.0,1.0,1
27.572678763873746,0.0,2.0,0.32788138851973914,1.0,0.0,0.0,0
50.24195828907198,1.0,0.0,0.8617510847988733,1.0,0.0,1.0,1
0.0,0.0,0.0,0.6873447956052293,1.0,1.0,0.0,1
0.0,1.0,3.0,0.29913138194535854,1.0,1.0,0.0,0
79.62198863502715,5.0,2.0,0.7593777422220883,1.0,1.0,0.0,1
52.623190662820676,0.0,0.0,0.28525908544769013,1.0,1.0,1.0,0
15.365894307444972,1.0,1.0,0.5587198159603135,1.0,1.0,0.0,1
22.863488459161225,1.0,1.0,0.15227392490487612,1.0,1.0,0.0,0
26.20790555941951,1.0,0.0,0.8895224610350864,1.0,0.0,0.0,0
109.14545846759145,0.0,1.0,0.5693225325046833,1.0,1.0,0.0,0
35.178853890283136,2.0,1.0,0.519002312437981,1.0,1.0,0.0,0
31.55561750163872,2.0,3.0,0.26126397190509665,1.0,0.0,0.0,1
20.008379315367335,0.0,1.0,0.23423386346864283,1.0,0.0,0.0,0
12.974584262938587,0.0,1.0,0.585706536749961,1.0,1.0,0.0,0
27.290866732898508,3.0,5.0,0.8109836780437789,1.0,0.0,1.0,0
11.202836270914545,0.0,0.0,0.3536256114283701,1.0,1.0,0.0,0
13.179242186064503,0.0,1.0,0.6192808508087253,1.0,1.0,0.0,1
92.27396480509597,1.0,0.0,0.7228026193444216,1.0,1.0,0.0,0
5.197292386889615,2.0,1.0,0.8036271035391852,1.0,1.0,1.0,1
0.0,0.0,0.0,0.21812677613266102,1.0,1.0,0.0,0
0.0,0.0,2.0,0.3588806999004099,1.0,1.0,0.0,0
94.07328689591773,3.0,3.0,0.864219146437392,1.0,0.0,1.0,1
27.847321196396685,2.0,3.0,0.6140141790004087,1.0,0.0,1.0,1
61.296270888005296,1.0,3.0,0.34377137649654377,1.0,0.0,1.0,0
126.72482479000375,2.0,2.0,0.14655128261274336,0.0,0.0,1.0,1
0.0,0.0,0.0,0.745394517926115,1.0,0.0,1.0,0
37.31977040703221,0.0,0.0,0.5977073832083537,1.0,0.0,1.0,0
123.96430959512026,1.0,1.0,0.5249591680004241,1.0,0.0,0.0,1
156.2304874732042,3.0,0.0,0.4899423764234647,1.0,0.0,1.0,1
51.240604216169956,0.0,4.0,0.9525407823945369,1.0,0.0,1.0,1
0.0,0.0,0.0,0.581056960310322,1.0,1.0,0.0,0
27.726578868799706,0.0,0.0,0.2994528353063282,1.0,1.0,0.0,0
22.179116352953784,1.0,1.0,0.7946655951841367,1.0,1.0,0.0,0
24.0473329534263,0.0,1.0,0.7231948941441788,1.0,1.0,0.0,0
123.24643775740543,0.0,2.0,0.12272172549820251,0.0,0.0,1.0,1
13.018913839592127,1.0,0.0,0.4375726426351785,1.0,1.0,0.0,0
41.7533377535819,1.0,0.0,0.9452922098141114,1.0,1.0,0.0,1
41.239475874787175,0.0,1.0,0.7879716090366685,1.0,1.0,0.0,1
0.0,0.0,1.0,0.3954664070943649,1.0,0.0,1.0,0
17.244069181395584,2.0,1.0,0.6015980506659665,1.0,0.0,1.0,1
52.27429994452572,0.0,5.0,0.5224469665812608,1.0,1.0,1.0,1
58.29077359954239,1.0,1.0,0.10290244147490099,1.0,1.0,0.0,0
39.25638403782021,1.0,0.0,0.5943079659614012,1.0,1.0,0.0,0
34.909214700355356,2.0,2.0,0.7101778264107863,1.0,0.0,1.0,1
9.676941908695,0.0,0.0,0.40164970909750836,1.0,1.0,0.0,0
46.808637982620404,1.0,0.0,0.8879264144465269,1.0,1.0,0.0,0
31.604933157342572,0.0,3.0,0.8119301866644341,1.0,0.0,1.0,0
20.216051630661198,0.0,1.0,0.7310050213315489,1.0,1.0,0.0,0
0.0,0.0,3.0,0.11256915633139498,1.0,0.0,0.0,0
50.50478370108536,1.0,1.0,0.5199179826001907,1.0,0.0,1.0,0
45.233039221704786,4.0,1.0,0.4269166240476753,1.0,0.0,1.0,1
7.553634083210879,1.0,0.0,0.36986996201091377,1.0,1.0,1.0,0
43.921847536412635,1.0,0.0,0.6621633838181691,0.0,1.0,1.0,0
0.0,1.0,2.0,0.8572568640168029,1.0,1.0,1.0,0
54.6406856391016,1.0,0.0,0.627595855515335,1.0,1.0,1.0,0
30.13091845351427,3.0,2.0,0.8433566045651829,1.0,0.0,1.0,1
21.65233153842304,2.0,1.0,0.5880754687638796,1.0,1.0,1.0,1
13.793773282966932,2.0,0.0,0.7474140750964395,0.0,1.0,0.0,0
28.247005681772947,1.0,1.0,0.18795358632473805,1.0,0.0,1.0,1
0.0,0.0,1.0,0.7436613786436039,1.0,0.0,1.0,1
77.71378342483972,2.0,0.0,0.6162832428355515,1.0,1.0,1.0,0
93.12517459700308,3.0,2.0,0.8037413655127028,1.0,0.0,1.0,1
33.111960117518684,1.0,1.0,0.5371246774480211,1.0,1.0,0.0,0
0.0,1.0,0.0,0.5394430275784031,1.0,0.0,0.0,0
15.879976964074872,0.0,2.0,0.673773248188081,1.0,1.0,1.0,0
32.24776603116149,0.0,2.0,0.4535105609314035,1.0,0.0,0.0,0
0.0,3.0,1.0,0.7465960589232002,1.0,1.0,1.0,1
0.0,1.0,0.0,0.3095398735244238,0.0,0.0,1.0,0
65.99996529875274,0.0,2.0,0.44448134697282177,1.0,1.0,0.0,0
50.3834246987904,1.0,2.0,0.6725894084248434,1.0,0.0,0.0,1
40.77280954132141,0.0,0.0,0.36876363347958985,1.0,0.0,0.0,0
36.65570221469918,0.0,4.0,0.7148511300771362,1.0,1.0,1.0,1
0.0,0.0,0.0,0.7351947735768304,1.0,1.0,0.0,0
47.84302490771757,0.0,0.0,0.4757135609123091,1.0,0.0,0.0,0
23.945101499873488,1.0,0.0,0.5116654294132748,1.0,0.0,0.0,1
67.08801461484461,1.0,0.0,0.7305666577380604,1.0,1.0,0.0,0
56.82647465763294,1.0,2.0,0.18557157960010123,1.0,0.0,0.0,1
33.393063119150526,1.0,3.0,0.5224956731837317,1.0,1.0,1.0,0
54.01381468236052,0.0,0.0,0.5390226669785725,1.0,1.0,0.0,0
47.37988277882264,3.0,2.0,0.6457432283495879,1.0,0.0,0.0,0
6.059813583173998,0.0,0.0,0.4631914482086337,1.0,1.0,0.0,0
4.893244368829185,0.0,1.0,0.5120617181452221,1.0,1.0,1.0,0
0.0,0.0,1.0,0.9240236070089407,0.0,1.0,0.0,0
32.464312403758726,0.0,0.0,0.41318614430630995,1.0,0.0,1.0,1
33.810768811077295,0.0,1.0,0.4619058106349414,1.0,0.0,0.0,0
45.46877095543044,2.0,1.0,0.8401538882055315,1.0,1.0,0.0,0
5.738187054955317,0.0,0.0,0.7836525764155045,1.0,1.0,0.0,0
41.597520756101794,1.0,1.0,0.6526668032856745,1.0,0.0,1.0,1
40.16518142952193,2.0,2.0,0.3432325042057174,1.0,1.0,1.0,1
0.0,3.0,1.0,0.5732786002292309,0.0,0.0,0.0,1
35.01576806565147,1.0,2.0,0.6612302104266604,1.0,1.0,0.0,1
12.348475084177887,0.0,1.0,0.42286042624060993,1.0,0.0,0.0,0
13.704692878440031,3.0,3.0,0.9415309329526383,1.0,1.0,0.0,1
69.49222564327158,1.0,1.0,0.7853000572588974,1.0,0.0,0.0,1
55.5490463500857,2.0,2.0,0.05301862530335014,1.0,0.0,1.0,1
23.63845994698221,0.0,0.0,0.8493251867700962,1.0,0.0,0.0,0
43.105035334396405,0.0,0.0,0.20788170362126582,1.0,1.0,0.0,0
0.0,0.0,0.0,0.6563873534138189,0.0,1.0,0.0,0
26.982251230594102,1.0,0.0,0.5855731062412955,1.0,1.0,0.0,0
8.166880771965626,1.0,1.0,0.8505086240885126,0.0,0.0,0.0,1
25.891271717017418,0.0,5.0,0.32510745585306444,1.0,0.0,0.0,1
92.90617670326702,1.0,1.0,0.5279332622763502,1.0,1.0,1.0,1
0.0,1.0,0.0,0.7703781646710367,0.0,1.0,0.0,0
42.380255814355266,0.0,0.0,0.8070742214810952,1.0,1.0,0.0,0
5.764663120557069,0.0,1.0,0.5335538387635251,1.0,0.0,1.0,0
53.60785125429243,1.0,1.0,0.2876189008135719,0.0,0.0,0.0,1
36.27426840187714,1.0,0.0,0.7869811188489777,1.0,1.0,0.0,0
19.07846997880171,0.0,0.0,0.2072868565092843,1.0,0.0,1.0,0
0.0,0.0,0.0,0.5452035317137307,1.0,0.0,0.0,0
70.22838268257543,0.0,0.0,0.15358384617163892,1.0,0.0,1.0,1
41.219815844420275,3.0,4.0,0.6529672495760948,1.0,0.0,1.0,1
55.29179622389705,1.0,3.0,0.41839542958652565,1.0,0.0,0.0,1
93.3523975712122,4.0,1.0,0.3993052009859733,0.0,0.0,1.0,1
56.66026035018493,0.0,0.0,0.6082506922896334,0.0,0.0,1.0,0
0.0,0.0,0.0,0.35679919860705794,1.0,1.0,0.0,0
40.00796269972719,0.0,1.0,0.7971472251876135,1.0,0.0,0.0,0
0.0,0.0,0.0,0.26741202620814597,1.0,0.0,0.0,0
0.0,1.0,0.0,0.4484766866604523,1.0,1.0,0.0,0
19.885406739806374,1.0,1.0,0.1338706358660913,1.0,0.0,0.0,0
33.90254957071862,0.0,0.0,0.8790013851897183,1.0,1.0,0.0,0
32.40966040816507,0.0,0.0,0.4545281724423729,1.0,1.0,0.0,0
26.736166563779115,0.0,2.0,0.6716671146275007,1.0,1.0,0.0,0
53.863076173502684,3.0,2.0,0.2602033606412293,0.0,0.0,1.0,0
0.0,0.0,1.0,0.9294768603348084,1.0,0.0,0.0,0
0.0,0.0,2.0,0.2614149025058475,1.0,0.0,1.0,1
36.795889387079335,0.0,1.0,0.7541888792464799,1.0,1.0,0.0,0
19.977163988335043,0.0,2.0,0.8279904721569022,1.0,0.0,0.0,0
9.701627848245154,1.0,1.0,0.7491529540172148,1.0,0.0,0.0,1
73.98185135459856,1.0,0.0,0.20613921754697692,1.0,0.0,0.0,1
72.36620552008429,0.0,0.0,0.6880995528831144,1.0,1.0,1.0,0
31.618165944914274,2.0,3.0,0.3305510761700964,1.0,1.0,0.0,1
3.086868188541962,0.0,0.0,0.6288213795082025,1.0,0.0,0.0,0
67.29160149391532,0.0,2.0,0.33997438939309027,1.0,0.0,0.0,1
79.81349055818254,0.0,0.0,0.23362929644287567,1.0,0.0,1.0,0
24.727948677566555,2.0,3.0,0.25431740109723383,1.0,1.0,1.0,1
0.0,0.0,3.0,0.46502370569072365,1.0,1.0,0.0,0
0.0,0.0,0.0,0.6821330202707194,1.0,0.0,0.0,0
7.104875253182166,0.0,1.0,0.5692021884031023,1.0,1.0,0.0,0
0.0,1.0,2.0,0.43460127698710926,1.0,0.0,1.0,1
0.0,2.0,2.0,0.6181625597929808,1.0,1.0,0.0,1
136.26577301507277,1.0,1.0,0.4866445601466328,1.0,0.0,1.0,1
11.17149041144367,1.0,2.0,0.5613800240801996,1.0,1.0,0.0,0
29.21283242360511,0.0,1.0,0.897469375557964,1.0,1.0,0.0,0
9.979912012409736,1.0,1.0,0.7579987303548367,1.0,0.0,1.0,0
46.88075526511855,2.0,2.0,0.39772647933702315,1.0,1.0,1.0,1
46.532979937349516,0.0,1.0,0.34166704187448405,1.0,1.0,0.0,0
147.77339294276152,2.0,3.0,0.24240370222322866,1.0,0.0,1.0,1
0.0,1.0,1.0,0.4187186538883136,1.0,1.0,0.0,0
127.40277276208575,0.0,0.0,0.7288031431568811,1.0,0.0,0.0,0
8.808917719243688,1.0,0.0,0.978358021012783,1.0,1.0,0.0,0
114.3061386065203,0.0,0.0,0.7849288026378177,0.0,1.0,0.0,0
42.37447977474839,0.0,2.0,0.20483482868880684,1.0,1.0,0.0,1
80.11184518549945,0.0,1.0,0.6707783942205044,1.0,0.0,0.0,0
0.0,0.0,0.0,0.6348453427356126,1.0,0.0,0.0,1
53.45174414484973,2.0,0.0,0.43357474220756603,1.0,0.0,0.0,1
11.962573170884259,1.0,2.0,0.38499841084332653,0.0,0.0,1.0,0
15.203399381652744,0.0,2.0,0.38052942185287847,1.0,1.0,0.0,0
0.0,1.0,3.0,0.8560519048448741,1.0,1.0,1.0,0
1.6762562882333931,1.0,1.0,0.8827290986157827,1.0,1.0,0.0,1
45.74830097548778,1.0,3.0,0.9508131259052801,1.0,0.0,1.0,1
0.0,0.0,0.0,0.8765117888443517,1.0,0.0,1.0,0
27.120258393570378,1.0,0.0,0.3021486799703288,0.0,1.0,1.0,0
7.501089117148383,0.0,0.0,0.49184540256964265,1.0,0.0,0.0,0
39.35112420907792,5.0,0.0,0.29171658505998516,1.0,0.0,1.0,1
0.0,1.0,1.0,0.6770259608466633,1.0,0.0,0.0,0
0.0,0.0,1.0,0.45277263876549384,1.0,0.0,0.0,0
57.194947492155805,1.0,0.0,0.6377641828937824,1.0,1.0,0.0,0
23.55990139448749,2.0,0.0,0.5161247755169278,1.0,0.0,1.0,1
8.427554700692435,2.0,1.0,0.36254131201730944,1.0,1.0,1.0,0
0.0,0.0,2.0,0.8614654329420187,1.0,1.0,0.0,0
70.90701857103213,0.0,2.0,0.09181360424251171,0.0,1.0,1.0,1
90.75422436670912,3.0,3.0,0.03488954516716213,0.0,0.0,0.0,1
74.41552548610518,3.0,2.0,0.4571320301595657,0.0,0.0,0.0,1
0.0,0.0,2.0,0.42187784042778204,1.0,1.0,0.0,0
57.96972717527463,0.0,0.0,0.22422719195982854,1.0,0.0,0.0,0
83.3281618005503,1.0,2.0,0.48625532904053775,1.0,1.0,0.0,0
34.82209586897482,2.0,1.0,0.28740127494119555,1.0,0.0,1.0,1
46.07921026670418,2.0,1.0,0.09060862747106185,1.0,0.0,1.0,1
0.0,0.0,2.0,0.5545016918087502,1.0,1.0,0.0,0
0.0,0.0,1.0,0.6522345450019033,0.0,1.0,1.0,0
72.97668853101452,1.0,0.0,0.4795293095643183,1.0,1.0,1.0,0
5.019717810354108,0.0,2.0,0.7778530985259308,1.0,0.0,0.0,0
38.81747883382085,0.0,2.0,0.8363856848167956,1.0,0.0,0.0,0
50.04247548799104,0.0,7.0,0.4416577076931306,1.0,1.0,1.0,1
115.51674544474929,3.0,0.0,0.8489598561263031,1.0,0.0,1.0,1
0.0,0.0,2.0,0.4854493447411169,0.0,1.0,1.0,0
0.7108491540755386,0.0,1.0,0.45889916419687676,1.0,1.0,0.0,1
17.93971965152691,0.0,2.0,0.494162283812001,1.0,0.0,0.0,1
119.15790119840597,1.0,1.0,0.8424215086032888,1.0,0.0,0.0,1
0.767733954262189,0.0,1.0,0.33033597514933205,1.0,0.0,0.0,0
24.47530737528357,2.0,4.0,0.3866140470775674,1.0,0.0,1.0,1
42.74902037875575,0.0,0.0,0.6124074394436404,0.0,1.0,1.0,0
30.96990428587365,0.0,1.0,0.5448654291200724,1.0,0.0,1.0,0
15.897514594798455,1.0,1.0,0.2633075000232315,1.0,1.0,1.0,0
29.194736324240246,2.0,2.0,0.689902901080906,1.0,0.0,0.0,0
0.0,0.0,1.0,0.8852283458918548,1.0,0.0,1.0,0
64.68301233703528,1.0,0.0,0.6393359904751168,1.0,1.0,0.0,0
59.014629943494086,0.0,2.0,0.5264776788025511,1.0,1.0,0.0,0
22.372733130581267,1.0,0.0,0.4258382445947429,1.0,0.0,0.0,0
64.7739691559259,1.0,2.0,0.524470082135105,1.0,0.0,0.0,1
20.607038682596496,1.0,1.0,0.7271454970007691,1.0,1.0,0.0,0
16.088996904962666,1.0,0.0,0.5136225026640757,1.0,1.0,0.0,0
12.484967606895516,0.0,0.0,0.7651163112366451,1.0,0.0,0.0,0
34.87043001964489,2.0,1.0,0.311273666135651,1.0,0.0,0.0,0
131.1727113535955,0.0,2.0,0.26387140031221085,1.0,0.0,0.0,1
31.688961534881248,1.0,1.0,0.38501607606013266,0.0,0.0,0.0,1
7.111315744713866,2.0,0.0,0.618268122390938,1.0,1.0,0.0,0
18.94982718381347,4.0,2.0,0.36356821710215276,1.0,0.0,1.0,1
17.648045815965556,0.0,0.0,0.8854384766506764,0.0,0.0,1.0,1
15.130665687603667,1.0,0.0,0.5449328028499956,1.0,1.0,0.0,0
32.48362681409323,0.0,0.0,0.27921304874738434,1.0,0.0,0.0,0
9.079946343205656,0.0,1.0,0.5902424291275005,1.0,0.0,0.0,0
31.804506373062612,2.0,3.0,0.24378874387998065,0.0,0.0,0.0,1
22.172635936871977,0.0,0.0,0.7704002132805847,1.0,0.0,1.0,0
75.38291239127811,3.0,2.0,0.17030527791471767,1.0,1.0,0.0,1
0.0,2.0,0.0,0.3797179829435297,1.0,0.0,0.0,0
28.721140983340284,0.0,1.0,0.5548040920467887,1.0,0.0,1.0,1
19.1256483076909,2.0,2.0,0.832595338611724,1.0,0.0,1.0,0
47.71704448388148,1.0,0.0,0.4320113614489154,1.0,1.0,0.0,0
0.0,1.0,1.0,0.6727954774960162,1.0,0.0,0.0,0
46.0101210448661,1.0,0.0,0.257064565844295,1.0,1.0,0.0,0
17.268613895348444,1.0,1.0,0.6937641511446788,1.0,1.0,0.0,0
0.0,1.0,1.0,0.7682155332698286,1.0,1.0,0.0,0
110.2379726564135,3.0,2.0,0.5524312566369277,1.0,0.0,1.0,1
73.1056872872291,1.0,2.0,0.5699216035784085,1.0,0.0,0.0,1
10.185770661538566,1.0,0.0,0.4584298940618405,1.0,1.0,0.0,0
0.0,0.0,2.0,0.745951948294665,1.0,1.0,0.0,0
2.2870978504400368,0.0,2.0,0.36424561325857646,1.0,0.0,0.0,0
27.961936144443577,1.0,1.0,0.7350405362902963,1.0,0.0,0.0,1
4.150049197037109,0.0,0.0,0.8018928645534196,1.0,0.0,0.0,0
53.790642251119664,0.0,0.0,0.2612965388119085,1.0,0.0,0.0,0
30.70344173638568,0.0,3.0,0.5005184734353516,1.0,0.0,1.0,1
67.92315755313743,2.0,1.0,0.7141764349902439,1.0,0.0,0.0,0
0.0,0.0,1.0,0.2833488018124303,1.0,1.0,0.0,0
71.40258666826458,1.0,0.0,0.41761463499197143,1.0,0.0,0.0,0
41.18446679017841,0.0,2.0,0.7761540702999089,1.0,0.0,1.0,1
37.99573872417355,0.0,1.0,0.6136487928084838,1.0,1.0,1.0,0
18.251769020234693,1.0,0.0,0.3096919381357806,1.0,1.0,1.0,0
26.664098632548033,0.0,1.0,0.6861391165594433,1.0,0.0,1.0,0
57.71704211043992,0.0,0.0,0.586185156442306,1.0,0.0,1.0,1
9.803261800923746,2.0,1.0,0.7401482189244232,1.0,1.0,0.0,0
14.79024291229413,0.0,0.0,0.4274929879519634,1.0,1.0,0.0,0
0.0,0.0,0.0,0.8712327346046164,1.0,0.0,0.0,0
38.76718594958169,3.0,2.0,0.1830470363428079,1.0,0.0,1.0,1
59.316032920343126,2.0,1.0,0.5839429474955735,1.0,0.0,0.0,0
2.1735843687869507,0.0,0.0,0.967677268027085,1.0,1.0,0.0,0
28.410788573327135,2.0,0.0,0.6816336505222863,1.0,1.0,0.0,0
29.523117633710754,2.0,0.0,0.6768504361144997,1.0,0.0,1.0,0
35.62794572813164,0.0,1.0,0.5096910904019515,0.0,0.0,0.0,0
40.7956011607282,0.0,2.0,0.6365271071358714,1.0,0.0,0.0,1
0.0,0.0,1.0,0.4514882133478575,1.0,0.0,1.0,0
32.81352619148422,0.0,4.0,0.2794947394897613,1.0,1.0,1.0,1
11.016472543629718,1.0,1.0,0.9183252484190383,1.0,0.0,1.0,1
19.14317694235708,0.0,1.0,0.6137915104785995,1.0,1.0,0.0,0
22.57593767545648,0.0,3.0,0.5692745209597911,1.0,0.0,0.0,0
1.0653679678886794,1.0,0.0,0.6523022398223634,1.0,0.0,0.0,0
0.0,0.0,1.0,0.547452333122394,1.0,1.0,1.0,0
91.92310201803122,0.0,3.0,0.6920969920433492,1.0,1.0,0.0,1
68.3039414391244,3.0,0.0,0.13643804707454252,1.0,0.0,1.0,0
56.493880836131225,0.0,1.0,0.6279681129829787,1.0,0.0,0.0,0
20.22981135169297,6.0,3.0,0.11927323258596544,1.0,0.0,1.0,1
57.06335842905458,0.0,1.0,0.3232637139126449,1.0,1.0,0.0,0
45.739456009628,8.0,1.0,0.3891652296388205,0.0,0.0,1.0,1
0.0,1.0,1.0,0.2865638454095763,1.0,0.0,0.0,0
18.619308097335256,0.0,0.0,0.520847768668008,1.0,1.0,0.0,0
69.98176925576749,6.0,3.0,0.20194264522517444,0.0,0.0,1.0,1
27.740634007045507,1.0,1.0,0.638157745644606,1.0,0.0,0.0,0
24.52942049683412,0.0,0.0,0.6084365361000688,1.0,1.0,0.0,0
19.511601080086017,0.0,0.0,0.5671444329530227,1.0,1.0,1.0,1
1.553538415231909,0.0,1.0,0.3469864173237926,1.0,0.0,1.0,0
12.953698019569117,0.0,0.0,0.6464128945640258,1.0,0.0,0.0,0
45.99544758490234,0.0,2.0,0.6955498548851521,1.0,0.0,0.0,1
11.677667385433788,1.0,1.0,0.5268379013457035,1.0,0.0,0.0,0
78.9071395091137,0.0,0.0,0.7878116148760019,1.0,1.0,0.0,1
9.408086762372925,0.0,2.0,0.4988098927805764,1.0,1.0,0.0,0
40.767752132224366,2.0,2.0,0.2647749496060971,1.0,0.0,0.0,1
41.6465700179283,2.0,0.0,0.5489290942680493,1.0,0.0,0.0,1
28.63645257448605,1.0,1.0,0.5845492571642946,1.0,1.0,0.0,0
0.0,0.0,0.0,0.41291802135590727,1.0,1.0,0.0,0
77.97346383333401,0.0,0.0,0.6143462821580831,1.0,1.0,0.0,0
21.279860324740046,2.0,2.0,0.7051819398691874,1.0,0.0,0.0,0
11.439501253573804,1.0,0.0,0.7485455375918515,1.0,1.0,0.0,0
1.610771863446467,0.0,1.0,0.6126868230841428,0.0,0.0,0.0,0
59.94302571548998,1.0,2.0,0.5731842975958149,1.0,0.0,1.0,1
57.74133131852496,2.0,0.0,0.5761753072631124,0.0,1.0,0.0,0
10.218997177473035,0.0,1.0,0.8452986207968131,1.0,1.0,0.0,0
29.8739984414431,0.0,2.0,0.29367583330773256,0.0,0.0,0.0,0
47.91403431395666,1.0,2.0,0.7527859235272352,1.0,1.0,1.0,0
12.623959047930896,0.0,1.0,0.871915787492527,0.0,1.0,0.0,0
13.801007608097727,0.0,0.0,0.8388525621515136,1.0,1.0,1.0,1
41.37421239678447,1.0,0.0,0.5092714891967909,1.0,1.0,0.0,0
89.69550597832777,0.0,3.0,0.11753723703905457,1.0,0.0,0.0,1
9.62127322508913,0.0,1.0,0.40213599749373763,1.0,1.0,0.0,0
23.73481288019819,5.0,0.0,0.49878286879068423,1.0,0.0,0.0,1
40.92650522405161,1.0,2.0,0.5133434960904141,1.0,0.0,1.0,1
0.0,0.0,1.0,0.5968599211943741,1.0,1.0,0.0,1
121.56737727727419,1.0,3.0,0.8193385678120625,1.0,0.0,1.0,1
15.696822438181984,0.0,1.0,0.4818683172453364,1.0,0.0,0.0,0
0.0,0.0,1.0,0.9200837924327261,1.0,1.0,0.0,0
47.95004361794045,0.0,0.0,0.49321597171645865,1.0,1.0,1.0,0
85.20573254304463,4.0,1.0,0.3233640018494472,1.0,0.0,0.0,0
0.0,0.0,0.0,0.27201775559300245,1.0,1.0,1.0,0
0.0,0.0,2.0,0.4660177765028274,1.0,0.0,1.0,0
34.91871699204466,0.0,0.0,0.6144939847811878,1.0,0.0,0.0,0
52.175027566234384,3.0,0.0,0.6605344752184158,1.0,0.0,0.0,1
86.22225383130423,1.0,2.0,0.35118667615035903,0.0,1.0,0.0,1
20.067931687714687,2.0,0.0,0.624963440130471,1.0,1.0,0.0,0
62.21010311197422,4.0,1.0,0.24532128772775263,0.0,0.0,0.0,1
51.81172311367165,1.0,0.0,0.5693993958855997,1.0,1.0,0.0,0
35.60682443272957,0.0,1.0,0.1806827988454445,1.0,0.0,0.0,0
104.65982354902413,1.0,2.0,0.22367039895953314,1.0,0.0,1.0,1
45.248402000833764,1.0,0.0,0.6757447057126038,1.0,0.0,0.0,1
44.56262821250164,0.0,1.0,0.7905238873360954,1.0,1.0,0.0,0
12.513092007389194,0.0,1.0,0.6186583006455123,1.0,0.0,0.0,0
140.72918076005797,2.0,2.0,0.4028365372326856,1.0,0.0,1.0,0
68.35450474231867,2.0,2.0,0.42539486588555075,1.0,1.0,0.0,1
53.9733165645315,1.0,0.0,0.5062224064785786,1.0,0.0,0.0,0
63.50282828831077,0.0,3.0,0.33458697204556637,1.0,0.0,1.0,1
0.0,0.0,1.0,0.5937785049922687,1.0,0.0,0.0,0
15.474142902986681,0.0,0.0,0.23613966450816795,1.0,0.0,0.0,0
7.792318104281062,0.0,0.0,0.790252907613557,1.0,0.0,0.0,0
19.368278113166873,1.0,1.0,0.26918438652080634,1.0,1.0,0.0,0
6.753232971500033,1.0,0.0,0.9202704688964535,1.0,1.0,0.0,1
13.318008318726168,1.0,0.0,0.4838440451640514,1.0,1.0,0.0,0
8.706996539106452,2.0,2.0,0.4257035551094604,1.0,1.0,0.0,0
32.49993617437534,0.0,3.0,0.40887598926019364,1.0,1.0,0.0,0
33.34767523391075,1.0,1.0,0.8653085916303093,1.0,1.0,0.0,0
17.012401990847547,2.0,1.0,0.1692295253839749,1.0,0.0,0.0,1
3.9479967301549244,0.0,4.0,0.4923030264421639,1.0,1.0,0.0,0
131.04118441437248,4.0,1.0,0.7132171083027784,1.0,0.0,1.0,1
34.2356933635764,0.0,1.0,0.5702393148140296,1.0,1.0,0.0,0
40.2605750321038,2.0,3.0,0.6316513374307164,0.0,0.0,0.0,0
3.0639022832617258,0.0,0.0,0.6859867183533198,1.0,1.0,0.0,0
0.0,0.0,0.0,0.43991793707065946,0.0,1.0,0.0,0
0.0,0.0,1.0,0.8556461583540926,1.0,1.0,1.0,0
9.151841619136835,0.0,2.0,0.45840223502693433,1.0,1.0,1.0,0
0.0,1.0,1.0,0.7010985312820391,1.0,1.0,0.0,0
67.55456463017516,0.0,3.0,0.7867816475906034,1.0,0.0,0.0,0
23.771340520738804,0.0,0.0,0.5696715050738094,1.0,0.0,0.0,0
21.22946215898733,1.0,1.0,0.5794778443522816,1.0,0.0,0.0,0
131.14541059592025,2.0,0.0,0.2786350955956963,1.0,0.0,0.0,1
0.0,0.0,0.0,0.4899857065829375,1.0,0.0,1.0,0
53.10358688583948,0.0,1.0,0.37668437502479574,1.0,1.0,0.0,0
0.0,2.0,0.0,0.2578100759527983,1.0,1.0,0.0,0
30.1945082642901,0.0,0.0,0.5197492964390745,1.0,1.0,0.0,0
6.356839393525542,1.0,0.0,0.3819673624533854,1.0,1.0,0.0,0
123.65341980566956,2.0,3.0,0.07337799591184535,0.0,1.0,0.0,1
59.124684622432014,1.0,0.0,0.6784691486552922,0.0,0.0,0.0,1
0.0,0.0,2.0,0.8904435733405863,1.0,1.0,0.0,0
40.203880222121946,1.0,2.0,0.8553891168340746,1.0,1.0,1.0,1
25.180154566224328,0.0,1.0,0.5899642072179545,1.0,1.0,0.0,0
3.9576046414082224,0.0,0.0,0.8987085772862721,1.0,0.0,1.0,0
138.37093072712076,0.0,0.0,0.29197717523718075,1.0,0.0,1.0,1
33.03784754678414,0.0,2.0,0.6061990405775569,1.0,0.0,0.0,0
0.21085372882886588,2.0,0.0,0.7794412857750754,1.0,0.0,1.0,1
0.0,2.0,3.0,0.8262536145117354,1.0,0.0,0.0,0
0.0,1.0,0.0,0.7685728012614998,1.0,1.0,0.0,0
0.0,0.0,0.0,0.43248429894343177,1.0,0.0,1.0,0
7.210295905035133,1.0,1.0,0.48574316833192044,1.0,0.0,0.0,0
0.0,1.0,0.0,0.4215784704322175,1.0,1.0,0.0,0
56.72191473066649,1.0,2.0,0.8260608083318071,1.0,1.0,0.0,0
71.76593766522402,0.0,0.0,0.5216649624274211,1.0,0.0,0.0,0
61.94850820472048,2.0,0.0,0.3577158705677913,1.0,0.0,1.0,1
70.93291284848546,5.0,1.0,0.4682729119756797,1.0,1.0,0.0,1
137.8545673180462,2.0,2.0,0.27207600158714984,1.0,0.0,0.0,1
46.781870800288544,1.0,1.0,0.601088104756973,1.0,0.0,1.0,1
25.71483244371958,1.0,0.0,0.6794403361134904,1.0,1.0,1.0,0
11.078201614881735,0.0,0.0,0.7339611032039113,1.0,1.0,1.0,0
56.900495417921036,0.0,0.0,0.7285071049868272,1.0,0.0,0.0,0
25.940478190366626,1.0,0.0,0.7543228025664891,1.0,0.0,0.0,0
27.604379597310796,1.0,4.0,0.7153337652845996,1.0,1.0,0.0,0
26.78283711695313,1.0,1.0,0.7746689632056177,1.0,0.0,0.0,0
0.0,1.0,1.0,0.7155801418256499,1.0,1.0,1.0,0
0.0,0.0,0.0,0.741029951915051,1.0,1.0,0.0,0
0.0,0.0,2.0,0.9312478367308584,1.0,1.0,0.0,0
57.22385436521144,0.0,2.0,0.5006628040347765,1.0,0.0,0.0,0
0.07117711514850056,0.0,0.0,0.8562053954674087,1.0,1.0,0.0,0
63.7576248030482,0.0,1.0,0.5708696965141346,1.0,0.0,1.0,0
5.4269264994112,0.0,0.0,0.576012062249465,1.0,0.0,0.0,0
0.0,1.0,0.0,0.6888824801154246,1.0,0.0,0.0,0
91.71740152622442,2.0,3.0,0.6005645334558899,1.0,0.0,1.0,1
84.8593370982545,1.0,0.0,0.5348420001666816,1.0,0.0,1.0,1
41.68266016292369,0.0,0.0,0.9444369628162139,1.0,0.0,1.0,0
87.73036637581185,0.0,4.0,0.4016690942373141,1.0,0.0,1.0,1
55.19522755754678,1.0,1.0,0.33967745844983915,1.0,0.0,0.0,1
29.278616076306097,0.0,0.0,0.6527843921429044,1.0,1.0,0.0,0
18.65886736323482,2.0,2.0,0.6214331128798177,1.0,0.0,0.0,1
37.63083376827291,1.0,2.0,0.5668687841420041,1.0,0.0,1.0,0
7.766833548453111,2.0,0.0,0.34685569780965314,1.0,1.0,1.0,0
29.47995963580113,3.0,1.0,0.6178598185723405,0.0,1.0,0.0,0
7.481237980874096,0.0,1.0,0.6963207305364368,1.0,1.0,0.0,0
0.0,0.0,1.0,0.8660784159497336,1.0,0.0,0.0,0
47.83216218378881,1.0,2.0,0.7910939734910428,1.0,1.0,0.0,1
30.380081165197577,0.0,1.0,0.5413418603184784,1.0,1.0,0.0,0
99.14882450834179,2.0,2.0,0.3861528515515323,1.0,0.0,0.0,1
8.987440324643268,0.0,2.0,0.4424958017140571,1.0,0.0,0.0,1
53.90638306057624,0.0,2.0,0.2548153276729073,1.0,0.0,0.0,0
17.72452809502543,2.0,3.0,0.27860096988258787,1.0,0.0,1.0,1
34.40887224958597,0.0,0.0,0.7802022006018174,0.0,0.0,0.0,0
57.17280193146376,0.0,2.0,0.5905006341247755,1.0,0.0,1.0,1
32.117663147996936,1.0,1.0,0.478476877208045,1.0,1.0,0.0,1
55.01367870351205,1.0,0.0,0.22426346277241183,1.0,0.0,1.0,1
4.7995544417283815,2.0,0.0,0.7233293364371716,1.0,1.0,0.0,1
14.308816156786886,0.0,1.0,0.6607366255515508,1.0,1.0,0.0,0
76.91653829191698,1.0,3.0,0.15276469888512398,0.0,1.0,1.0,1
10.011990818905634,1.0,1.0,0.414689841954091,1.0,1.0,1.0,0
71.48767878825628,2.0,1.0,0.3523617155630712,1.0,0.0,1.0,1
50.71101513367474,1.0,2.0,0.2982621715678882,0.0,0.0,1.0,1
41.29857281865887,0.0,0.0,0.3290466700497015,1.0,0.0,0.0,0
48.76080822470779,1.0,1.0,0.5742301164567383,1.0,0.0,0.0,1
31.877991181530817,2.0,0.0,0.1557942408985695,1.0,0.0,1.0,1
55.441016953792754,2.0,2.0,0.18795538927660496,1.0,1.0,1.0,1
64.24389399293554,1.0,3.0,0.28569012084385315,1.0,0.0,1.0,1
31.911521968566767,2.0,0.0,0.8171577152312821,0.0,0.0,0.0,1
100.61439625692742,2.0,1.0,0.5631024045011932,1.0,1.0,1.0,1
17.994522458604198,1.0,2.0,0.5835368329326757,1.0,1.0,0.0,0
25.42982872278906,1.0,0.0,0.7531763419444283,1.0,1.0,0.0,0
0.0,0.0,1.0,0.4179639104188782,1.0,1.0,1.0,1
0.0,0.0,0.0,0.6955933637195033,1.0,1.0,1.0,1
47.049116241359584,0.0,1.0,0.7955041574402504,1.0,1.0,1.0,0
20.667744237742276,0.0,0.0,0.5162850043094616,1.0,1.0,0.0,0
0.0,1.0,0.0,0.5430770609014269,1.0,1.0,0.0,0
0.0,1.0,1.0,0.6226336668429477,1.0,0.0,0.0,0
40.429806487158444,2.0,3.0,0.26031777892568936,0.0,0.0,0.0,1
11.775492595836344,0.0,1.0,0.622440704554526,1.0,1.0,1.0,0
26.003258967847643,0.0,0.0,0.30219648944829897,1.0,0.0,1.0,0
72.51518098277572,2.0,1.0,0.6944174830491465,1.0,0.0,1.0,0
14.772076035100904,0.0,1.0,0.7762655806640248,1.0,1.0,0.0,1
13.637506566376285,1.0,1.0,0.9062977980089949,1.0,1.0,0.0,1
35.981176108555346,1.0,4.0,0.1815543468065665,1.0,0.0,0.0,1
109.69135260465434,1.0,3.0,0.2832768157882839,0.0,0.0,0.0,1
48.82190264069138,0.0,1.0,0.5800210871284929,1.0,1.0,0.0,0
0.0,0.0,1.0,0.8202134426412283,1.0,1.0,0.0,0
76.02438850467851,0.0,1.0,0.7278196609984304,1.0,0.0,0.0,0
68.19668866368494,5.0,4.0,0.31647352280992685,0.0,1.0,0.0,1
23.040528423275358,1.0,0.0,0.7999064890467095,1.0,0.0,0.0,0
18.543417824063745,1.0,1.0,0.4513794489821782,1.0,0.0,0.0,0
44.634355135268194,0.0,1.0,0.3040975692470324,1.0,1.0,0.0,0
0.0,0.0,0.0,0.17495116773227687,1.0,0.0,0.0,0
35.880424396100274,2.0,2.0,0.27697650148608255,1.0,0.0,1.0,1
18.181634180883087,1.0,1.0,0.51227201187793,1.0,0.0,0.0,0
43.834933804934,4.0,1.0,0.39993900207909283,1.0,0.0,1.0,1
39.87719571008791,2.0,0.0,0.8839804913894415,1.0,1.0,1.0,1
27.17222180939617,1.0,1.0,0.5456339176804875,1.0,0.0,0.0,0
77.60861186191426,1.0,2.0,0.11929227505470254,1.0,0.0,1.0,1
0.0,0.0,0.0,0.4841754511564607,1.0,1.0,0.0,0
32.586408758219584,2.0,1.0,0.3928919211068866,1.0,1.0,1.0,1
59.86628444917051,1.0,2.0,0.6733341585490881,1.0,0.0,0.0,0
19.437746990518455,1.0,1.0,0.7531461082157507,1.0,1.0,1.0,0
45.014223193398735,1.0,0.0,0.4532636885673795,1.0,1.0,0.0,0
25.712757274144117,1.0,1.0,0.8352885441503127,1.0,0.0,1.0,0
36.31801185347723,1.0,3.0,0.4122614101381101,1.0,0.0,0.0,0
63.30027334817833,2.0,1.0,0.6291850775336465,1.0,0.0,1.0,1
47.633479004829944,0.0,3.0,0.8430797933667752,1.0,1.0,0.0,0
18.30713845502757,0.0,2.0,0.852044520477386,1.0,1.0,0.0,0
0.0,0.0,2.0,0.13952229068754746,1.0,0.0,0.0,0
63.99013477520135,1.0,0.0,0.7468601948313136,1.0,1.0,1.0,0
42.76293799588498,1.0,3.0,0.6514711404676501,1.0,0.0,1.0,0
2.300125980940737,0.0,1.0,0.7775517599024703,1.0,1.0,0.0,0
5.900475288140852,0.0,1.0,0.8757336145598542,1.0,0.0,0.0,0
11.75828946572159,0.0,0.0,0.3140456337455189,1.0,1.0,0.0,0
43.11235058446799,0.0,1.0,0.44991510792100137,1.0,1.0,0.0,1
4.753335148902755,0.0,0.0,0.7801890207230529,1.0,0.0,0.0,0
24.09166095866494,2.0,1.0,0.738891082853087,1.0,0.0,1.0,1
0.0,0.0,1.0,0.7544663554668589,1.0,0.0,1.0,0
3.746956986766243,1.0,0.0,0.6718163574675309,1.0,0.0,0.0,0
18.493146620027446,1.0,2.0,0.19458773586420447,1.0,0.0,1.0,1
9.13917652326965,1.0,0.0,0.6717821829115277,1.0,0.0,0.0,0
30.969692809190338,1.0,0.0,0.43007456705823044,1.0,0.0,0.0,0
0.0,2.0,0.0,0.15058157449772067,1.0,0.0,1.0,0
24.420527124575617,0.0,1.0,0.5747301040731854,1.0,0.0,1.0,1
94.9113460590986,1.0,2.0,0.16891430258623616,1.0,1.0,1.0,1
53.088069436603426,0.0,1.0,0.7889693603325932,1.0,1.0,0.0,0
26.780224471530836,2.0,2.0,0.6619164174572044,1.0,0.0,1.0,1
0.0,2.0,0.0,0.5246142685110509,1.0,0.0,0.0,0
84.45064298592345,2.0,1.0,0.4728962333722173,1.0,1.0,0.0,1
13.67600883744673,0.0,0.0,0.7419926137616486,1.0,1.0,0.0,0
18.428507105478637,1.0,3.0,0.6800062063839684,1.0,0.0,1.0,1
17.066119253119286,1.0,0.0,0.7928006239672378,1.0,1.0,0.0,0
19.14887936175232,0.0,0.0,0.6698747671526604,1.0,1.0,0.0,0
3.7220290239815492,0.0,0.0,0.45020749903200025,1.0,0.0,1.0,0
78.34950728985729,4.0,0.0,0.35333990474108057,0.0,0.0,1.0,1
13.949385570588271,1.0,1.0,0.7009636668578009,1.0,0.0,0.0,0
61.48374799651893,2.0,1.0,0.3067787747518384,1.0,0.0,1.0,1
0.0,1.0,0.0,0.530367447760538,1.0,1.0,0.0,1
51.76975793714608,0.0,1.0,0.30207844230897296,1.0,0.0,0.0,0
0.0,0.0,0.0,0.7316341746843689,1.0,1.0,0.0,0
0.0,1.0,1.0,0.6425560340543517,1.0,0.0,1.0,0
1.290163031757094,0.0,2.0,0.7272687437513982,1.0,0.0,0.0,0
23.17744588876986,0.0,1.0,0.2979346707682141,1.0,0.0,0.0,0
57.906316462239424,0.0,1.0,0.8437939228185926,1.0,0.0,0.0,0
69.15681557499724,1.0,2.0,0.4889363046317711,1.0,1.0,1.0,0
67.48057551120066,1.0,2.0,0.1959584968426288,1.0,0.0,0.0,1
30.369135244586236,0.0,1.0,0.6350248611764898,1.0,1.0,0.0,0
0.0,1.0,2.0,0.47308243251780324,0.0,1.0,1.0,1
0.0,0.0,0.0,0.9719080047591482,1.0,1.0,0.0,0
25.529896094505325,0.0,0.0,0.5504042334295411,1.0,1.0,1.0,0
45.37679564943753,0.0,1.0,0.6465067282474061,1.0,1.0,0.0,0
76.03894489991426,4.0,1.0,0.6844479349544776,1.0,0.0,0.0,1
12.65394676021877,0.0,1.0,0.8779164484371804,1.0,1.0,0.0,0
1.6279644576960641,1.0,1.0,0.8468255662741079,1.0,0.0,1.0,0
89.5411085422747,0.0,2.0,0.8574387984621102,1.0,1.0,1.0,0
61.26339435216773,1.0,0.0,0.44271733004385216,1.0,0.0,1.0,1
123.04522374285538,2.0,2.0,0.36930308447579296,1.0,0.0,1.0,1
0.0,1.0,1.0,0.7646755807837162,1.0,1.0,0.0,0
22.43677783474771,0.0,4.0,0.8064728542152273,1.0,1.0,0.0,0
118.3721910668213,1.0,1.0,0.6253410812002116,1.0,1.0,0.0,0
87.95973087404441,3.0,0.0,0.11097338018699925,1.0,0.0,0.0,1
0.0,0.0,0.0,0.6349423909614426,1.0,1.0,0.0,0
27.002344249233577,0.0,0.0,0.6913106432282627,1.0,1.0,0.0,0
31.31474014661315,0.0,0.0,0.45007325496060263,1.0,0.0,0.0,0
56.77655404315504,0.0,0.0,0.528512303664256,1.0,1.0,0.0,0
9.171079644330412,1.0,3.0,0.5993717554861148,1.0,0.0,0.0,1
48.50399954956163,0.0,0.0,0.3711882188078349,1.0,0.0,0.0,0
26.070670218608896,1.0,1.0,0.7468624945559746,1.0,0.0,1.0,0
0.0,2.0,2.0,0.46458683946806295,1.0,0.0,0.0,1
0.0,2.0,1.0,0.4138949286792524,1.0,0.0,0.0,0
9.810286155194035,0.0,1.0,0.767763744002846,1.0,1.0,1.0,1
99.6553030396158,0.0,0.0,0.5186413642181344,1.0,0.0,0.0,1
43.22168769755734,4.0,1.0,0.7348415928064727,0.0,1.0,1.0,1
5.0155664097837835,1.0,4.0,0.7126306263675602,1.0,0.0,0.0,1
13.49935896885302,1.0,1.0,0.27025385439909627,1.0,0.0,1.0,1
40.42092020700838,1.0,2.0,0.3921502320386513,1.0,0.0,0.0,0
48.6735004817292,1.0,2.0,0.7426880498532654,1.0,0.0,1.0,1
41.11903404829651,0.0,1.0,0.24985796167764465,1.0,0.0,0.0,0
66.26283418474695,1.0,2.0,0.6138079465613288,1.0,0.0,1.0,1
35.68327477022969,0.0,0.0,0.09980363228675818,1.0,0.0,0.0,0
73.07257437720668,1.0,2.0,0.09052750477681472,1.0,0.0,1.0,1
28.70133502657629,1.0,0.0,0.5621997234274193,1.0,0.0,0.0,0
63.60036365684785,4.0,1.0,0.22432637708938785,1.0,0.0,1.0,1
0.0,1.0,0.0,0.6196184891084224,1.0,1.0,1.0,1
44.99863451364426,0.0,0.0,0.37529434425542085,1.0,1.0,1.0,0
88.80426609283644,0.0,1.0,0.2585522780281471,0.0,0.0,1.0,1
13.00564720084151,1.0,1.0,0.6532071768946861,1.0,0.0,0.0,0
38.228361473466165,2.0,1.0,0.7962387913360381,1.0,1.0,1.0,1
29.156738000290524,0.0,1.0,0.9898700691593872,1.0,1.0,0.0,0
8.501545917320865,0.0,1.0,0.49061901219126686,1.0,0.0,0.0,0
36.24854841506835,0.0,2.0,0.5973129046337231,1.0,1.0,0.0,0
27.094174323980052,0.0,0.0,0.761543112802742,0.0,1.0,0.0,0
35.19664030590715,1.0,5.0,0.7724743704408032,0.0,0.0,0.0,1
5.022251260606888,1.0,0.0,0.505701983606543,1.0,1.0,1.0,0
39.84453493293926,1.0,2.0,0.71520945839723,1.0,0.0,0.0,0
145.68612183147914,0.0,1.0,0.502161784799505,1.0,0.0,1.0,0
17.6063669601692,0.0,3.0,0.6760043194692443,1.0,1.0,0.0,0
1.65007443725505,0.0,1.0,0.14119519132638897,1.0,1.0,1.0,0
7.449968846502795,0.0,0.0,0.3216835635829022,1.0,1.0,1.0,0
0.0,0.0,0.0,0.6140940108100974,1.0,0.0,1.0,0
48.63442467966217,2.0,2.0,0.4660129640878114,1.0,0.0,1.0,0
26.73955065674003,0.0,1.0,0.8398916424435909,1.0,1.0,0.0,0
74.83916070207297,2.0,0.0,0.30579227943208215,1.0,0.0,1.0,1
28.16213978355796,0.0,1.0,0.7145720941109857,1.0,1.0,1.0,0
56.93120106953857,2.0,3.0,0.07937235207829435,1.0,0.0,1.0,1
6.24167131342041,1.0,0.0,0.563828418844259,1.0,0.0,1.0,0
0.0,1.0,1.0,0.5801803419172906,1.0,1.0,0.0,0
27.347766204050775,0.0,3.0,0.9290540047422471,1.0,1.0,0.0,0
46.31340227543039,3.0,1.0,0.5559027327937843,1.0,1.0,1.0,1
20.448709189707053,0.0,0.0,0.7989831224884725,1.0,1.0,0.0,0
0.0,0.0,0.0,0.4535050917479765,1.0,0.0,1.0,0
17.6961194252919,0.0,2.0,0.5539394989861751,1.0,1.0,0.0,0
53.850851524306584,1.0,1.0,0.2463978797343984,0.0,0.0,0.0,0
10.473252751006878,1.0,0.0,0.9863114904328617,1.0,0.0,0.0,0
0.0,0.0,0.0,0.4601403135049917,1.0,1.0,1.0,1
19.6847125790837,1.0,1.0,0.7207125164570085,1.0,0.0,0.0,0
140.4122088314775,1.0,1.0,0.2133164339076175,1.0,0.0,1.0,1
11.431212024577395,0.0,0.0,0.730008496094253,1.0,0.0,0.0,0
39.665701531836284,2.0,1.0,0.5688586677536059,1.0,1.0,0.0,1
8.107385269204908,1.0,0.0,0.4652789002940982,1.0,0.0,0.0,0
74.07723653057268,3.0,2.0,0.20953533027269963,1.0,0.0,0.0,1
11.275616501619893,0.0,0.0,0.933471296198271,1.0,1.0,1.0,0
17.355291018242372,1.0,2.0,0.7011816583883027,1.0,1.0,0.0,0
107.62818871678245,1.0,2.0,0.4266900786531984,1.0,0.0,0.0,1
37.93051133408069,1.0,2.0,0.5345399068069958,1.0,0.0,0.0,0
62.82711514185715,0.0,2.0,0.44428713379292406,1.0,1.0,1.0,0
45.78495270338103,2.0,1.0,0.6371491071485432,1.0,1.0,0.0,0
54.85760208107477,2.0,1.0,0.25559556367964176,0.0,0.0,0.0,1
0.0,0.0,1.0,0.6373765044461219,1.0,0.0,0.0,0
59.35715903356993,2.0,4.0,0.7045277930544046,1.0,0.0,0.0,0
21.538461717164683,0.0,1.0,0.5472359391068192,1.0,1.0,1.0,1
19.868660376248982,2.0,3.0,0.28004738493612097,1.0,0.0,0.0,1
50.79290476135883,3.0,2.0,0.5100897260397248,1.0,0.0,0.0,1
0.0,1.0,1.0,0.6929228515622751,1.0,1.0,0.0,0
38.23275698982417,2.0,3.0,0.8458780930193199,1.0,1.0,1.0,1
37.075167226385396,1.0,0.0,0.283927551866347,1.0,1.0,1.0,1
15.49764687885408,0.0,0.0,0.5486516046848215,1.0,1.0,1.0,0
23.64449288884222,0.0,1.0,0.9708245343142801,1.0,0.0,0.0,0
29.17941972055273,0.0,1.0,0.6627284496229494,1.0,1.0,0.0,0
12.888110320128959,1.0,2.0,0.922248486644252,1.0,1.0,1.0,0
14.128612456136622,0.0,0.0,0.466244896785447,1.0,0.0,0.0,0
18.44414464400211,0.0,1.0,0.5852570112505597,1.0,1.0,0.0,0
39.13316660769761,0.0,1.0,0.8392031988075608,1.0,0.0,1.0,0
24.245413268494108,1.0,1.0,0.7775383946604716,1.0,1.0,0.0,0
12.092065647428225,1.0,0.0,0.6341190274294969,1.0,0.0,0.0,0
57.96293044712176,0.0,1.0,0.287619862789383,1.0,1.0,0.0,0
84.77575623271866,1.0,2.0,0.6195018858915613,1.0,1.0,1.0,1
0.0,0.0,1.0,0.548900818661747,1.0,0.0,1.0,0
59.808762219488706,1.0,0.0,0.2647331923101396,1.0,1.0,0.0,1
22.824040805023408,1.0,2.0,0.5151981088775918,1.0,1.0,0.0,1
45.58031210201153,2.0,1.0,0.25180722522750615,1.0,1.0,0.0,1
7.068299782678979,0.0,2.0,0.7618475676468086,1.0,0.0,1.0,0
3.8326791057371743,3.0,0.0,0.5594827693416458,1.0,0.0,0.0,0
59.98297144632882,0.0,2.0,0.5243705426109136,1.0,1.0,1.0,1
2.8319181607766843,3.0,5.0,0.3036028216890872,1.0,0.0,1.0,1
37.12353360552086,2.0,0.0,0.7184285812077131,1.0,1.0,0.0,0
18.79782521752192,0.0,0.0,0.3999472833910048,1.0,1.0,1.0,0
42.899747505026134,0.0,0.0,0.5482810894233907,1.0,1.0,0.0,0
44.34338232843027,0.0,0.0,0.9141823282499955,1.0,1.0,0.0,0
21.385339329885177,1.0,0.0,0.8795179093668,1.0,1.0,0.0,0
33.6746492625978,1.0,1.0,0.7570041569795493,0.0,1.0,0.0,0
4.111853648082194,0.0,1.0,0.6357893390148108,0.0,1.0,0.0,0
31.52601585509417,1.0,0.0,0.7467552846392979,1.0,1.0,1.0,0
0.0,0.0,0.0,0.7496257311754612,1.0,1.0,1.0,0
22.179508080883448,0.0,1.0,0.8213055626175447,1.0,0.0,0.0,1
0.0,1.0,1.0,0.8099229992675915,1.0,0.0,1.0,0
7.5374568354706355,1.0,1.0,0.34552972528648507,1.0,1.0,0.0,0
4.916642616278358,1.0,0.0,0.1487573278608775,1.0,0.0,0.0,0
19.236917985710917,0.0,1.0,0.7562236994414939,1.0,0.0,0.0,0
62.884831244218645,0.0,2.0,0.5237405997202913,1.0,0.0,0.0,1
44.95200137313479,1.0,0.0,0.3118965782076134,1.0,1.0,1.0,0
45.4706366413068,1.0,2.0,0.9189388125311688,1.0,0.0,1.0,0
43.02664251250694,1.0,0.0,0.47044751523821754,1.0,1.0,0.0,0
1.806025627562592,3.0,0.0,0.5564688968534296,1.0,1.0,0.0,0
22.547319099649847,0.0,0.0,0.43867248272740134,1.0,0.0,0.0,0
75.60497196288475,1.0,0.0,0.8405941068819927,1.0,1.0,1.0,0
0.0,0.0,0.0,0.7251961885821749,1.0,1.0,0.0,0
1.719728488298685,2.0,2.0,0.6265032279045125,1.0,0.0,1.0,1
34.84360313919741,0.0,0.0,0.7086499788130164,1.0,0.0,0.0,0
0.0,0.0,1.0,0.66049123961598,1.0,1.0,0.0,1
27.33929211147489,0.0,1.0,0.7167365950989121,1.0,1.0,1.0,1
1.92505362394526,1.0,3.0,0.744416436136482,1.0,0.0,1.0,1
58.9366625420511,3.0,1.0,0.11906215486761355,0.0,0.0,0.0,1
41.757516015482764,3.0,2.0,0.12236359052719671,1.0,0.0,0.0,1
56.82702251967354,2.0,2.0,0.505025711919409,0.0,0.0,1.0,1
97.05096189432328,2.0,1.0,0.1513676209815351,1.0,0.0,0.0,1
28.788661409010817,1.0,1.0,0.4258508732626237,1.0,0.0,0.0,0
39.529075782473875,0.0,2.0,0.3438765738803057,1.0,1.0,1.0,0
0.0,1.0,2.0,0.8319461352524532,1.0,1.0,0.0,0
41.6762205316775,1.0,0.0,0.7900079675282511,1.0,1.0,0.0,0
26.024035221011914,0.0,3.0,0.7979176785179284,1.0,0.0,1.0,1
82.53177095837903,1.0,2.0,0.46220945800091817,1.0,0.0,1.0,0
75.1105125040322,2.0,0.0,0.2614745090256041,1.0,0.0,0.0,1
10.93692582761779,1.0,1.0,0.6531166056264632,1.0,0.0,1.0,0
134.22019469988197,0.0,1.0,0.5914586705955736,1.0,1.0,0.0,0
23.524403825781715,0.0,2.0,0.6582856750615439,1.0,0.0,0.0,0
0.0,0.0,2.0,0.748214636117593,1.0,0.0,0.0,1
22.09910586031627,0.0,1.0,0.448193999490807,1.0,1.0,0.0,0
46.6187674497301,2.0,2.0,0.22257451173466575,1.0,0.0,0.0,1
19.595321686821052,0.0,2.0,0.7254385921619506,1.0,1.0,0.0,0
1.807400057725208,1.0,1.0,0.40036264594361765,0.0,0.0,0.0,0
22.032940663139463,0.0,0.0,0.3609506690467915,1.0,0.0,0.0,0
0.0,1.0,2.0,0.5859195591530035,0.0,0.0,1.0,0
12.38940745464923,1.0,0.0,0.3644135018464721,1.0,0.0,1.0,0
20.15574490186423,1.0,0.0,0.6581828034470858,1.0,0.0,1.0,0
52.35719385024277,1.0,1.0,0.7186904983688985,1.0,0.0,1.0,1
0.0,0.0,1.0,0.6469305771441857,1.0,0.0,0.0,0
22.186085444504442,0.0,1.0,0.8171045451347899,1.0,0.0,1.0,0
84.40629184870417,1.0,0.0,0.2727802915137931,1.0,1.0,1.0,1
0.0,0.0,0.0,0.4034315845037299,1.0,0.0,1.0,0
0.0,0.0,1.0,0.3557840358707902,1.0,1.0,0.0,0
0.0,0.0,1.0,0.6591852289899729,1.0,0.0,0.0,0
102.01939152124413,2.0,3.0,0.7586012040038966,1.0,0.0,1.0,1
81.41114354887185,0.0,1.0,0.5822681448110708,1.0,0.0,0.0,0
87.0618330150053,2.0,2.0,0.4797916395393435,1.0,0.0,1.0,1
0.0,3.0,2.0,0.26273151408598694,1.0,0.0,0.0,1
18.07448010027943,0.0,0.0,0.6885918645911482,1.0,0.0,1.0,0
22.800268835294972,2.0,1.0,0.7065061273633803,0.0,1.0,0.0,1
14.785623820371713,0.0,1.0,0.8204178238752267,0.0,1.0,0.0,0
31.212878853056665,1.0,0.0,0.7211539603520635,1.0,0.0,0.0,0
3.511658002476689,2.0,1.0,0.7488618522383086,1.0,0.0,1.0,0
93.35936453521606,1.0,2.0,0.40095165669920085,0.0,0.0,1.0,1
66.60824253802772,1.0,3.0,0.5892305815044953,0.0,0.0,0.0,1
100.49000420765881,0.0,0.0,0.15375192808245164,1.0,1.0,1.0,1
45.68016038117973,2.0,2.0,0.18710389672907357,1.0,0.0,1.0,1
59.8337052817802,1.0,0.0,0.37505130356721317,1.0,0.0,0.0,0
6.663574435935082,1.0,0.0,0.8269577876514835,1.0,1.0,1.0,0
71.1395492190061,3.0,2.0,0.6053764279842467,0.0,0.0,1.0,1
28.70527439866579,0.0,0.0,0.43651858135216637,1.0,1.0,1.0,0
0.0,1.0,0.0,0.20385560428258806,1.0,1.0,0.0,0
2.9152265807321776,0.0,1.0,0.7211880405107586,1.0,1.0,0.0,0
24.600249548730122,0.0,1.0,0.658313503010738,1.0,0.0,1.0,0
21.942546513945963,0.0,0.0,0.8164564406022023,1.0,0.0,0.0,0
44.84288095228832,0.0,3.0,0.34965923492193973,1.0,0.0,1.0,0
14.39283640469105,1.0,0.0,0.32923686612063874,1.0,1.0,0.0,0
0.0,2.0,0.0,0.4938385572835294,0.0,1.0,1.0,0
35.12103631008015,0.0,0.0,0.668948344364062,1.0,0.0,0.0,0
38.80166295707,1.0,1.0,0.9074090020082821,1.0,0.0,0.0,0
7.796816485866675,0.0,0.0,0.4334629112860601,1.0,1.0,0.0,0
105.49341850545446,1.0,1.0,0.1138382434716128,1.0,0.0,1.0,1
18.66819240941821,0.0,1.0,0.22710421569781877,1.0,1.0,1.0,0
25.884464748033864,3.0,0.0,0.4237325580137953,1.0,1.0,0.0,0
61.42249849799201,0.0,2.0,0.8773330301270769,1.0,1.0,0.0,0
15.677707006303331,1.0,0.0,0.3429321459511697,0.0,0.0,1.0,1
0.0,1.0,1.0,0.8919066183028209,1.0,1.0,0.0,0
0.0,0.0,0.0,0.3770955762090063,1.0,1.0,0.0,0
0.0,0.0,0.0,0.24371340026881086,1.0,0.0,0.0,0
69.89925862652971,2.0,1.0,0.01685003822499844,1.0,0.0,1.0,1
8.274033864960533,2.0,0.0,0.6663791055499276,1.0,1.0,0.0,0
28.545622602234737,0.0,1.0,0.747259154660893,1.0,1.0,0.0,0
0.0,0.0,2.0,0.7958614344728758,1.0,1.0,1.0,0
32.11391084431711,0.0,0.0,0.7514505636466073,1.0,0.0,0.0,0
0.0,1.0,2.0,0.46658102640421506,1.0,1.0,0.0,0
80.86825958643252,1.0,0.0,0.2214622594797373,1.0,0.0,0.0,1
48.42705134019693,0.0,2.0,0.7228067663470713,1.0,1.0,0.0,0
66.15114515181149,5.0,3.0,0.49456434448792785,1.0,0.0,0.0,1
21.40397119720555,0.0,3.0,0.8601332886405005,1.0,0.0,1.0,0
8.136103669455693,1.0,0.0,0.5269467375963562,1.0,1.0,0.0,0
100.80488761597138,3.0,1.0,0.4001077185489734,1.0,0.0,1.0,0
0.0,1.0,0.0,0.19369312565359412,1.0,1.0,0.0,0
39.462800316048245,0.0,0.0,0.5484523998578401,1.0,0.0,1.0,0
29.859752687283354,0.0,3.0,0.3929827271230352,1.0,0.0,1.0,1
0.0,1.0,0.0,0.6156325472902207,1.0,1.0,0.0,1
55.51112956649067,1.0,0.0,0.7024267880042852,1.0,0.0,0.0,0
67.13580845232153,0.0,1.0,0.10820817127355822,1.0,1.0,1.0,1
45.87320020494849,1.0,0.0,0.8223824968725003,0.0,0.0,1.0,0
54.064351950777265,1.0,2.0,0.9745365116034218,1.0,0.0,1.0,1
22.839753814585865,1.0,1.0,0.6175226705553928,1.0,1.0,0.0,0
5.25958841479866,0.0,1.0,0.381069245090936,0.0,0.0,1.0,0
38.113735057601836,0.0,4.0,0.2862346551116582,0.0,0.0,1.0,1
85.13879278665348,0.0,0.0,0.3083081896549963,1.0,1.0,0.0,0
37.11687552153393,2.0,1.0,0.6130648863805603,1.0,0.0,1.0,1
56.41524204998773,1.0,1.0,0.7227728786554103,1.0,0.0,1.0,0
0.0,0.0,1.0,0.521093708893166,1.0,0.0,0.0,0
60.16902223733531,2.0,2.0,0.17418932823378858,0.0,0.0,1.0,1
40.829578539862595,0.0,0.0,0.9167214909059083,0.0,0.0,0.0,0
26.694851469472244,1.0,1.0,0.78428097484326,1.0,0.0,0.0,0
28.79228205558872,1.0,1.0,0.7228364012254629,1.0,0.0,0.0,0
11.886816516099035,3.0,4.0,0.8862070380528216,1.0,1.0,0.0,0
1.4244950161313987,2.0,0.0,0.6376247601616383,1.0,0.0,1.0,1
32.37138134062991,2.0,3.0,0.12028723698813307,1.0,0.0,0.0,1
69.75855697974782,1.0,0.0,0.6926808283483898,1.0,1.0,0.0,0
56.32371583548604,3.0,4.0,0.04395641425607413,1.0,0.0,1.0,1
87.55057949416711,0.0,0.0,0.3660459807267279,1.0,1.0,1.0,0
76.98582519132191,3.0,1.0,0.5729337311341881,1.0,1.0,0.0,1
25.194763137582036,1.0,0.0,0.6943369717940726,1.0,1.0,1.0,0
6.808149294240943,1.0,0.0,0.688294476135708,1.0,1.0,1.0,0
12.76767760711576,1.0,1.0,0.48119190554695696,1.0,0.0,1.0,0
41.4017831312647,2.0,1.0,0.7883931293818293,1.0,0.0,1.0,1
10.854360121688035,2.0,1.0,0.6215257246258432,1.0,0.0,0.0,0
28.194371010595564,0.0,1.0,0.6824334931566225,1.0,0.0,0.0,0
42.82630741359122,1.0,3.0,0.5099415223463654,1.0,0.0,0.0,0
59.117132505256826,0.0,0.0,0.8541845092130615,1.0,0.0,1.0,1
144.52748261715251,0.0,2.0,0.4486442069442686,1.0,0.0,0.0,0
29.908911767514144,0.0,1.0,0.504874600869523,1.0,0.0,0.0,0
71.51169778290337,0.0,0.0,0.8832392736383493,1.0,1.0,0.0,0
0.0,1.0,1.0,0.6237377464358513,1.0,1.0,0.0,0
32.0611630321674,0.0,0.0,0.5703494051515371,1.0,1.0,0.0,0
42.58506028251678,1.0,0.0,0.3689092775553307,1.0,0.0,0.0,1
13.38280630013109,0.0,1.0,0.5570004464000249,1.0,0.0,1.0,0
43.502488629617346,1.0,2.0,0.8293590298838484,1.0,1.0,0.0,0
22.80816297034078,7.0,3.0,0.8100215386139881,0.0,0.0,0.0,0
45.40572962078396,2.0,1.0,0.5215509601111034,1.0,0.0,1.0,1
13.140475603112556,2.0,1.0,0.6652305022306852,1.0,0.0,0.0,0
31.063135738664812,0.0,1.0,0.6272427775128294,1.0,1.0,1.0,0
79.77158771155287,1.0,0.0,0.33622403001658235,1.0,0.0,1.0,1
18.334316989297264,0.0,0.0,0.5860962444685702,1.0,1.0,0.0,0
4.6419408265904565,0.0,1.0,0.7842792854540448,1.0,0.0,0.0,0
0.0,0.0,0.0,0.6928192617190027,1.0,1.0,1.0,0
130.9385556852327,1.0,1.0,0.5528264641144006,1.0,1.0,1.0,0
17.405170662985775,0.0,1.0,0.7356248960499682,1.0,0.0,0.0,1
36.575012607320815,0.0,2.0,0.6936915040092435,1.0,0.0,1.0,1
24.897785462175847,0.0,0.0,0.36456333983745626,1.0,1.0,0.0,0
77.80211778524395,1.0,0.0,0.8772037095398969,1.0,1.0,1.0,0
68.92871743431773,2.0,0.0,0.6614219412366521,1.0,1.0,0.0,0
0.0,0.0,0.0,0.937873403125282,1.0,1.0,0.0,0
26.356501125342554,0.0,0.0,0.905975392244641,1.0,0.0,0.0,0
0.0,1.0,0.0,0.29638848128256035,1.0,1.0,0.0,0
0.0,0.0,1.0,0.5701440487766684,1.0,1.0,1.0,0
10.879306346808846,1.0,1.0,0.601919045269623,1.0,0.0,1.0,0
27.89284714726479,1.0,1.0,0.2637525496816642,0.0,0.0,0.0,1
0.0,0.0,2.0,0.2544809727727611,1.0,0.0,0.0,0
29.45453605096732,0.0,3.0,0.7963145355920451,1.0,0.0,1.0,1
30.185422322092485,1.0,1.0,0.31004276903776795,1.0,0.0,1.0,1
21.664526625171053,2.0,2.0,0.3311508055804863,1.0,1.0,0.0,0
34.86315389628497,1.0,0.0,0.3995727809590116,1.0,0.0,0.0,0
1.8877811888037137,0.0,0.0,0.6924192633167743,1.0,0.0,0.0,0
0.0,0.0,0.0,0.8997845646173557,1.0,1.0,0.0,0
0.0,0.0,0.0,0.8829670876238384,0.0,1.0,0.0,0
82.48358638189646,0.0,2.0,0.6063016077213599,0.0,0.0,0.0,0
55.458658029116606,0.0,0.0,0.593423784664713,1.0,0.0,1.0,0
27.626293430690083,4.0,3.0,0.3599365833370548,1.0,0.0,1.0,1
0.0,0.0,3.0,0.3039060853187224,1.0,1.0,0.0,0
117.95465303869122,2.0,4.0,0.07014986933462625,0.0,1.0,1.0,1
69.21934621019847,5.0,3.0,0.7600538160823423,1.0,1.0,0.0,1
8.088146775807461,1.0,2.0,0.568929573863462,1.0,0.0,1.0,1
3.66745408958431,1.0,0.0,0.9633738828855624,1.0,0.0,1.0,1
26.074193450065525,1.0,0.0,0.12198698974037335,0.0,0.0,1.0,1
40.17564290227657,1.0,0.0,0.7092734777335689,1.0,1.0,1.0,0
42.11601746083128,0.0,1.0,0.6149160575319124,1.0,0.0,0.0,0
55.64158880950883,3.0,0.0,0.7468359394966605,0.0,0.0,0.0,0
45.70608563232296,1.0,0.0,0.5855199017986435,1.0,0.0,1.0,1
0.0,2.0,1.0,0.7700364046541434,1.0,1.0,0.0,0
20.38648937918297,0.0,0.0,0.9008926537835736,1.0,0.0,0.0,0
43.48721716621009,0.0,0.0,0.6309068809141685,1.0,0.0,0.0,0
62.55820297160382,0.0,2.0,0.3083568810264171,1.0,0.0,0.0,0
0.0,0.0,0.0,0.6733447439393869,1.0,1.0,0.0,0
74.65149130170035,1.0,2.0,0.48045131992239903,1.0,0.0,0.0,1
34.95900116664279,1.0,0.0,0.4883955542216735,1.0,0.0,0.0,0
76.71893540408576,4.0,0.0,0.5141208562937082,1.0,0.0,1.0,1
19.44326264661816,2.0,0.0,0.5782651915891102,1.0,0.0,1.0,1
24.277153333840175,0.0,0.0,0.7450462660853946,1.0,0.0,0.0,1
24.73832450594265,1.0,0.0,0.19166189916005497,1.0,1.0,0.0,0
27.459431100671832,2.0,1.0,0.45045299480218104,1.0,0.0,1.0,1
66.12809709748149,1.0,0.0,0.25721346523229627,0.0,0.0,0.0,1
0.0,0.0,2.0,0.6984825363035314,1.0,1.0,1.0,0
143.74081732361648,3.0,2.0,0.2788666318379711,1.0,0.0,1.0,1
4.470470489793481,0.0,1.0,0.6163840474454149,1.0,0.0,0.0,0
12.29400620321918,0.0,1.0,0.8623461168714391,1.0,0.0,0.0,0
75.16843248487339,3.0,0.0,0.09248200231837837,1.0,1.0,1.0,1
0.0,0.0,0.0,0.5735514288583738,1.0,0.0,1.0,0
47.30900083390644,1.0,1.0,0.853806638516645,1.0,1.0,1.0,0
29.271416943574437,2.0,1.0,0.915385979322048,1.0,0.0,1.0,0
0.0,1.0,0.0,0.6480103720703574,1.0,1.0,0.0,0
34.411123828860184,0.0,1.0,0.6405477171883248,1.0,1.0,0.0,0
11.676478393931227,0.0,1.0,0.5200841186784751,1.0,0.0,0.0,0
36.89472693120053,0.0,0.0,0.27301125811573307,1.0,1.0,0.0,0
52.9816484911549,1.0,1.0,0.3503746279525622,1.0,1.0,0.0,1
0.0,2.0,0.0,0.6606969794272067,1.0,1.0,0.0,0
51.507480591434415,0.0,1.0,0.5557622929915901,1.0,1.0,0.0,0
32.324529280784844,2.0,0.0,0.3960007595134484,0.0,0.0,1.0,1
0.0,0.0,4.0,0.6409608169956182,1.0,1.0,1.0,1
85.72015116080772,3.0,5.0,0.5505650242558338,1.0,0.0,0.0,1
3.329490044882814,2.0,0.0,0.39679024929927575,1.0,1.0,0.0,0
14.990360386830378,4.0,0.0,0.6714696357402351,1.0,1.0,1.0,1
0.0,2.0,2.0,0.8829371673802936,1.0,0.0,1.0,1
19.416902750904438,0.0,1.0,0.6949778026809591,0.0,0.0,1.0,1
44.77449424128156,1.0,4.0,0.7285350693861703,0.0,0.0,1.0,1
20.921293395297624,2.0,0.0,0.11406548300667693,1.0,0.0,1.0,0
59.19839251380297,1.0,0.0,0.14508251492613652,0.0,1.0,1.0,0
0.0,0.0,2.0,0.8420171526136535,1.0,1.0,0.0,0
0.0,0.0,1.0,0.8849987736584078,1.0,1.0,0.0,0
0.0,1.0,1.0,0.8020170273409661,1.0,0.0,0.0,0
17.316601458318942,0.0,0.0,0.4960224640715207,1.0,0.0,0.0,0
106.67082856123476,1.0,2.0,0.35959484794557217,0.0,1.0,1.0,1
83.15112838302618,2.0,1.0,0.2149796656752845,0.0,0.0,1.0,1
26.686409238584133,0.0,0.0,0.17795818464832064,1.0,0.0,0.0,0
35.06929602427908,0.0,0.0,0.4694178811852967,1.0,0.0,0.0,0
0.0,0.0,1.0,0.6557009563643227,1.0,0.0,1.0,0
6.805660194637548,0.0,1.0,0.5192366855146514,1.0,1.0,1.0,0
20.326241271319553,0.0,0.0,0.5553563915346026,1.0,0.0,1.0,0
15.169164530770491,1.0,1.0,0.6003902708750165,1.0,0.0,0.0,0
47.89845599523737,5.0,2.0,0.3674100990788299,0.0,0.0,1.0,1
11.131022095783388,3.0,1.0,0.8262204707307066,1.0,1.0,1.0,0
22.594698244230493,0.0,2.0,0.46089411257705454,1.0,1.0,1.0,0
44.55805491050527,0.0,0.0,0.46929439601638223,1.0,0.0,0.0,0
22.497798928399078,2.0,2.0,0.7651207297498012,1.0,0.0,0.0,0
90.50567552536629,2.0,4.0,0.6791388411642076,1.0,0.0,1.0,1
46.24246095682851,0.0,1.0,0.6048216944551116,1.0,1.0,1.0,0
33.48098149975003,2.0,0.0,0.7504943727164984,1.0,1.0,0.0,0
4.4361001169245595,1.0,1.0,0.2565230160791437,0.0,0.0,0.0,0
0.0,0.0,0.0,0.3306277125794549,0.0,0.0,0.0,1
39.82566823485483,0.0,5.0,0.4191187584966913,1.0,0.0,1.0,1
16.941273213463372,1.0,1.0,0.300523035654923,0.0,1.0,1.0,0
80.18042916933742,2.0,3.0,0.49189732650764306,1.0,0.0,1.0,1
42.925944809095114,0.0,0.0,0.5620180997098024,1.0,1.0,0.0,0
26.275871313067206,2.0,1.0,0.5078079985109699,1.0,1.0,1.0,0
11.58393190563921,0.0,1.0,0.8116603204077164,1.0,1.0,0.0,0
14.422217389777813,0.0,1.0,0.28747943427229916,1.0,1.0,0.0,0
36.884240338604044,1.0,2.0,0.6436702642112045,1.0,0.0,1.0,1
91.81091002320909,2.0,2.0,0.5434487673181996,1.0,0.0,0.0,0
7.599619326539838,1.0,3.0,0.6527374924123828,1.0,0.0,0.0,0
5.9257165488317485,0.0,0.0,0.8049386666595907,1.0,1.0,0.0,0
106.26787898649097,1.0,1.0,0.4783964783921653,1.0,0.0,1.0,1
8.860133553825474,0.0,2.0,0.6472590341845046,1.0,1.0,0.0,0
0.0,0.0,0.0,0.7143933779804776,1.0,1.0,1.0,0
31.628894951530235,0.0,2.0,0.5292199459943531,1.0,0.0,1.0,0
61.33281913541505,1.0,1.0,0.5147653527830125,0.0,0.0,0.0,0
144.40946649360401,0.0,0.0,0.5136137957678686,0.0,0.0,0.0,1
36.157812561372715,0.0,0.0,0.3562602796704062,1.0,1.0,0.0,0
61.411364582658216,1.0,1.0,0.43416307795483233,0.0,1.0,0.0,0
0.0,0.0,0.0,0.3041132475211004,1.0,0.0,0.0,0
27.297196913952412,0.0,0.0,0.6102203064868887,0.0,1.0,0.0,0
15.251875019814914,1.0,2.0,0.6841485919393162,1.0,1.0,0.0,0
0.0,2.0,2.0,0.5721740690816716,1.0,1.0,0.0,0
0.0,1.0,2.0,0.6632443134481,1.0,0.0,0.0,0
13.142043059340802,0.0,0.0,0.44124424488576963,1.0,0.0,0.0,0
66.91691117502032,0.0,1.0,0.30556225438817436,1.0,1.0,0.0,0
0.0,1.0,1.0,0.20157074544959125,1.0,1.0,1.0,0
24.92326177215915,3.0,1.0,0.363951820782818,1.0,0.0,1.0,1
0.0,0.0,2.0,0.817007045246532,1.0,0.0,1.0,0
25.14365952352887,2.0,2.0,0.09259270724511834,0.0,0.0,1.0,0
69.41852746098048,2.0,1.0,0.2956082955805422,1.0,0.0,1.0,1
13.524408768633403,0.0,0.0,0.6564923714389488,1.0,0.0,0.0,0
30.063379573670588,0.0,1.0,0.7814201481359472,1.0,1.0,1.0,0
17.597770218949908,1.0,0.0,0.7768588872430413,1.0,1.0,0.0,1
17.60607957928342,0.0,0.0,0.5297879880883014,1.0,1.0,0.0,0
42.552435031293896,0.0,2.0,0.7505442130100464,1.0,1.0,0.0,0
25.874125756418394,2.0,2.0,0.7855120637140188,1.0,1.0,0.0,0
0.0,0.0,0.0,0.8731720337768445,1.0,1.0,0.0,0
49.13737113216363,0.0,1.0,0.49283254119967024,1.0,1.0,1.0,0
76.37987989590053,0.0,2.0,0.2257001261155123,1.0,1.0,0.0,1
47.74422498662349,2.0,5.0,0.7250315116176332,1.0,1.0,0.0,1
7.237914202996343,0.0,1.0,0.4795452149298838,1.0,1.0,0.0,0
80.12878479364136,0.0,0.0,0.45762060473177163,1.0,0.0,0.0,0
43.7065310057882,1.0,0.0,0.7792192162989341,1.0,0.0,1.0,1
51.930211303129894,4.0,3.0,0.06315091637697534,0.0,0.0,1.0,1
20.49449246934303,1.0,0.0,0.4083974503442899,1.0,1.0,0.0,0
79.20204839644963,0.0,1.0,0.7097784835730151,0.0,1.0,0.0,0
12.262124915791388,2.0,0.0,0.6554453515644871,1.0,1.0,0.0,0
15.43471859540054,0.0,2.0,0.39974566527532546,1.0,1.0,0.0,0
27.79551930158727,0.0,1.0,0.9489657793495255,0.0,1.0,1.0,1
0.0,0.0,0.0,0.24611395436473152,1.0,1.0,0.0,0
5.536259022672615,1.0,0.0,0.8293761544041218,1.0,0.0,0.0,0
40.052031952851195,1.0,0.0,0.39639446421071095,1.0,0.0,0.0,0
26.346864619096504,1.0,3.0,0.6305242633181044,1.0,1.0,0.0,0
10.63915306235961,1.0,2.0,0.5565048296455584,1.0,0.0,0.0,0
45.717434638133696,0.0,1.0,0.6324369792368235,1.0,1.0,0.0,0
51.71894586638887,1.0,0.0,0.24160607039254858,1.0,0.0,0.0,1
9.023899942854838,0.0,2.0,0.43723510615235556,1.0,0.0,1.0,0
31.385273167239596,0.0,1.0,0.6313651158712787,1.0,1.0,0.0,0
85.27540855559356,2.0,1.0,0.10982664824202382,1.0,0.0,1.0,1
2.933489716441317,0.0,0.0,0.6237966857667027,1.0,0.0,0.0,1
4.245578773476805,1.0,1.0,0.7659861305708189,1.0,1.0,1.0,0
25.008458414518614,0.0,1.0,0.757869564151034,0.0,1.0,0.0,0
21.307881430198915,1.0,2.0,0.935054603011376,1.0,0.0,1.0,0
44.31247324310625,1.0,0.0,0.3046373707390087,1.0,1.0,0.0,0
83.73483661941454,5.0,3.0,0.1050253350850362,1.0,0.0,1.0,1
27.966263953447516,2.0,0.0,0.9578722048154852,1.0,0.0,0.0,0
124.86004153208805,3.0,1.0,0.5445325392065289,1.0,0.0,1.0,1
34.00712176263715,2.0,1.0,0.28462441359488905,1.0,0.0,0.0,1
21.61487957685111,1.0,1.0,0.1528889492702483,1.0,1.0,0.0,0
11.670744744706539,3.0,5.0,0.5408305075976856,1.0,0.0,0.0,1
81.22402994338165,1.0,1.0,0.8794712413776339,0.0,0.0,0.0,0
0.0,2.0,2.0,0.9230739428575967,1.0,1.0,0.0,0
110.52835080929468,1.0,0.0,0.5408766088070833,1.0,0.0,0.0,0
0.0,1.0,1.0,0.33108175337460716,1.0,0.0,0.0,0
15.967801595798464,0.0,0.0,0.23522274609072272,1.0,0.0,1.0,1
47.27822293400337,1.0,1.0,0.6857239029488156,1.0,1.0,0.0,0
24.334832279606402,1.0,4.0,0.5664293448761182,1.0,1.0,1.0,1
26.46252638666158,1.0,3.0,0.30228851487681685,1.0,0.0,1.0,1
13.737823583470643,3.0,1.0,0.44627555059825674,1.0,0.0,0.0,1
11.129614110649163,0.0,1.0,0.5962234109447684,1.0,1.0,1.0,1
28.02235103940648,0.0,1.0,0.7136632401411949,1.0,1.0,0.0,0
30.646639005563152,0.0,1.0,0.44487666650570845,1.0,1.0,0.0,0
3.6897331354703518,2.0,5.0,0.5766329100748059,1.0,0.0,1.0,1
44.13164269674107,0.0,0.0,0.5937947920643512,1.0,1.0,0.0,1
41.102951768540365,4.0,2.0,0.3323675727296057,1.0,0.0,1.0,1
97.30644888150391,1.0,1.0,0.3229625860688423,1.0,0.0,0.0,0
10.101365737925015,0.0,2.0,0.5843361574034404,1.0,1.0,1.0,0
0.0,0.0,0.0,0.6586137434634995,1.0,0.0,1.0,0
54.19762383734163,0.0,1.0,0.6108281461346332,1.0,0.0,0.0,0
11.04710006622419,0.0,0.0,0.30380058495790924,1.0,1.0,0.0,0
0.0,0.0,1.0,0.7142221089588189,1.0,1.0,1.0,0
50.07484191382886,2.0,0.0,0.22829128416921055,1.0,0.0,0.0,1
0.0,1.0,2.0,0.18585738200133378,1.0,0.0,1.0,1
38.30551955022554,0.0,0.0,0.6092547862813523,1.0,1.0,0.0,0
35.02495819643313,0.0,1.0,0.4332322502802729,1.0,1.0,1.0,0
81.76275325076992,1.0,2.0,0.17765257405237436,1.0,0.0,1.0,1
0.0,0.0,0.0,0.6577364940172129,0.0,1.0,0.0,0
32.13571399353327,1.0,1.0,0.7621538100974643,1.0,0.0,0.0,0
0.0,1.0,1.0,0.8040834576868435,1.0,0.0,0.0,0
32.146192838266984,0.0,1.0,0.4198460939667343,1.0,1.0,0.0,0
9.7678211886485,0.0,1.0,0.3712549056827035,1.0,1.0,0.0,0
109.76820123932015,0.0,0.0,0.7714395429084026,1.0,1.0,0.0,0
4.466103182213326,0.0,0.0,0.38628553716743275,1.0,1.0,0.0,0
75.86603295513248,4.0,1.0,0.16912066643179582,1.0,1.0,0.0,1
41.41193830823177,0.0,0.0,0.9359025480898792,1.0,1.0,0.0,0
57.88871947435123,0.0,2.0,0.5692267470782117,1.0,0.0,1.0,1
1.6014073513711946,1.0,1.0,0.4636095638837965,1.0,1.0,0.0,0
44.87363647529802,2.0,1.0,0.16479353429859803,1.0,1.0,1.0,1
17.011211013533984,3.0,0.0,0.06220869706191255,1.0,1.0,1.0,1
5.763815544766749,1.0,2.0,0.180136411418518,1.0,1.0,0.0,0
112.03814068646079,1.0,2.0,0.11147337803212262,1.0,1.0,0.0,1
45.78842709992574,0.0,1.0,0.5994628799614238,1.0,1.0,0.0,0
30.73703133098529,5.0,1.0,0.5806509578205995,0.0,0.0,0.0,1
68.37216485911426,1.0,0.0,0.266888535065607,1.0,0.0,0.0,0
28.462734819993617,0.0,0.0,0.6362510613852124,1.0,1.0,0.0,0
144.9382642596707,2.0,0.0,0.04775130756898543,0.0,0.0,1.0,1
57.031083477989,0.0,0.0,0.28265439478873555,1.0,0.0,1.0,0
49.075262064714224,0.0,2.0,0.5588154462766894,0.0,1.0,0.0,0
26.65336084775476,3.0,0.0,0.6992654902813056,1.0,1.0,0.0,0
0.0,0.0,0.0,0.4717165284342503,1.0,1.0,0.0,0
5.557759237120145,0.0,0.0,0.5974518385648948,1.0,1.0,0.0,0
108.68164164682081,1.0,2.0,0.2246268350113169,1.0,0.0,1.0,1
2.396395707658229,0.0,1.0,0.8082676059468832,1.0,0.0,0.0,1
0.0,0.0,0.0,0.6386349288582021,0.0,0.0,0.0,0
29.7382325191087,0.0,2.0,0.69280385479109,0.0,1.0,0.0,0
7.997781822996604,2.0,0.0,0.8793121653829382,1.0,1.0,1.0,0
14.589011986686163,1.0,1.0,0.6169096380295832,1.0,1.0,0.0,0
0.0,0.0,0.0,0.12116638050999155,1.0,1.0,0.0,0
0.0,0.0,0.0,0.7738547061136067,1.0,1.0,0.0,1
9.651923927567479,3.0,1.0,0.3719292365319214,0.0,0.0,0.0,1
1.1948279028681767,0.0,3.0,0.8329471634821044,1.0,1.0,0.0,0
14.633411615684807,0.0,2.0,0.5855526526876114,1.0,1.0,0.0,0
82.5584687038658,0.0,2.0,0.39686014996050867,1.0,0.0,1.0,1
166.34712905969414,0.0,2.0,0.6639602118491269,1.0,0.0,0.0,0
7.523602033101079,0.0,0.0,0.8522849006237564,1.0,0.0,0.0,1
13.338465480561323,0.0,2.0,0.5602386372709859,1.0,0.0,0.0,0
98.51859560587876,1.0,3.0,0.2577002404437762,1.0,1.0,1.0,1
41.02485300997864,0.0,0.0,0.2532471787502443,1.0,0.0,0.0,0
40.345806767895674,0.0,3.0,0.6537816932597253,1.0,0.0,0.0,0
48.465766461455615,1.0,0.0,0.7016680230438728,1.0,1.0,0.0,0
0.0,0.0,0.0,0.3885585350881889,1.0,1.0,1.0,0
44.0410922909577,3.0,0.0,0.2995437565780622,1.0,1.0,1.0,0
24.67593957148891,0.0,1.0,0.6642889310283524,1.0,1.0,0.0,0
54.66051193262329,0.0,2.0,0.707232111783478,1.0,1.0,0.0,0
77.62839650977706,0.0,0.0,0.48984791147822443,1.0,0.0,1.0,1
50.29555000536951,4.0,1.0,0.5116908129860118,1.0,0.0,1.0,1
22.40576932072966,0.0,0.0,0.7866212442265724,1.0,1.0,0.0,0
0.0,0.0,0.0,0.24156793067903895,1.0,0.0,0.0,0
0.0,0.0,0.0,0.28009378320820344,1.0,1.0,0.0,0
10.654546979854988,0.0,0.0,0.720392140697508,1.0,1.0,0.0,0
17.274400060104494,2.0,1.0,0.8781623055751501,1.0,0.0,0.0,0
35.15913597991961,1.0,0.0,0.28573196230981224,1.0,1.0,0.0,0
0.0,0.0,3.0,0.5029442854083999,1.0,0.0,0.0,0
34.520223998884774,3.0,1.0,0.7934537007678546,1.0,0.0,0.0,1
0.0,0.0,1.0,0.7468292603517113,0.0,1.0,0.0,0
43.704868585536644,1.0,2.0,0.8203292215016819,1.0,1.0,0.0,0
0.0,4.0,2.0,0.8045023110997572,1.0,1.0,1.0,0
23.096806786279718,0.0,1.0,0.7320668599474361,1.0,1.0,1.0,1
68.2313107589843,3.0,0.0,0.6752750802301251,1.0,1.0,1.0,1
43.354406438162535,0.0,2.0,0.7190433004893236,1.0,1.0,1.0,0
74.65566492762207,0.0,1.0,0.37132294070074384,1.0,0.0,1.0,1
28.454107783899893,2.0,3.0,0.8732936694946107,1.0,1.0,1.0,1
52.84660593064567,1.0,0.0,0.9388917141154184,1.0,0.0,1.0,0
32.955107847476995,1.0,1.0,0.6075884239024479,1.0,1.0,0.0,0
0.0,0.0,0.0,0.5395141603095772,1.0,1.0,1.0,0
18.98602359574308,1.0,2.0,0.6810530205318027,1.0,0.0,1.0,1
9.117778485111053,1.0,1.0,0.7226351407933604,1.0,1.0,0.0,0
37.33122880877562,0.0,1.0,0.5604883547360369,1.0,1.0,0.0,0
26.59042207128197,0.0,1.0,0.8338007220231364,1.0,1.0,1.0,0
28.153142330988572,1.0,0.0,0.5211241496122809,1.0,0.0,0.0,0
44.07080125916218,1.0,7.0,0.6184941377082506,1.0,0.0,0.0,1
34.13461146054794,1.0,0.0,0.8669377019022894,0.0,1.0,0.0,0
0.0,0.0,0.0,0.7090252909392273,1.0,1.0,1.0,0
15.20687965216004,0.0,0.0,0.6463163205609231,1.0,0.0,0.0,0
40.26716512719095,0.0,0.0,0.7273245791278252,1.0,0.0,0.0,0
1.4104792348263882,0.0,0.0,0.7056774108485239,1.0,1.0,0.0,0
30.17870229274227,0.0,0.0,0.6836324695285568,1.0,0.0,0.0,0
33.25839556978087,0.0,1.0,0.6005295818869364,1.0,0.0,0.0,0
23.528074117313462,6.0,3.0,0.40388414255671984,1.0,0.0,1.0,1
58.80899653962791,1.0,1.0,0.3220101094067535,1.0,1.0,0.0,0
4.904844863767018,0.0,1.0,0.42261963630756544,1.0,0.0,0.0,0
45.92685533118596,0.0,0.0,0.16429979191460917,1.0,0.0,0.0,0
18.198905740131707,3.0,1.0,0.06403360107908801,1.0,0.0,1.0,1
24.25880520171024,3.0,0.0,0.7632470487303287,1.0,0.0,0.0,0
105.68956469090615,1.0,0.0,0.6372019095393606,1.0,1.0,1.0,0
41.484642762432856,1.0,1.0,0.51358528077892,1.0,0.0,0.0,0
31.653692157300604,1.0,1.0,0.7857667349578807,1.0,0.0,0.0,0
15.736524612206843,0.0,2.0,0.7390572504789096,0.0,0.0,1.0,1
0.0,0.0,0.0,0.8951233545517305,0.0,0.0,1.0,0
0.0,0.0,0.0,0.48536631529730584,1.0,0.0,1.0,0
0.0,0.0,1.0,0.6148977559632923,1.0,0.0,0.0,0
25.99250068586137,0.0,1.0,0.4686537208445949,1.0,0.0,0.0,0
6.087153291288164,1.0,1.0,0.821371836833822,1.0,0.0,1.0,0
52.014881416462,0.0,0.0,0.6181157588800384,1.0,1.0,1.0,1
10.5759415192605,4.0,2.0,0.6886556595893217,1.0,0.0,1.0,1
12.954588648744346,0.0,0.0,0.6596079584660456,1.0,0.0,0.0,0
0.0,0.0,1.0,0.6994788793166247,1.0,0.0,1.0,0
53.09987551024075,0.0,0.0,0.8439652359176655,1.0,1.0,1.0,0
45.727910014973745,0.0,3.0,0.5245595732862388,1.0,1.0,1.0,1
81.61054518459343,1.0,2.0,0.3289266893945227,0.0,0.0,1.0,1
31.693025805940692,1.0,0.0,0.5306576338601112,1.0,1.0,0.0,0
73.84374419344712,1.0,1.0,0.3187597174063206,1.0,0.0,0.0,0
46.300014699847495,1.0,3.0,0.6130316530821174,1.0,1.0,1.0,0
0.0,0.0,1.0,0.2990319367893455,1.0,0.0,1.0,0
26.625617868660406,0.0,0.0,0.9691216499063775,0.0,0.0,0.0,0
73.5933260101131,1.0,1.0,0.6268047138880422,1.0,0.0,0.0,0
71.23386360401962,0.0,1.0,0.5086748133040329,1.0,1.0,0.0,0
1.361495345842508,0.0,0.0,0.7302110494935132,1.0,1.0,0.0,0
84.37872544644542,3.0,4.0,0.5642442871551605,1.0,0.0,1.0,1
10.296609260394128,0.0,1.0,0.38963986839087955,0.0,0.0,0.0,0
11.885731714196563,1.0,3.0,0.5132105787252114,1.0,1.0,0.0,0
47.431348800839515,2.0,1.0,0.5476193424448976,1.0,1.0,0.0,0
49.29253058141205,0.0,0.0,0.84293262818389,1.0,1.0,0.0,0
31.804259043097048,0.0,2.0,0.6541434409081106,1.0,0.0,1.0,1
35.595973015187724,0.0,0.0,0.6207445276363818,1.0,1.0,0.0,0
21.71744566937356,2.0,0.0,0.7382128497716661,1.0,0.0,0.0,0
28.527254535733558,0.0,0.0,0.679419840566614,1.0,0.0,1.0,0
60.7003829667437,0.0,3.0,0.4419907823960075,1.0,1.0,0.0,0
0.0,0.0,0.0,0.4669849342652053,1.0,1.0,1.0,0
4.038824883498206,0.0,0.0,0.6277433207217056,1.0,0.0,0.0,0
57.95508721578974,1.0,2.0,0.37194630329619716,0.0,1.0,1.0,0
28.9168661658955,0.0,2.0,0.9078940792182826,1.0,1.0,0.0,0
13.468765136164183,0.0,0.0,0.3273698376796211,1.0,1.0,1.0,0
6.850170776800935,0.0,0.0,0.7375981217536905,1.0,0.0,0.0,0
48.37815972057154,0.0,2.0,0.692066485613358,1.0,1.0,0.0,0
75.50973762441951,0.0,1.0,0.7897549499707107,1.0,0.0,0.0,0
0.898969893640027,0.0,0.0,0.5816408216933704,1.0,0.0,0.0,0
50.28787112543973,0.0,2.0,0.35623768397837946,1.0,0.0,0.0,0
141.27950303643252,1.0,3.0,0.45769995722932805,1.0,0.0,0.0,0
36.04348434163661,0.0,2.0,0.38374971453361695,1.0,0.0,1.0,1
64.84202658694706,1.0,2.0,0.6623221606951691,0.0,1.0,1.0,1
20.833421753483737,3.0,2.0,0.7083255585493523,1.0,0.0,1.0,1
0.0,0.0,0.0,0.3773220488672187,1.0,0.0,0.0,0
8.386880402015198,0.0,2.0,0.35382666647605776,1.0,0.0,0.0,1
36.84000055738904,1.0,0.0,0.5151229866353414,1.0,0.0,1.0,0
41.832926764608004,0.0,0.0,0.33617504817343624,1.0,1.0,0.0,1
34.86878624561099,0.0,1.0,0.12605394596586686,0.0,0.0,1.0,1
3.7302192395210803,0.0,2.0,0.34903881631056627,1.0,0.0,0.0,0
5.1760444803256735,0.0,0.0,0.8786075542377701,0.0,1.0,0.0,1
16.44045298251102,1.0,0.0,0.4187022514337612,1.0,0.0,1.0,0
45.569968401200924,2.0,0.0,0.5803121958574438,1.0,1.0,0.0,0
0.0,0.0,1.0,0.5739614798673829,1.0,0.0,1.0,1
21.595456697445545,4.0,3.0,0.4262114620966823,1.0,0.0,1.0,1
0.0,2.0,0.0,0.048097533935530325,1.0,0.0,1.0,0
1.3841354095453706,0.0,1.0,0.5522273393732354,1.0,1.0,0.0,0
94.90544008424294,4.0,1.0,0.3028012093568306,1.0,0.0,0.0,1
120.35633927502566,1.0,4.0,0.5899091292093958,1.0,0.0,0.0,1
5.5491550958473645,2.0,2.0,0.8246499781491015,0.0,1.0,0.0,0
41.06052554251225,1.0,0.0,0.44022596780759277,1.0,1.0,0.0,0
56.05566057354184,0.0,1.0,0.8472746939666769,1.0,1.0,0.0,0
48.90006684153524,0.0,0.0,0.6518875199559608,1.0,0.0,0.0,0
0.0,0.0,2.0,0.73802188537516,1.0,1.0,0.0,0
27.57084935931227,0.0,1.0,0.5099194918492522,1.0,0.0,0.0,0
53.87598443581012,1.0,1.0,0.5302007806152654,1.0,0.0,1.0,1
47.79368462538183,0.0,0.0,0.7306454477047593,1.0,1.0,0.0,0
44.48383263792153,0.0,1.0,0.5051722256126643,1.0,1.0,0.0,0
14.063795236906104,0.0,1.0,0.2820377404940054,1.0,1.0,0.0,0
50.1880010150023,0.0,4.0,0.35194660919268067,1.0,0.0,0.0,1
18.091798329180932,1.0,0.0,0.5380994583434614,0.0,1.0,1.0,1
2.608597406899907,0.0,1.0,0.5534195865868854,1.0,0.0,0.0,0
48.47541240697646,3.0,2.0,0.1971049103137092,0.0,1.0,1.0,1
82.73872733981844,1.0,1.0,0.7020445182012152,1.0,0.0,0.0,0
36.6516220156605,0.0,2.0,0.616673977442909,1.0,0.0,1.0,0
81.91372407417971,0.0,0.0,0.9237204971863596,1.0,1.0,0.0,0
127.03719879011568,2.0,2.0,0.16571759295617208,1.0,0.0,1.0,1
0.0,0.0,1.0,0.5044775705675072,1.0,1.0,1.0,0
61.43557531685905,3.0,1.0,0.3377952669392416,0.0,0.0,1.0,1
30.486853330139315,0.0,0.0,0.6758440299687054,1.0,1.0,0.0,0
0.0,1.0,0.0,0.889889319075552,1.0,0.0,0.0,0
62.53793769884163,3.0,1.0,0.5403712918827563,0.0,0.0,1.0,1
38.15764513993494,0.0,4.0,0.9511530821052971,1.0,1.0,1.0,1
0.0,0.0,1.0,0.8524490584709689,1.0,0.0,0.0,0
143.2879475051222,0.0,2.0,0.25703143806136586,1.0,0.0,1.0,0
0.0,1.0,1.0,0.7646246107465193,1.0,0.0,0.0,0
106.49499059456386,0.0,2.0,0.2772138640398007,0.0,1.0,0.0,0
33.83509763114658,0.0,1.0,0.4519722957080438,1.0,1.0,0.0,0
24.80635649283358,4.0,3.0,0.11994417262777637,0.0,1.0,1.0,1
38.68447550946519,1.0,0.0,0.45702195332850953,1.0,1.0,0.0,0
24.435491685605026,2.0,1.0,0.7611091225538047,1.0,1.0,0.0,1
17.226053210177838,0.0,0.0,0.6469173224694625,0.0,1.0,0.0,0
46.20217955862649,0.0,0.0,0.4346228038881524,1.0,0.0,1.0,0
49.33378343638667,2.0,2.0,0.09396814141736105,1.0,0.0,0.0,1
38.20342393729614,1.0,3.0,0.39861735110096586,1.0,1.0,1.0,1
21.783994770703067,2.0,4.0,0.5168137369062202,0.0,0.0,1.0,1
68.86610007079454,1.0,0.0,0.938678620476445,1.0,1.0,0.0,0
0.0,0.0,2.0,0.4933047601937481,1.0,1.0,1.0,0
14.502966138245107,2.0,2.0,0.8831854580360748,1.0,0.0,0.0,0
104.84693112032878,0.0,1.0,0.6777231477001717,1.0,1.0,0.0,0
7.5390028441882215,2.0,1.0,0.30026147766201056,1.0,1.0,0.0,0
3.999830453628277,1.0,1.0,0.7861300224138109,1.0,1.0,0.0,0
14.744179195690073,2.0,1.0,0.3697662423886767,1.0,0.0,1.0,1
0.0,1.0,0.0,0.43962108400489447,1.0,1.0,1.0,0
63.72195039252729,4.0,1.0,0.5341201042804637,1.0,0.0,0.0,1
31.73291881927006,1.0,1.0,0.5748248779332434,1.0,1.0,0.0,0
22.871208527627008,0.0,1.0,0.41141239797798973,1.0,0.0,0.0,0
0.0,0.0,1.0,0.6586764587754956,1.0,1.0,0.0,0
37.48194827511016,1.0,0.0,0.1621709054477635,1.0,0.0,1.0,0
1.9277995645396953,2.0,0.0,0.6287331535652283,1.0,0.0,0.0,1
22.997844513018126,1.0,3.0,0.804888499377337,0.0,1.0,0.0,1
13.968182280312702,0.0,0.0,0.515741595968995,0.0,1.0,1.0,0
76.65479293581419,1.0,1.0,0.44529063509355826,1.0,1.0,1.0,1
41.57626353738329,5.0,3.0,0.37276395633242654,0.0,0.0,1.0,1
0.3192972055768095,0.0,1.0,0.6746017236481275,1.0,1.0,0.0,0
2.851691455948079,1.0,1.0,0.7930171335153161,1.0,0.0,0.0,0
22.4693782222056,2.0,1.0,0.7366972461891248,1.0,1.0,0.0,0
27.259267593530975,1.0,1.0,0.7959188534434555,1.0,0.0,1.0,0
16.81442524898562,0.0,0.0,0.24028217386370695,0.0,1.0,0.0,0
48.15574168601812,0.0,0.0,0.2125113299363307,0.0,0.0,1.0,1
3.174474679076024,0.0,0.0,0.3839726046103166,0.0,1.0,0.0,0
81.3667255118225,1.0,1.0,0.48176097627135017,1.0,1.0,0.0,0
57.698749500050866,0.0,4.0,0.5781705048604932,1.0,0.0,0.0,1
15.919887732714438,1.0,0.0,0.6668575872903716,1.0,1.0,0.0,0
68.11501687075209,1.0,0.0,0.8483950819837719,0.0,0.0,0.0,0
88.26929381901266,2.0,0.0,0.6985303774748528,1.0,1.0,1.0,0
84.33318165344376,0.0,1.0,0.3320209124227538,0.0,0.0,1.0,1
21.196729202570666,1.0,1.0,0.8588819464897394,1.0,0.0,1.0,1
21.7718350460703,1.0,0.0,0.6322878273153696,1.0,1.0,0.0,0
29.24149882730049,0.0,1.0,0.8972517457821874,1.0,0.0,1.0,0
0.6060658372226388,1.0,2.0,0.45096705217701266,1.0,0.0,0.0,0
97.84079613220567,0.0,2.0,0.2046658322409772,1.0,0.0,1.0,1
124.98031990846033,0.0,3.0,0.18706522456555538,1.0,0.0,1.0,1
0.0,0.0,0.0,0.981234733423374,1.0,0.0,0.0,0
71.23703251393609,0.0,2.0,0.7546214983105552,1.0,1.0,1.0,1
57.81323868796126,1.0,0.0,0.6685584451116519,1.0,0.0,0.0,0
15.374129264070007,2.0,1.0,0.31799011430043367,0.0,1.0,0.0,0
50.988570192949325,0.0,3.0,0.42961529011578203,1.0,1.0,0.0,1
16.496741880315867,0.0,0.0,0.7145809543752454,1.0,1.0,1.0,0
14.933376536565877,3.0,1.0,0.5040812111473911,1.0,0.0,0.0,0
0.0,0.0,0.0,0.8838228366089449,1.0,1.0,0.0,0
35.43850470826569,1.0,1.0,0.5842202770938065,1.0,1.0,0.0,0
26.299955512647408,0.0,1.0,0.5828911741970825,1.0,0.0,0.0,1
49.468606338194675,2.0,3.0,0.16389430484953663,1.0,1.0,1.0,1
99.807729018241,3.0,1.0,0.1668039842973463,0.0,0.0,0.0,0
52.00438568298795,1.0,3.0,0.39607195231952635,1.0,1.0,1.0,1
34.56364333916124,0.0,1.0,0.9579096369462609,1.0,1.0,0.0,0
36.23145631656178,3.0,0.0,0.6680044314323584,0.0,0.0,1.0,1
43.234874272341244,0.0,4.0,0.726296504669019,1.0,0.0,1.0,1
20.489229610182143,0.0,1.0,0.2341779999757544,1.0,0.0,1.0,1
24.689367469528143,0.0,0.0,0.8833770051860831,1.0,1.0,0.0,0
0.0,1.0,0.0,0.8570214517071384,1.0,1.0,0.0,0
28.79153827540247,1.0,0.0,0.6140512294730249,1.0,0.0,0.0,0
28.867501736133846,3.0,5.0,0.6795250642970447,1.0,0.0,1.0,1
68.57800591825966,0.0,0.0,0.4024156032252342,1.0,1.0,0.0,0
0.0,0.0,0.0,0.5709621973427306,1.0,0.0,0.0,0
3.0784754658105706,0.0,0.0,0.3190134345224218,1.0,1.0,0.0,0
32.527556097430434,2.0,1.0,0.3227911512180743,1.0,0.0,0.0,1
6.070465181982929,1.0,4.0,0.6731039305955856,1.0,0.0,1.0,1
0.0,2.0,0.0,0.5536327410104638,1.0,1.0,0.0,0
51.902187066756134,2.0,1.0,0.4508423086942027,1.0,0.0,1.0,0
43.79162558016408,2.0,1.0,0.5691932539441831,1.0,0.0,1.0,1
67.00663773184601,2.0,2.0,0.4964638351611675,1.0,0.0,1.0,1
59.37368616285155,0.0,1.0,0.5989493393109024,1.0,0.0,0.0,1
48.74266570309494,0.0,2.0,0.09870603719780036,1.0,0.0,1.0,0
0.0,0.0,0.0,0.7130628247120641,1.0,1.0,0.0,0
85.86326808071331,1.0,0.0,0.5227872702693686,1.0,1.0,0.0,0
58.04474923002124,0.0,4.0,0.40031776135727104,1.0,0.0,1.0,1
99.63819448535418,0.0,0.0,0.878145776870618,1.0,1.0,0.0,0
0.0,0.0,1.0,0.3970067158574367,1.0,1.0,1.0,0
69.76188388178716,0.0,0.0,0.7998966473647149,1.0,0.0,0.0,0
43.46529008227736,0.0,0.0,0.7461340184701559,1.0,1.0,1.0,0
0.0,0.0,0.0,0.7094551895260183,1.0,0.0,0.0,0
20.90032443134113,0.0,0.0,0.6857057870012224,1.0,0.0,0.0,0
24.965747727267612,0.0,0.0,0.7639062357641806,1.0,1.0,0.0,0
47.490604591925106,0.0,0.0,0.47175331073960036,1.0,0.0,1.0,0
5.062026429117888,0.0,0.0,0.44495957539147,1.0,1.0,1.0,0
33.47213477850117,1.0,3.0,0.5003344521694945,1.0,0.0,0.0,1
100.70187136430839,0.0,2.0,0.17078193617363724,1.0,0.0,1.0,1
4.71212285271217,1.0,2.0,0.5194568629293902,0.0,0.0,1.0,1
0.0,0.0,0.0,0.5982570415581214,1.0,1.0,0.0,0
15.21799336586832,1.0,0.0,0.4736796389428993,1.0,1.0,0.0,0
37.01770758673794,1.0,0.0,0.8010111738572218,1.0,0.0,0.0,0
31.240221851495935,3.0,5.0,0.3688300132974763,0.0,0.0,1.0,1
48.83618926168356,0.0,0.0,0.6149853390100689,1.0,1.0,0.0,0
15.53334060731501,3.0,2.0,0.572805611818959,1.0,0.0,1.0,1
16.580035605694693,1.0,1.0,0.7780869783638752,0.0,0.0,0.0,0
46.7498748856279,1.0,0.0,0.42504986593924093,1.0,1.0,0.0,0
38.42833057654502,0.0,2.0,0.8265609072413951,1.0,1.0,0.0,0
67.52941786911413,0.0,1.0,0.3915224773314276,1.0,1.0,0.0,0
28.28939665931602,1.0,1.0,0.7178469484809166,1.0,0.0,0.0,0
0.0,1.0,0.0,0.40175834515449205,1.0,1.0,1.0,0
7.5279528491258425,1.0,1.0,0.44223677736111683,1.0,1.0,1.0,0
0.0,0.0,2.0,0.29022938366496914,1.0,1.0,0.0,0
13.149259195010458,0.0,0.0,0.6265366923829706,1.0,0.0,0.0,0
0.0,2.0,0.0,0.6324553971863196,1.0,1.0,0.0,1
48.23775516294739,0.0,1.0,0.35871119349791014,1.0,0.0,0.0,0
0.0,0.0,2.0,0.7014300757623818,1.0,0.0,1.0,0
15.563254659866676,0.0,0.0,0.4815664317532198,1.0,1.0,0.0,0
29.340751715516564,0.0,2.0,0.5402814307077568,1.0,1.0,0.0,0
0.0,2.0,0.0,0.6487565888101241,1.0,0.0,0.0,0
19.79164209963729,1.0,0.0,0.788795480511339,1.0,0.0,0.0,0
62.2382143041335,2.0,1.0,0.06865304175340482,0.0,0.0,1.0,1
51.662602322363625,0.0,1.0,0.5176462546734825,1.0,0.0,1.0,0
5.3214689421765495,0.0,2.0,0.8155710967255021,0.0,0.0,1.0,0
19.86938078375622,0.0,0.0,0.5080474511853299,1.0,1.0,0.0,0
34.86386968863544,4.0,1.0,0.2892452213147387,1.0,0.0,1.0,0
0.0,0.0,1.0,0.480820876544338,1.0,0.0,1.0,0
7.79478119134825,1.0,1.0,0.41851751325103237,1.0,1.0,1.0,0
33.63323748857442,0.0,2.0,0.6862156785531,1.0,0.0,0.0,1
12.120420754185501,2.0,1.0,0.17752970339126503,1.0,0.0,0.0,0
10.348439070069224,1.0,1.0,0.907137639955372,0.0,1.0,0.0,0
0.0,0.0,1.0,0.6179368254384109,1.0,0.0,0.0,0
9.23929857054411,0.0,0.0,0.9052666225890373,1.0,1.0,0.0,0
22.527933067273597,0.0,1.0,0.8948973002591186,1.0,0.0,0.0,0
24.01700160720327,1.0,3.0,0.08379830724647876,1.0,0.0,1.0,0
13.54643146027976,1.0,3.0,0.8398564690209054,1.0,0.0,1.0,1
0.0,0.0,2.0,0.8152644679225787,1.0,1.0,0.0,0
43.57456325944298,4.0,2.0,0.5348663186559584,1.0,0.0,1.0,1
22.69466576817291,1.0,2.0,0.7672569764612968,1.0,0.0,1.0,1
28.101975602257635,0.0,0.0,0.8497869850187786,1.0,0.0,0.0,0
17.30502726935713,2.0,2.0,0.32430702695003194,1.0,0.0,0.0,0
44.65847798126422,1.0,0.0,0.33597210240545067,1.0,1.0,0.0,1
50.0008266384902,1.0,2.0,0.6036446240281917,1.0,0.0,0.0,1
42.087786719017195,0.0,0.0,0.5091565365002857,1.0,1.0,1.0,0
41.93905313944835,0.0,0.0,0.23450717344092278,1.0,1.0,0.0,1
18.988486146637467,1.0,1.0,0.46531599208694024,1.0,1.0,1.0,0
2.8573389683598744,0.0,1.0,0.29537761774034343,1.0,1.0,0.0,0
0.0,2.0,1.0,0.7226974980010302,1.0,0.0,0.0,0
60.45617364608137,1.0,2.0,0.8287408900094791,1.0,0.0,0.0,0
0.0,0.0,0.0,0.6933043900146957,1.0,0.0,1.0,0
17.863360543174622,4.0,0.0,0.057812977478226724,1.0,0.0,1.0,1
0.0,0.0,1.0,0.8178945754187121,1.0,1.0,0.0,0
94.15117704708659,4.0,4.0,0.6046929488097141,1.0,0.0,1.0,1
16.454759603455035,0.0,0.0,0.42690299039980595,1.0,0.0,0.0,0
12.843782786068228,0.0,0.0,0.16121309905361395,1.0,1.0,1.0,0
9.81936144251714,0.0,1.0,0.528895998642096,1.0,0.0,0.0,0
25.517787144482945,1.0,0.0,0.7960467964636659,1.0,0.0,1.0,0
20.290828083799934,1.0,1.0,0.909110501892645,1.0,1.0,0.0,0
43.378508742092286,2.0,0.0,0.3668913980171517,1.0,1.0,0.0,0
0.0,1.0,1.0,0.4024937000848178,1.0,0.0,0.0,0
0.0,0.0,0.0,0.310829191173044,1.0,1.0,0.0,0
11.225630259169876,1.0,1.0,0.8132263930739834,1.0,0.0,1.0,0
80.40589346201912,2.0,2.0,0.25874731302385523,0.0,0.0,1.0,1
5.128935879203269,1.0,0.0,0.6766080157655406,1.0,0.0,0.0,1
117.06144980070458,2.0,0.0,0.00993810279204077,1.0,0.0,1.0,1
15.657722100274144,1.0,0.0,0.7521355550575658,1.0,1.0,0.0,0
27.666029440414526,1.0,1.0,0.6421553191021556,0.0,1.0,1.0,0
25.948098371639134,1.0,0.0,0.7416356225422808,1.0,0.0,0.0,1
61.20561530365262,2.0,0.0,0.28354766428663886,1.0,0.0,0.0,0
109.87150837418523,1.0,0.0,0.4246064988072454,0.0,1.0,0.0,0
30.158095693787125,0.0,1.0,0.48233071903545277,1.0,1.0,0.0,1
56.92461337095868,1.0,0.0,0.4858724968847013,1.0,0.0,1.0,0
57.777981800688096,1.0,1.0,0.8131558871718543,0.0,1.0,0.0,0
5.5167207102310805,0.0,0.0,0.40708641400124934,1.0,1.0,0.0,0
57.32399753279709,0.0,0.0,0.8464454454938264,1.0,0.0,0.0,0
0.0,1.0,1.0,0.4807960479486868,1.0,0.0,0.0,0
65.16971456471389,0.0,1.0,0.8568729768497942,1.0,0.0,1.0,0
14.728780504835381,1.0,1.0,0.6030006884226428,1.0,1.0,1.0,1
11.045923600286699,2.0,2.0,0.9347322826193152,1.0,0.0,1.0,0
41.82352798595341,2.0,3.0,0.4944630831792266,1.0,0.0,1.0,1
37.435954828923435,0.0,0.0,0.37711894449393424,0.0,1.0,0.0,0
16.7438582158411,0.0,0.0,0.5669271233401364,1.0,0.0,0.0,0
3.1921976210736958,0.0,2.0,0.7936144307176671,1.0,1.0,0.0,0
4.085096810848783,0.0,3.0,0.8116512344198541,0.0,1.0,0.0,0
19.32959068978096,0.0,0.0,0.6191434086969425,1.0,0.0,0.0,0
0.0,0.0,0.0,0.45538089581496666,1.0,0.0,0.0,0
25.7605165049931,0.0,2.0,0.7817635220624276,1.0,1.0,0.0,0
40.02761996810416,0.0,1.0,0.5168017034773095,1.0,0.0,0.0,0
34.78910326992029,0.0,3.0,0.4464365881280698,1.0,0.0,0.0,0
29.86032672124272,0.0,1.0,0.5026296480756379,1.0,1.0,0.0,0
0.0,1.0,1.0,0.8198731102756389,1.0,0.0,0.0,0
1.7736048639032074,1.0,2.0,0.5703844276573845,1.0,0.0,1.0,1
28.884001567054085,1.0,1.0,0.7087879847667933,1.0,1.0,0.0,0
4.723443097947652,0.0,0.0,0.9555090450637637,1.0,1.0,0.0,0
43.92119821678742,0.0,1.0,0.6547205771201015,1.0,0.0,0.0,0
110.47995989672768,1.0,0.0,0.6089377377486448,1.0,1.0,1.0,1
17.766529716702575,2.0,0.0,0.5013969354171107,1.0,1.0,1.0,0
13.016303139135957,0.0,2.0,0.5044071934496738,0.0,0.0,0.0,1
6.82543798250136,0.0,0.0,0.7283802044245126,0.0,1.0,0.0,0
9.098363468705333,0.0,1.0,0.5741077579353389,1.0,1.0,0.0,0
16.100009283449765,3.0,0.0,0.8026036797341886,1.0,1.0,0.0,0
0.6799934031768959,2.0,2.0,0.8468066501348306,1.0,0.0,1.0,1
16.56653306434393,0.0,1.0,0.7661502334275909,1.0,1.0,1.0,1
1.3550753648324863,1.0,0.0,0.34338133889739464,1.0,0.0,0.0,0
56.09100643383122,1.0,1.0,0.35360290978751197,0.0,1.0,1.0,1
20.801150359794693,0.0,0.0,0.4408854945887655,1.0,1.0,0.0,0
22.581681068246965,0.0,1.0,0.6686753175891661,1.0,1.0,0.0,0
56.70597537686476,1.0,1.0,0.6829945838827258,1.0,0.0,1.0,0
133.67820196172346,2.0,3.0,0.32468206939593075,1.0,1.0,0.0,0
17.572153999218106,4.0,3.0,0.06441815720860988,1.0,0.0,1.0,1
3.963061959453089,1.0,1.0,0.7350391814830669,1.0,1.0,0.0,0
40.4818530044012,2.0,0.0,0.6923258233354539,1.0,1.0,1.0,1
37.11757015431003,0.0,0.0,0.29710013775437155,1.0,1.0,1.0,0
8.728322924105868,3.0,0.0,0.5850312185632461,1.0,0.0,1.0,1
0.0,1.0,1.0,0.905494872134026,1.0,0.0,0.0,0
30.73964890299343,0.0,0.0,0.6673431404599994,0.0,1.0,0.0,0
0.0,1.0,0.0,0.5573514429786569,1.0,1.0,0.0,0
38.04028082481148,0.0,1.0,0.6879913722647982,1.0,0.0,0.0,0
34.67308908344365,0.0,1.0,0.5089458753938934,0.0,0.0,0.0,0
44.4055565838036,1.0,0.0,0.6863970540116604,1.0,1.0,0.0,0
31.972744309454846,0.0,0.0,0.5903871737345942,0.0,0.0,0.0,0
26.324194576109143,2.0,1.0,0.6766982366732484,1.0,0.0,1.0,1
21.07608874969931,0.0,1.0,0.4537436888925214,1.0,0.0,0.0,0
9.75610513571344,0.0,0.0,0.31711801372852355,1.0,0.0,0.0,0
92.06749141487956,1.0,1.0,0.1846328807669329,0.0,0.0,1.0,1
100.60727087432933,0.0,2.0,0.17274708050146526,1.0,0.0,1.0,1
0.0,1.0,0.0,0.5435780979210681,1.0,1.0,0.0,0
16.74786874780819,3.0,3.0,0.5667666065714313,1.0,0.0,1.0,1
23.18526007272313,2.0,1.0,0.49559160408829933,1.0,0.0,1.0,0
30.345171380026123,0.0,0.0,0.6583784310758417,1.0,1.0,0.0,0
7.882254850945447,1.0,5.0,0.9810497080153399,1.0,0.0,0.0,1
95.45053156981606,1.0,0.0,0.5358195912145644,1.0,0.0,1.0,1
47.245200765604274,1.0,1.0,0.7886873054859176,1.0,0.0,0.0,0
21.07954888125189,1.0,1.0,0.790077775853296,1.0,0.0,1.0,0
34.73085971089357,0.0,1.0,0.27872938850948276,1.0,0.0,0.0,0
14.478567576004414,1.0,0.0,0.4842554306632274,1.0,1.0,0.0,0
14.386161600515699,1.0,1.0,0.49705244463975934,1.0,0.0,0.0,1
11.938911412044817,0.0,1.0,0.40360284057134616,1.0,0.0,1.0,1
0.0,1.0,0.0,0.3138291437002161,0.0,0.0,0.0,0
62.835521218823416,1.0,1.0,0.6952223113461921,0.0,1.0,0.0,0
16.219643916579145,0.0,0.0,0.7059421509821733,1.0,1.0,1.0,0
42.353095179258226,0.0,1.0,0.2223437324812813,1.0,1.0,0.0,0
0.0,0.0,1.0,0.7155846546444607,1.0,0.0,0.0,0
39.82927550308408,3.0,2.0,0.7568719046622991,1.0,0.0,0.0,1
5.088875303174196,0.0,0.0,0.31838631631769254,1.0,1.0,0.0,0
43.12607935877372,1.0,2.0,0.8624215234977248,1.0,1.0,1.0,1
64.67881775753725,0.0,0.0,0.7165234447260238,1.0,1.0,0.0,0
0.0,0.0,0.0,0.619574948042928,1.0,0.0,0.0,1
0.0,1.0,1.0,0.7023189005116319,1.0,1.0,0.0,0
14.024668953561747,0.0,0.0,0.6580804471908551,0.0,1.0,0.0,1
67.112589150516,0.0,0.0,0.3847089796434037,1.0,1.0,1.0,1
39.27268302719208,1.0,0.0,0.23223213584286476,1.0,0.0,0.0,1
46.21920087290759,0.0,0.0,0.5014978087964453,1.0,0.0,0.0,0
13.984350965306632,2.0,0.0,0.4753273334348256,1.0,1.0,0.0,0
56.81215740413411,1.0,3.0,0.5357442343233836,1.0,0.0,1.0,0
0.0,0.0,0.0,0.5965664224206118,1.0,0.0,0.0,1
44.57934543249538,0.0,4.0,0.723092380091161,1.0,0.0,1.0,1
2.8448414845939958,2.0,6.0,0.2068625799824373,0.0,0.0,1.0,1
6.884622595790052,0.0,0.0,0.6581117655834834,1.0,0.0,0.0,0
29.4402223670578,1.0,2.0,0.6955347784957265,1.0,1.0,0.0,0
55.10467737187193,0.0,0.0,0.6920272243027981,1.0,0.0,0.0,0
11.840940521271222,0.0,0.0,0.5269533927634683,1.0,1.0,0.0,0
74.30992519896135,7.0,1.0,0.1248180904252191,1.0,0.0,1.0,1
52.01274302763277,2.0,1.0,0.5205560334436476,1.0,0.0,1.0,1
30.105172977698498,0.0,1.0,0.5095998093744412,1.0,0.0,1.0,1
0.0,1.0,1.0,0.7275342418647132,1.0,1.0,0.0,0
77.8031457100985,3.0,1.0,0.2493556409323378,1.0,0.0,0.0,1
3.4158791637821206,2.0,3.0,0.7603623823356829,1.0,1.0,1.0,0
100.56027411033858,1.0,1.0,0.6397121671797076,1.0,0.0,1.0,1
23.61797370873094,1.0,3.0,0.4538754726085825,1.0,1.0,0.0,0
44.02229002069289,0.0,0.0,0.3465341023998793,1.0,0.0,1.0,1
42.76383674826708,0.0,0.0,0.6911481200447083,1.0,1.0,0.0,0
18.63293661599832,0.0,0.0,0.32813780907250617,1.0,1.0,0.0,0
120.35325815512253,0.0,0.0,0.13769676187466778,1.0,0.0,1.0,1
53.616558981569085,1.0,2.0,0.8230234925493,1.0,0.0,0.0,0
26.18289385406797,0.0,1.0,0.41461179179641783,1.0,1.0,0.0,1
0.0,1.0,0.0,0.7716954025723042,1.0,0.0,0.0,0
0.22968758984142212,0.0,0.0,0.16920647896410929,1.0,0.0,0.0,0
64.94877149144267,0.0,0.0,0.6846097260292351,1.0,1.0,0.0,0
32.11582363724228,1.0,1.0,0.7570385345214983,0.0,0.0,0.0,0
125.77934980895364,3.0,4.0,0.2954834401850154,1.0,0.0,1.0,1
34.29750677613616,0.0,2.0,0.7161232663670413,0.0,1.0,0.0,0
26.79927908076144,1.0,1.0,0.14910817608388738,1.0,1.0,0.0,0
53.274727925481564,1.0,0.0,0.7912731818695201,1.0,0.0,1.0,1
15.82403452665432,0.0,0.0,0.7926005408796312,1.0,1.0,0.0,0
0.0,0.0,0.0,0.4554059165334133,1.0,1.0,0.0,0
11.474376331726795,0.0,0.0,0.32726291613279845,1.0,1.0,0.0,0
0.0,0.0,1.0,0.8090862770674774,1.0,0.0,0.0,0
24.220907059651722,0.0,0.0,0.5613915439517223,1.0,1.0,0.0,0
0.0,1.0,0.0,0.37180422885734815,0.0,1.0,0.0,0
18.064924476941513,0.0,1.0,0.8673770100995087,1.0,1.0,0.0,1
0.0,0.0,1.0,0.7823701634573644,1.0,1.0,0.0,0
102.06912998830018,2.0,1.0,0.4153842371311672,0.0,0.0,0.0,1
4.411344748285807,0.0,1.0,0.9302510055308151,1.0,1.0,0.0,0
17.89941567475521,0.0,0.0,0.6193147969070691,1.0,0.0,0.0,0
25.73400306551037,1.0,2.0,0.7795668714763794,1.0,0.0,1.0,1
13.559116791953155,0.0,0.0,0.8688740007109365,1.0,1.0,0.0,0
14.310934239948278,1.0,1.0,0.34485308950511473,0.0,1.0,0.0,0
20.57089933290031,0.0,0.0,0.24182794949250921,1.0,1.0,0.0,0
0.0,1.0,1.0,0.6387749224910795,1.0,1.0,1.0,0
7.31094040414892,1.0,0.0,0.973741555264816,1.0,0.0,0.0,0
26.12300737144919,0.0,1.0,0.7839070947884045,1.0,0.0,0.0,0
19.28600779685861,1.0,1.0,0.21839115850570542,1.0,0.0,0.0,0
0.0,0.0,0.0,0.5938878997828209,1.0,0.0,0.0,0
2.5653712897941148,0.0,1.0,0.9439902159290131,1.0,1.0,1.0,1
109.56840057950835,1.0,0.0,0.1451344302656289,0.0,0.0,1.0,1
48.384623904753774,0.0,0.0,0.8294934896651743,1.0,0.0,0.0,0
10.790642452099807,0.0,1.0,0.8209640823735178,1.0,0.0,1.0,0
0.0,0.0,0.0,0.8787017249594423,1.0,0.0,0.0,0
38.63830997148177,0.0,0.0,0.3743000094489107,1.0,0.0,0.0,0
15.575972767943693,0.0,1.0,0.5549480435437558,1.0,1.0,0.0,0
18.428089252061707,2.0,1.0,0.30722743877327124,1.0,0.0,1.0,1
0.0,0.0,1.0,0.8418880773237295,1.0,1.0,1.0,0
29.005671119087786,0.0,1.0,0.6867967915779816,1.0,0.0,0.0,0
14.031437901439382,0.0,2.0,0.5593523076873361,1.0,1.0,1.0,0
63.73134632867242,2.0,1.0,0.10606342900851207,0.0,0.0,0.0,1
101.14203609152975,0.0,0.0,0.5961855066761833,0.0,0.0,1.0,1
42.4290867642718,0.0,1.0,0.2958140228672201,1.0,0.0,0.0,1
51.8924252933229,1.0,3.0,0.493159683879805,1.0,0.0,0.0,1
29.595603749766184,3.0,1.0,0.5670647726760933,1.0,0.0,0.0,1
16.47809474122989,3.0,0.0,0.909810932886834,1.0,1.0,0.0,1
0.0,0.0,0.0,0.34102925356005154,1.0,0.0,0.0,0
63.81723165140803,1.0,3.0,0.35906076680497473,1.0,0.0,1.0,1
85.23945342189569,1.0,1.0,0.06913721387280883,1.0,0.0,1.0,1
12.466723374081004,1.0,0.0,0.7683193859526676,0.0,0.0,0.0,0
0.0,0.0,2.0,0.9742286266911011,1.0,0.0,0.0,0
27.181232750144954,0.0,1.0,0.7583265894164616,1.0,1.0,0.0,0
118.27619875425833,1.0,1.0,0.11188700562136375,1.0,0.0,1.0,1
31.917165897315833,0.0,1.0,0.3937567600338711,1.0,1.0,1.0,0
86.15490440381949,1.0,1.0,0.34288661795962005,1.0,1.0,1.0,1
71.51948642344946,1.0,0.0,0.8882261205749129,1.0,1.0,1.0,0
29.638358004164516,0.0,0.0,0.443313640016966,1.0,0.0,1.0,0
46.72518635678635,1.0,1.0,0.8918585785716201,1.0,1.0,0.0,0
8.167547124951648,0.0,1.0,0.8300722511435195,1.0,0.0,0.0,0
88.47867253886656,2.0,0.0,0.29315629802483834,1.0,0.0,1.0,1
37.15468975838556,0.0,0.0,0.5620046619756083,1.0,1.0,0.0,0
104.11037318058949,0.0,1.0,0.4087386030672579,0.0,0.0,0.0,1
16.41045584057166,3.0,3.0,0.30882316288172107,1.0,0.0,0.0,1
0.0,3.0,0.0,0.42105699354446346,1.0,0.0,0.0,0
26.476440874176916,0.0,0.0,0.8180980989917691,1.0,0.0,0.0,0
9.531675434130175,0.0,0.0,0.7992087903893823,1.0,1.0,1.0,1
6.509052187491699,0.0,0.0,0.38137570737590554,1.0,1.0,0.0,0
8.874753245814905,5.0,6.0,0.25257320298329783,1.0,0.0,0.0,1
5.449032622612311,0.0,1.0,0.5546108000706456,1.0,0.0,1.0,0
50.69298116108647,1.0,0.0,0.7739721335662506,1.0,1.0,0.0,1
32.133889858940506,1.0,0.0,0.34243556373517153,1.0,1.0,0.0,0
1.0230995132012826,2.0,0.0,0.536016891376245,1.0,1.0,0.0,0
17.766217290285674,0.0,0.0,0.7577705671300892,1.0,0.0,0.0,0
13.515832798697213,1.0,0.0,0.5847607095089877,1.0,0.0,0.0,0
0.0,0.0,1.0,0.6330989383889059,1.0,0.0,1.0,0
43.13416016875036,0.0,1.0,0.13036553944195836,1.0,1.0,0.0,0
4.761831770662226,3.0,1.0,0.9156827973190965,1.0,0.0,1.0,0
40.758794830916656,3.0,2.0,0.4587368376914436,1.0,1.0,1.0,1
23.508199451601914,0.0,0.0,0.9744878305616341,1.0,0.0,0.0,1
0.0,0.0,2.0,0.5024757940739507,1.0,1.0,0.0,0
15.949669664947606,0.0,4.0,0.8168924838939048,1.0,0.0,1.0,1
74.92937786245119,1.0,0.0,0.33683292511152296,1.0,0.0,1.0,1
105.28714922204153,0.0,5.0,0.31996933498277785,1.0,1.0,1.0,1
88.90622163931128,2.0,2.0,0.2862253795441225,0.0,0.0,1.0,0
31.387625414165004,1.0,3.0,0.815319969778577,1.0,1.0,0.0,0
68.33479615751733,3.0,1.0,0.3484478312572259,1.0,1.0,1.0,1
38.78440979639214,1.0,1.0,0.7594598957987002,1.0,0.0,1.0,0
32.13104180174552,5.0,3.0,0.37951778493501076,1.0,0.0,0.0,0
5.502146693661109,0.0,1.0,0.675786962948477,1.0,1.0,0.0,0
6.881753460856563,3.0,2.0,0.7888711558624265,1.0,0.0,0.0,0
28.30567739098851,2.0,0.0,0.8868209084214936,1.0,1.0,0.0,0
77.31650694517143,5.0,1.0,0.8733261335552761,0.0,0.0,0.0,0
46.22021091349172,0.0,3.0,0.1961803518678398,1.0,0.0,1.0,1
0.0,0.0,0.0,0.8040859268640277,1.0,1.0,0.0,0
41.625134010847276,0.0,1.0,0.4179982686679606,1.0,0.0,0.0,1
13.729780500706367,2.0,1.0,0.3437337628125254,1.0,0.0,1.0,0
48.12785554792934,0.0,1.0,0.17121166271447108,1.0,0.0,0.0,0
0.0,0.0,0.0,0.7577456437698991,1.0,1.0,0.0,0
0.0,0.0,1.0,0.539061420854744,1.0,0.0,0.0,0
0.0,0.0,0.0,0.74797594092006,1.0,0.0,0.0,0
27.901426055669667,0.0,0.0,0.6479886008028632,1.0,1.0,1.0,0
5.041559154225773,1.0,0.0,0.35149330528618405,1.0,0.0,0.0,0
53.478008896234954,1.0,1.0,0.38696740799976026,1.0,0.0,1.0,0
76.07828643710738,4.0,3.0,0.24976460681351523,1.0,1.0,1.0,0
20.072324676561113,0.0,1.0,0.7963487511484255,1.0,1.0,0.0,1
12.24541713971702,1.0,2.0,0.5903786525696869,1.0,0.0,0.0,1
0.0,0.0,0.0,0.5091144754641589,1.0,0.0,0.0,0
99.24332461240074,2.0,2.0,0.07721342270376257,0.0,0.0,1.0,1
41.287059250239224,1.0,1.0,0.7887025065312205,1.0,0.0,1.0,1
110.53566020600505,1.0,0.0,0.5751614435991814,1.0,0.0,1.0,1
15.28923654765321,2.0,1.0,0.25023666504127384,1.0,0.0,0.0,1
43.69634128967573,0.0,0.0,0.8272128146886294,1.0,0.0,1.0,1
64.49630466651107,1.0,0.0,0.16926844115370543,1.0,0.0,0.0,1
52.34475636104011,1.0,0.0,0.590797693470873,1.0,0.0,0.0,1
23.897181199398677,0.0,0.0,0.6749754502616434,1.0,0.0,0.0,0
130.17310516122507,2.0,0.0,0.5777700853832219,1.0,0.0,0.0,0
17.49767461154142,1.0,0.0,0.6636623450111468,1.0,1.0,0.0,0
126.21408015739776,1.0,1.0,0.3232650254883845,1.0,0.0,1.0,1
25.633502927837135,0.0,0.0,0.7282280907582649,1.0,0.0,0.0,0
88.48258690604126,5.0,4.0,0.28392891895232364,1.0,0.0,0.0,1
61.69525626720599,1.0,1.0,0.28227786997017634,1.0,0.0,0.0,1
0.0,1.0,0.0,0.9004731858172094,0.0,0.0,0.0,0
29.986010455117807,0.0,1.0,0.5162920724292567,0.0,1.0,1.0,0
0.0,0.0,0.0,0.2369936819356855,1.0,0.0,0.0,1
0.0,0.0,1.0,0.6371081665081344,1.0,1.0,0.0,0
39.19306905738845,1.0,0.0,0.7992767603446677,1.0,1.0,0.0,1
13.374671257301921,1.0,1.0,0.5159375888203804,1.0,0.0,0.0,0
20.73297686734054,0.0,0.0,0.7221322239080844,1.0,0.0,1.0,0
7.058863719741851,0.0,1.0,0.8102289182684739,1.0,1.0,0.0,0
0.0,0.0,0.0,0.8764175266015841,1.0,1.0,0.0,1
28.146703910086977,1.0,1.0,0.39601187852305963,1.0,1.0,0.0,0
35.10489336993427,0.0,2.0,0.5026085093675263,1.0,1.0,0.0,0
34.99397410931331,0.0,0.0,0.4493106484646581,1.0,0.0,0.0,0
25.863682503930455,0.0,0.0,0.7659281094797076,1.0,1.0,0.0,0
83.73097173067245,1.0,1.0,0.4988996223535152,1.0,0.0,1.0,1
42.064193499837614,1.0,0.0,0.3525806568551678,1.0,0.0,0.0,0
14.020908880239423,1.0,0.0,0.2978692481024821,1.0,0.0,1.0,0
45.24993091563155,2.0,1.0,0.039949235321011356,0.0,1.0,0.0,1
70.34286039963133,1.0,1.0,0.501691030252089,1.0,1.0,1.0,0
17.755038954014005,1.0,2.0,0.5898978156147113,1.0,1.0,1.0,1
8.311587993600684,6.0,4.0,0.40322865682730663,1.0,0.0,1.0,1
48.76428044964355,1.0,0.0,0.7482418004028545,1.0,1.0,1.0,0
36.51781131971387,0.0,2.0,0.8228458164413531,1.0,0.0,0.0,1
20.46155098136976,0.0,0.0,0.5950035460283506,1.0,1.0,0.0,0
3.35394118804283,0.0,1.0,0.8825091555299551,1.0,1.0,0.0,0
12.726633615321798,0.0,0.0,0.890510297817514,0.0,0.0,0.0,0
56.447429351166825,1.0,1.0,0.644129883401722,1.0,0.0,1.0,1
34.537448973150184,0.0,0.0,0.8431599354435643,1.0,1.0,1.0,0
102.71591361149902,1.0,1.0,0.7680886482509397,1.0,0.0,0.0,0
14.316113934202342,0.0,1.0,0.8247503732988813,1.0,1.0,0.0,0
63.60875408297319,0.0,0.0,0.4996094778158477,1.0,1.0,0.0,0
48.40969769124069,1.0,3.0,0.3042105766413411,1.0,0.0,1.0,1
26.40145950725592,1.0,0.0,0.2925271834514214,1.0,0.0,0.0,0
63.74739837467191,1.0,0.0,0.8168342046457572,1.0,1.0,1.0,0
24.58911500123674,0.0,0.0,0.6826809166650056,1.0,1.0,0.0,0
33.60680788427463,0.0,1.0,0.49522961232437945,1.0,1.0,0.0,1
43.04524659393508,1.0,0.0,0.6180166273081213,1.0,0.0,1.0,0
0.0,0.0,1.0,0.35423291296172676,1.0,0.0,1.0,1
13.036333831428992,2.0,1.0,0.3765358132344257,1.0,0.0,1.0,1
17.803140079956858,0.0,0.0,0.5292508725638019,1.0,1.0,0.0,0
22.03439339250201,0.0,1.0,0.42797616857732024,1.0,1.0,0.0,0
0.0,1.0,0.0,0.28545938818074873,1.0,0.0,0.0,0
59.250235432619846,2.0,3.0,0.9177071084492833,1.0,0.0,0.0,1
65.1854025275784,0.0,0.0,0.9461243339673795,1.0,0.0,0.0,0
18.545897299405993,2.0,0.0,0.8872230578617816,1.0,1.0,0.0,0
45.27356749079337,0.0,3.0,0.6348590267980188,1.0,0.0,0.0,0
35.19879376512062,1.0,0.0,0.5128846780666593,1.0,1.0,1.0,0
54.29115362108429,1.0,1.0,0.791907040739837,1.0,0.0,1.0,1
52.10446895702891,1.0,0.0,0.6396923662898957,1.0,1.0,0.0,0
0.0,1.0,0.0,0.5414818076525181,0.0,1.0,0.0,0
74.33280568047799,0.0,2.0,0.3627686040553054,0.0,0.0,0.0,0
6.2308923590735255,0.0,1.0,0.49330169626380105,1.0,0.0,0.0,0
19.700640869931323,1.0,0.0,0.5316793668363997,1.0,1.0,1.0,0
11.274238437339175,2.0,2.0,0.6125684025014804,1.0,0.0,1.0,1
83.37129126472459,0.0,0.0,0.548242891779027,0.0,0.0,0.0,1
21.830574913942915,0.0,1.0,0.7253826954424218,1.0,0.0,0.0,0
37.94337361708173,1.0,0.0,0.5957469997590891,1.0,0.0,0.0,0
75.95553103942618,1.0,0.0,0.660922720199358,1.0,1.0,1.0,0
39.88165860563222,1.0,0.0,0.9844913057037976,1.0,1.0,1.0,1
0.0,2.0,2.0,0.8637100913766073,1.0,0.0,1.0,0
94.04399802198938,2.0,0.0,0.41990446882522453,1.0,0.0,0.0,0
8.071097246906348,0.0,0.0,0.8301614894116736,0.0,1.0,0.0,0
12.977384192600148,1.0,2.0,0.6913031973206795,1.0,0.0,0.0,0
0.0,0.0,1.0,0.5829910476820077,1.0,0.0,1.0,0
15.266315265736566,1.0,5.0,0.8840408026461309,1.0,0.0,1.0,1
0.0,0.0,2.0,0.5313067407782307,1.0,0.0,0.0,0
16.51812668152304,0.0,0.0,0.8116611008505419,1.0,1.0,0.0,0
26.644494198811106,0.0,0.0,0.7573384041802668,1.0,1.0,0.0,0
20.992227268333547,1.0,2.0,0.6348437695232539,1.0,1.0,0.0,0
49.87146318830572,0.0,1.0,0.6776781729258224,1.0,0.0,0.0,0
30.571099276503762,0.0,0.0,0.7167199688018909,1.0,0.0,0.0,0
11.333507638423612,0.0,0.0,0.7931937341392177,1.0,1.0,1.0,0
0.0,0.0,0.0,0.4159363442659282,1.0,1.0,1.0,0
32.37531798655188,2.0,0.0,0.20100144706463222,1.0,0.0,0.0,0
98.2061861307339,0.0,0.0,0.9036171662863436,1.0,1.0,0.0,0
62.612964550473954,2.0,2.0,0.6986313099972615,1.0,1.0,1.0,1
78.09059164791353,4.0,4.0,0.36228238632293097,1.0,0.0,0.0,1
9.021923532750144,0.0,0.0,0.6328310945192891,1.0,1.0,1.0,0
5.552062087390438,0.0,2.0,0.32736647242848377,1.0,0.0,0.0,0
0.3951412005228412,0.0,2.0,0.8081820642987938,1.0,1.0,0.0,0
7.603126223316575,3.0,1.0,0.6780773522214274,1.0,1.0,0.0,0
114.7398596606947,0.0,1.0,0.717546614425323,1.0,0.0,0.0,0
95.85819796438025,4.0,1.0,0.9248008532313893,1.0,0.0,1.0,1
55.911150821594106,1.0,4.0,0.8146551121888455,1.0,0.0,0.0,1
6.265145447721729,0.0,0.0,0.32653232009485156,1.0,1.0,0.0,0
11.781535724013938,0.0,1.0,0.6473721100995958,1.0,1.0,0.0,0
21.461551105741957,1.0,0.0,0.8566130607433297,1.0,0.0,1.0,0
33.07718811380005,0.0,0.0,0.33559505086043145,1.0,1.0,0.0,0
3.2397052752851696,0.0,2.0,0.5203443817532387,1.0,1.0,0.0,0
103.88149215563537,6.0,2.0,0.21056748744092965,1.0,0.0,1.0,1
0.0,0.0,1.0,0.24009873031562284,0.0,0.0,0.0,0
0.0,1.0,0.0,0.3256468714929049,1.0,1.0,0.0,0
14.925281334624515,1.0,1.0,0.02588308588129865,1.0,0.0,1.0,1
29.647961688802063,1.0,2.0,0.7708540391018499,1.0,0.0,1.0,1
47.54472914549602,0.0,1.0,0.5726349183536712,1.0,0.0,0.0,0
70.81090919838252,4.0,3.0,0.5131119035918225,1.0,0.0,1.0,1
66.91648092164613,3.0,1.0,0.16348593622512245,1.0,0.0,1.0,1
50.62527554780801,1.0,4.0,0.23721381041935083,1.0,0.0,1.0,1
0.0,0.0,2.0,0.5481927851977362,1.0,0.0,0.0,0
93.94318068826159,1.0,5.0,0.2556110521011066,1.0,0.0,1.0,1
50.40241602860698,1.0,5.0,0.9304239244742465,1.0,0.0,1.0,1
20.320732275807696,0.0,0.0,0.7584660173097344,1.0,0.0,1.0,0
16.020944795149166,0.0,0.0,0.35853073346077347,1.0,1.0,0.0,0
65.46543175901866,0.0,0.0,0.8037058240934325,1.0,0.0,0.0,0
46.7609483041953,1.0,2.0,0.796347814303929,1.0,0.0,1.0,1
46.128704981991895,0.0,0.0,0.4449787400027422,1.0,0.0,0.0,0
0.0,0.0,1.0,0.47874888835655854,1.0,1.0,1.0,0
43.335898944749594,0.0,2.0,0.19757297192359194,1.0,0.0,0.0,0
56.8388385833393,1.0,0.0,0.3433421320908547,1.0,0.0,1.0,0
0.5362678721770351,2.0,0.0,0.8980674924067223,1.0,0.0,0.0,0
25.853036939639424,0.0,1.0,0.5905448126343089,1.0,0.0,1.0,1
43.400436081805424,1.0,1.0,0.4454365081527838,1.0,1.0,1.0,0
0.0,0.0,1.0,0.6959423856977072,1.0,0.0,0.0,0
62.42801404733756,1.0,1.0,0.46812810365607693,0.0,0.0,0.0,0
33.05004362278578,0.0,0.0,0.7677985239751353,1.0,1.0,0.0,0
11.562403137791609,1.0,1.0,0.5986917467607776,1.0,1.0,0.0,0
55.72873288174301,0.0,3.0,0.6994562480856559,1.0,0.0,1.0,1
30.45225358878492,2.0,2.0,0.7642293788375137,1.0,1.0,0.0,0
31.195066127094815,1.0,1.0,0.7682315114489566,1.0,0.0,0.0,0
63.975082773563365,0.0,3.0,0.5713431295752193,1.0,0.0,1.0,1
2.0998620222628084,0.0,0.0,0.1309333191147007,1.0,1.0,0.0,0
30.881182981961373,0.0,1.0,0.7486627691226068,1.0,0.0,0.0,0
0.0,0.0,0.0,0.7737622206166758,1.0,1.0,0.0,1
103.98730944583058,2.0,1.0,0.4462088971773162,1.0,0.0,0.0,1
0.0,0.0,0.0,0.5241332965373013,1.0,0.0,0.0,0
84.69607576559459,2.0,2.0,0.18186685988968423,0.0,0.0,1.0,1
0.0,0.0,1.0,0.4763682569158152,1.0,1.0,1.0,0
0.3258547713639146,3.0,1.0,0.17775012770975498,1.0,0.0,1.0,1
42.429123303106195,1.0,0.0,0.41510232606419184,1.0,1.0,0.0,0
79.93518481213364,0.0,1.0,0.1247287851747929,1.0,1.0,0.0,1
28.777565305414875,1.0,1.0,0.1556101871057207,1.0,1.0,1.0,1
81.55598332866768,3.0,5.0,0.4599740153541673,0.0,0.0,0.0,1
3.779875819847092,3.0,2.0,0.7730960200845561,1.0,0.0,1.0,1
18.273231512604735,1.0,1.0,0.3904518165243369,1.0,1.0,0.0,0
4.597331938849128,0.0,2.0,0.527532691254062,1.0,1.0,0.0,0
49.972467686600204,1.0,0.0,0.30300133769723314,1.0,0.0,0.0,0
39.678670214475616,2.0,4.0,0.7215197473402253,0.0,0.0,0.0,1
10.306853880607791,1.0,0.0,0.34659928733517786,1.0,0.0,0.0,1
1.2336952960520886,2.0,1.0,0.18921809181952193,1.0,0.0,1.0,0
0.0,0.0,0.0,0.5083559791784978,1.0,0.0,1.0,0
41.1950044801584,0.0,3.0,0.43153773484839714,1.0,0.0,1.0,1
8.353310852700073,0.0,0.0,0.22056016991372512,1.0,0.0,0.0,0
17.739149403037572,0.0,2.0,0.8820293532162511,1.0,0.0,1.0,1
12.275391955316632,1.0,1.0,0.5766775612971399,1.0,0.0,1.0,0
39.870272290951505,0.0,1.0,0.8983629378556198,0.0,0.0,1.0,1
46.271116181267445,2.0,1.0,0.6590603931263062,1.0,1.0,1.0,0
0.0,2.0,1.0,0.3033519614014251,0.0,0.0,0.0,0
24.78973629700031,0.0,1.0,0.8079000530776862,1.0,1.0,0.0,0
44.58350719746768,2.0,0.0,0.7961540733385885,1.0,1.0,1.0,1
101.78750617983245,1.0,3.0,0.16432200681774214,1.0,1.0,0.0,1
71.17411889095801,4.0,6.0,0.6883704971290909,1.0,0.0,0.0,1
103.40527269813101,2.0,0.0,0.38219034690482423,1.0,1.0,1.0,0
59.45913309262321,2.0,3.0,0.028999013746644754,1.0,0.0,0.0,1
35.32116676515385,1.0,2.0,0.719481076057523,1.0,0.0,1.0,0
95.65788424587015,2.0,1.0,0.4256250811800578,1.0,1.0,1.0,1
0.0,0.0,1.0,0.6875471144760649,1.0,0.0,1.0,0
24.5200212240062,1.0,0.0,0.052963940473686126,1.0,1.0,1.0,0
18.721287796576608,0.0,2.0,0.9684619383950887,1.0,0.0,0.0,0
0.0,0.0,0.0,0.38533426447547975,1.0,1.0,1.0,0
65.7817802521128,0.0,0.0,0.3442278869246937,1.0,1.0,0.0,0
6.223647701933649,0.0,0.0,0.39593839106052053,1.0,0.0,0.0,0
55.99844226272806,0.0,1.0,0.6575385575263546,0.0,0.0,0.0,0
35.886740959474245,3.0,4.0,0.45760435154685414,1.0,0.0,0.0,1
4.982865623684624,0.0,0.0,0.4054445789691153,1.0,0.0,0.0,0
9.50432254564785,0.0,0.0,0.8684595495410176,1.0,1.0,0.0,0
22.64409644044822,1.0,0.0,0.8698416001837773,1.0,1.0,1.0,1
54.85781602467079,1.0,3.0,0.8819713326474461,1.0,0.0,0.0,0
15.548391726114561,1.0,3.0,0.9518335356041241,1.0,1.0,0.0,1
12.34997997153229,0.0,0.0,0.5556813062463967,1.0,1.0,1.0,0
0.0,1.0,1.0,0.5879092250148641,1.0,1.0,0.0,0
11.992020859243684,2.0,0.0,0.6333617829586963,1.0,1.0,0.0,0
25.0310481451721,0.0,0.0,0.707321518403273,1.0,0.0,0.0,0
19.54389780345281,2.0,0.0,0.3555188434165654,1.0,1.0,0.0,0
22.510122903100676,3.0,2.0,0.3693143437502847,1.0,0.0,0.0,1
69.90768678674877,0.0,1.0,0.7549848404926132,1.0,0.0,0.0,0
49.78986767393434,1.0,2.0,0.6948373667392287,1.0,0.0,1.0,0
47.75896627559608,2.0,0.0,0.32782947217989566,1.0,1.0,0.0,0
34.90973928897563,3.0,3.0,0.3673980291144185,0.0,0.0,0.0,1
61.58774238868779,1.0,2.0,0.8465833226901717,1.0,1.0,0.0,0
32.28208835173527,6.0,2.0,0.11379416859148606,1.0,0.0,1.0,1
58.998448062275955,0.0,1.0,0.7572682158752103,1.0,0.0,0.0,0
14.556369161446861,2.0,1.0,0.8133548556583571,1.0,0.0,0.0,0
25.88714049006278,2.0,2.0,0.558084118538171,1.0,1.0,0.0,0
65.56506530028503,2.0,0.0,0.8521699647252043,1.0,1.0,0.0,0
45.182346124720155,0.0,1.0,0.2659748394730778,1.0,0.0,1.0,1
94.12974487584086,3.0,1.0,0.27707772108959755,1.0,0.0,1.0,1
34.78987706672686,1.0,0.0,0.7946820372791572,1.0,0.0,0.0,0
0.0,0.0,1.0,0.29410303190624226,1.0,0.0,0.0,1
114.14181457725007,0.0,0.0,0.7012251815694613,1.0,0.0,0.0,0
0.0,1.0,0.0,0.34777420238584184,0.0,0.0,1.0,0
0.0,2.0,2.0,0.16145848397004012,1.0,0.0,1.0,1
31.26989566724614,4.0,2.0,0.3468474733882601,1.0,0.0,1.0,1
56.612381097509115,0.0,0.0,0.5714090614615006,1.0,0.0,0.0,1
2.517893620800379,1.0,0.0,0.635170972481307,0.0,1.0,0.0,0
3.189670404616405,0.0,1.0,0.6356148583010104,1.0,0.0,1.0,0
30.606283013308875,0.0,2.0,0.4784609629466602,1.0,1.0,0.0,0
53.00474831025478,0.0,0.0,0.8709611509911086,1.0,1.0,1.0,0
37.760861931797706,0.0,0.0,0.3577905214489877,1.0,1.0,0.0,0
11.066208188924472,0.0,1.0,0.8936740771919875,0.0,1.0,0.0,0
42.53698020073266,1.0,0.0,0.6063897290861998,1.0,1.0,0.0,0
80.30725712425718,1.0,1.0,0.10829740789728284,0.0,0.0,0.0,1
8.55607795984,0.0,3.0,0.8672355485710713,1.0,0.0,0.0,0
0.0,0.0,2.0,0.7796688489739876,1.0,0.0,0.0,0
0.12013443049271366,1.0,0.0,0.7691155593764406,1.0,1.0,0.0,0
0.0,0.0,0.0,0.9092453631740117,1.0,0.0,0.0,0
19.62516958336301,0.0,1.0,0.7643171789539476,1.0,0.0,0.0,0
50.611359682777234,1.0,1.0,0.7618342993658206,0.0,0.0,0.0,0
7.616121925232863,1.0,0.0,0.6562181199201551,0.0,0.0,0.0,0
29.487604271081562,0.0,1.0,0.42868103418266396,1.0,0.0,0.0,0
84.56668995895808,2.0,0.0,0.3957932420615877,1.0,0.0,1.0,1
0.0,0.0,1.0,0.4678139611131156,1.0,0.0,0.0,0
3.3455879267313975,1.0,1.0,0.35052338299828567,1.0,0.0,0.0,0
14.032410482806736,0.0,2.0,0.7423832228456382,1.0,0.0,0.0,1
2.4597124608155134,1.0,0.0,0.654744802224754,1.0,0.0,0.0,1
69.15506564332041,0.0,1.0,0.6699551174104246,1.0,0.0,1.0,0
48.40694973302763,0.0,0.0,0.6993679230678972,1.0,0.0,1.0,1
18.041124520267395,0.0,2.0,0.8653370045789731,0.0,0.0,0.0,0
14.971029109107011,0.0,1.0,0.3847570844292703,1.0,0.0,0.0,0
48.68633112850101,2.0,2.0,0.3886889044835713,1.0,0.0,1.0,1
28.919891776072113,0.0,1.0,0.7785033954226955,1.0,0.0,0.0,1
12.000167537134235,1.0,2.0,0.9562163122999743,1.0,0.0,1.0,0
0.0,1.0,0.0,0.8514675364134657,0.0,0.0,1.0,0
16.403506319924922,0.0,2.0,0.7031502290533372,1.0,0.0,0.0,1
38.98326192212098,1.0,4.0,0.45849410539760826,1.0,0.0,0.0,1
84.09371689748038,4.0,2.0,0.536484428936789,1.0,0.0,1.0,1
36.485413744876794,1.0,0.0,0.552904595666462,1.0,1.0,0.0,0
33.50217423390983,1.0,1.0,0.22030624188724474,1.0,1.0,0.0,1
14.118233513608022,0.0,1.0,0.46649819056476227,1.0,1.0,0.0,0
40.025381072944505,0.0,1.0,0.18825158572039,1.0,0.0,0.0,0
49.67573205671513,0.0,1.0,0.08407882516279439,1.0,0.0,1.0,1
20.528275672097195,0.0,3.0,0.3346440748990751,1.0,0.0,0.0,1
14.417492371700668,1.0,0.0,0.8241182790542135,1.0,0.0,0.0,0
22.94523505696383,1.0,1.0,0.8838611896512869,0.0,0.0,0.0,1
0.0,0.0,0.0,0.40934079521403854,1.0,0.0,0.0,0
61.467021881747065,0.0,3.0,0.05848705041295741,1.0,1.0,0.0,0
9.844610928930697,0.0,0.0,0.17039046482495515,1.0,0.0,0.0,0
0.16348987584309427,0.0,0.0,0.43034913941610003,1.0,1.0,0.0,0
0.1117283827680744,2.0,0.0,0.6357194220180968,1.0,1.0,1.0,0
1.9265109818941322,0.0,2.0,0.8304736972312039,1.0,0.0,0.0,0
10.988830348552744,1.0,0.0,0.4810181535770132,1.0,1.0,0.0,0
123.54221763858156,1.0,3.0,0.43197420070171955,1.0,0.0,0.0,1
54.02302037002664,2.0,2.0,0.6937732772201161,1.0,0.0,1.0,1
15.547033187593446,1.0,0.0,0.7502934440391182,1.0,1.0,0.0,1
0.8624556591271464,2.0,0.0,0.8164955771117574,1.0,1.0,0.0,0
38.26123872607137,0.0,1.0,0.8031509008613587,1.0,1.0,1.0,0
0.0,2.0,0.0,0.15438464013079492,0.0,1.0,0.0,0
50.22058007026402,0.0,0.0,0.4524663819418268,1.0,1.0,0.0,0
55.32500849907137,0.0,0.0,0.6643296939108267,1.0,1.0,1.0,0
38.87689417668789,0.0,1.0,0.7748024427875856,1.0,0.0,0.0,1
20.75114831090615,0.0,1.0,0.44678660022464145,0.0,1.0,0.0,0
47.79262184683785,0.0,1.0,0.7612070446003323,1.0,0.0,0.0,0
27.156981220800102,0.0,2.0,0.39177179612794183,1.0,1.0,0.0,0
51.255321576878316,3.0,1.0,0.23008001189384644,1.0,1.0,1.0,1
0.6519976508842027,0.0,2.0,0.7407969873717342,0.0,1.0,0.0,0
29.984326804358368,1.0,0.0,0.2833449977560715,1.0,1.0,0.0,0
7.482233500884642,0.0,3.0,0.26596405425525377,1.0,1.0,1.0,1
1.338051507615257,0.0,2.0,0.5222014608453723,1.0,1.0,1.0,0
0.0,0.0,0.0,0.6167272241635113,1.0,0.0,0.0,0
18.152481454492644,1.0,1.0,0.9458132780263333,1.0,1.0,0.0,0
44.47165191319834,1.0,1.0,0.7308772567351708,1.0,0.0,0.0,0
59.41827298234385,2.0,2.0,0.6011958189116268,1.0,1.0,0.0,1
8.700095889794675,1.0,2.0,0.5844464234467387,0.0,1.0,0.0,0
26.471067780532643,0.0,1.0,0.6605827151611067,1.0,0.0,0.0,0
56.39721930046715,0.0,0.0,0.7862411704826968,1.0,0.0,0.0,0
16.929113136846542,1.0,0.0,0.34829099657671697,1.0,1.0,1.0,0
75.61400281938748,2.0,1.0,0.34046849878516233,1.0,0.0,1.0,0
29.87533460638858,0.0,0.0,0.35939998219116387,1.0,0.0,0.0,0
41.51320018774199,0.0,1.0,0.9000270900536227,1.0,1.0,1.0,0
32.328371479587815,1.0,0.0,0.6005300066134512,1.0,0.0,1.0,0
0.0,1.0,0.0,0.6012944144173741,1.0,1.0,0.0,0
0.0,2.0,1.0,0.6099185520984509,1.0,0.0,0.0,0
30.491236914545134,2.0,5.0,0.38300306057387046,1.0,0.0,0.0,1
0.0,0.0,1.0,0.6838547786040536,1.0,1.0,0.0,0
6.382133086645172,0.0,1.0,0.14820839699188199,1.0,0.0,0.0,0
57.935603556425306,0.0,0.0,0.7396885578445399,0.0,0.0,1.0,0
36.98408213763913,2.0,0.0,0.3460165526336671,1.0,0.0,1.0,1
9.063443340051984,1.0,1.0,0.7595417085250953,1.0,0.0,0.0,0
0.0,0.0,0.0,0.5204955434477998,1.0,0.0,0.0,1
9.443984276267575,1.0,1.0,0.652305137045543,1.0,1.0,1.0,0
26.26723484697656,1.0,1.0,0.4264571519630132,1.0,0.0,0.0,0
28.226000243380152,1.0,1.0,0.45034156590797497,1.0,0.0,1.0,0
70.53744164364319,0.0,3.0,0.31619401520180707,0.0,0.0,0.0,1
26.64400881332128,0.0,1.0,0.3264236084444547,0.0,0.0,0.0,0
0.0,0.0,0.0,0.3948147250124452,1.0,1.0,0.0,0
29.37788104821721,3.0,0.0,0.15271974378876207,1.0,0.0,1.0,1
78.39227806026597,1.0,0.0,0.5419953673483161,1.0,1.0,1.0,0
28.072161406842753,0.0,1.0,0.3330686216466231,1.0,0.0,0.0,0
0.0,1.0,1.0,0.34802846630453216,1.0,0.0,0.0,0
90.99226795165833,4.0,0.0,0.7259637860527187,1.0,1.0,1.0,1
54.34546638249904,1.0,0.0,0.681480441158852,0.0,0.0,0.0,0
38.199107248197826,3.0,4.0,0.45868519666167623,1.0,0.0,0.0,1
6.38304785021432,1.0,0.0,0.2594624887461067,1.0,0.0,0.0,1
19.930545040359128,0.0,1.0,0.7656073210215445,1.0,0.0,0.0,0
12.722120966415119,1.0,2.0,0.8958565875323847,0.0,0.0,0.0,1
3.627778049452884,0.0,1.0,0.9483370289231658,1.0,0.0,0.0,0
80.69001457774941,2.0,3.0,0.4220722742822235,1.0,0.0,1.0,1
9.67182372003408,0.0,0.0,0.3024964321177054,0.0,0.0,1.0,0
0.0,0.0,0.0,0.5711562407573465,1.0,1.0,0.0,0
22.691180163934646,0.0,0.0,0.5163523271684509,1.0,1.0,0.0,0
59.368877360647254,3.0,4.0,0.5782554822489026,1.0,0.0,1.0,1
21.219159201968306,0.0,0.0,0.38321413109302693,1.0,0.0,0.0,0
9.561953698894156,1.0,0.0,0.5614648363127713,1.0,1.0,1.0,0
72.57111807956555,0.0,0.0,0.26384730973267484,1.0,0.0,0.0,0
21.634993826024257,1.0,1.0,0.789123025808602,1.0,0.0,0.0,0
10.734758058691025,1.0,1.0,0.49608210635609606,1.0,0.0,0.0,1
16.614893951278233,0.0,0.0,0.7148340994468627,1.0,0.0,0.0,0
101.51579442147334,1.0,0.0,0.1199092913734384,1.0,1.0,0.0,1
0.0,0.0,2.0,0.6552058739888562,1.0,0.0,1.0,0
125.13402915857581,1.0,2.0,0.5814341322787923,1.0,0.0,1.0,0
58.667877216183015,1.0,0.0,0.5162278854776877,1.0,0.0,0.0,0
3.5488062528621143,1.0,2.0,0.33951597426544855,1.0,0.0,0.0,1
1.7182721773750593,0.0,0.0,0.5987758258091147,0.0,0.0,0.0,0
13.551981350594838,2.0,3.0,0.8212331126578132,1.0,0.0,1.0,1
71.21298726329918,4.0,3.0,0.29519572522641313,1.0,1.0,0.0,1
14.953960811813685,1.0,0.0,0.7695813836375403,1.0,1.0,0.0,0
0.0,0.0,2.0,0.5185136675954957,1.0,1.0,0.0,0
56.059711116375595,1.0,0.0,0.37495988946167685,1.0,0.0,0.0,0
60.761464301273804,0.0,1.0,0.8645719347684169,1.0,0.0,0.0,0
8.201468945705505,0.0,0.0,0.706958905027108,1.0,0.0,0.0,0
25.386655467012936,0.0,4.0,0.8397252451801958,1.0,0.0,0.0,0
97.46315365047644,0.0,1.0,0.191613381783244,0.0,0.0,1.0,1
50.753482838945075,1.0,1.0,0.1663924629625136,1.0,1.0,1.0,1
79.34150764012183,3.0,1.0,0.372748678922702,1.0,0.0,0.0,1
33.37098653125928,1.0,2.0,0.6178238787988043,1.0,0.0,0.0,1
28.578961670304565,2.0,0.0,0.794529093551099,1.0,1.0,0.0,0
28.766106713537475,0.0,0.0,0.7490792762320306,1.0,0.0,1.0,0
15.754929161496875,0.0,0.0,0.6595124782054089,1.0,1.0,0.0,0
22.356402371347997,2.0,0.0,0.7115655250981213,1.0,0.0,0.0,0
45.28349951488056,0.0,3.0,0.45068051262308023,1.0,1.0,0.0,1
47.17246073797984,0.0,1.0,0.3060892948033444,1.0,0.0,0.0,0
0.0,0.0,0.0,0.5417790080275005,0.0,1.0,0.0,0
105.87476068741158,2.0,2.0,0.4132682857209646,1.0,0.0,0.0,1
14.615449025989108,0.0,0.0,0.4805946505093591,1.0,1.0,1.0,0
15.271400852313153,0.0,0.0,0.8683608244302233,1.0,1.0,0.0,0
33.59397799820695,1.0,0.0,0.6749327476039294,1.0,1.0,0.0,0
37.70256770153576,1.0,0.0,0.7108337434370956,1.0,1.0,0.0,0
58.610523715375,2.0,1.0,0.5936511372053895,1.0,0.0,0.0,0
53.40697705455722,3.0,1.0,0.6199195853228577,1.0,1.0,0.0,1
17.160028267905506,1.0,0.0,0.46937289634863116,1.0,1.0,0.0,0
3.82532210326802,1.0,0.0,0.30705187752567253,1.0,0.0,0.0,0
45.41646105293174,0.0,2.0,0.7893809355608981,1.0,0.0,0.0,0
0.0,1.0,2.0,0.43313990858131596,1.0,0.0,1.0,1
22.896189218735383,0.0,0.0,0.8236903090869243,1.0,0.0,1.0,1
0.0,2.0,1.0,0.570953267955621,1.0,1.0,0.0,0
0.0,3.0,2.0,0.5446833854053329,1.0,1.0,1.0,1
77.94055970945702,1.0,2.0,0.36842876834423627,1.0,1.0,0.0,1
37.835112561081026,3.0,3.0,0.03461294503403572,0.0,0.0,1.0,0
60.33846052767329,1.0,0.0,0.3215809569195001,1.0,0.0,0.0,1
7.435882588048832,0.0,0.0,0.8515207975295214,1.0,0.0,0.0,0
0.0,3.0,2.0,0.7877254681343556,1.0,0.0,1.0,1
10.173917908110475,0.0,0.0,0.6659956837906509,1.0,1.0,1.0,0
36.595012663937744,0.0,0.0,0.9418608579341795,1.0,1.0,0.0,0
36.2226823089358,1.0,2.0,0.8352940256702842,1.0,0.0,0.0,0
23.720752851579327,3.0,3.0,0.522368960348454,1.0,1.0,1.0,1
27.865276146777955,0.0,2.0,0.5586578155144075,1.0,0.0,0.0,0
0.20846013503706473,0.0,1.0,0.4568896205839708,1.0,1.0,0.0,0
28.080525011847115,0.0,3.0,0.8525785420448795,1.0,0.0,1.0,0
39.38341208346527,0.0,1.0,0.7812117541330292,1.0,0.0,1.0,1
0.0,0.0,0.0,0.4832539800269112,0.0,1.0,0.0,0
2.800162138343527,0.0,2.0,0.5905515774820348,1.0,0.0,1.0,1
71.24239179030786,0.0,2.0,0.3866644716301905,1.0,1.0,0.0,0
0.0,0.0,1.0,0.25537766172662507,1.0,1.0,0.0,0
52.00190750257099,2.0,1.0,0.6442863585138277,1.0,0.0,0.0,1
0.0,1.0,1.0,0.952535490750194,0.0,0.0,1.0,0
57.8090381991069,2.0,0.0,0.4941445703469033,1.0,0.0,0.0,0
35.12624810652034,1.0,1.0,0.9124350243851672,1.0,0.0,0.0,0
24.590418893910847,0.0,1.0,0.8721328064606462,1.0,0.0,1.0,0
0.0,1.0,0.0,0.4309842335618832,1.0,0.0,0.0,0
48.30751699207791,3.0,3.0,0.09297053634270558,1.0,0.0,1.0,1
96.63616070682251,1.0,2.0,0.17837124689559664,0.0,0.0,1.0,1
18.266386636479783,1.0,2.0,0.27515668745455046,1.0,0.0,0.0,1
83.46743034982518,0.0,2.0,0.6848433400932084,1.0,1.0,0.0,0
88.37433623500173,2.0,2.0,0.35560430224192147,1.0,0.0,1.0,1
36.89043367467857,0.0,1.0,0.8893678417183936,1.0,0.0,1.0,0
73.27933496932243,1.0,0.0,0.8937799070134111,1.0,1.0,0.0,0
28.32158913063636,1.0,0.0,0.5397529904838166,1.0,0.0,0.0,0
86.37042676380462,1.0,1.0,0.48618117957040574,1.0,1.0,0.0,0
35.682316658317234,0.0,1.0,0.4416407190822678,1.0,1.0,0.0,0
45.41411529198489,0.0,2.0,0.6926727146769158,1.0,1.0,0.0,0
7.382845354720175,0.0,0.0,0.5098772375149275,1.0,1.0,0.0,0
54.58861505613535,1.0,1.0,0.23637372411994018,1.0,0.0,1.0,1
45.90689516356986,3.0,0.0,0.3161686481130078,1.0,1.0,0.0,0
41.298141851989925,1.0,0.0,0.7109323016984489,1.0,0.0,0.0,0
55.884672619145626,2.0,2.0,0.7418722370394741,1.0,1.0,0.0,0
0.0,1.0,0.0,0.9618138314309815,1.0,1.0,0.0,0
0.0,0.0,0.0,0.36096226565965217,1.0,1.0,0.0,0
127.76929870887298,4.0,2.0,0.33271484069384133,1.0,1.0,1.0,1
1.0466738676779812,0.0,1.0,0.8515526796729086,1.0,0.0,0.0,0
8.67436449800712,0.0,1.0,0.5418470071620277,1.0,0.0,0.0,0
0.0,0.0,0.0,0.22102397385693712,0.0,0.0,0.0,0
52.30992265637851,2.0,2.0,0.35405940756359316,0.0,0.0,1.0,1
15.268562876442665,0.0,0.0,0.3497950695258768,1.0,1.0,0.0,0
33.44225362039036,0.0,0.0,0.6827034037902552,1.0,1.0,0.0,0
136.42251624087342,0.0,2.0,0.7059763420333567,1.0,0.0,0.0,1
69.51387657052183,0.0,1.0,0.610596000908138,1.0,0.0,0.0,0
0.0,0.0,0.0,0.43068286553326035,1.0,0.0,1.0,0
0.0,1.0,1.0,0.6093710401581142,1.0,1.0,0.0,0
4.398324853523742,0.0,1.0,0.6631381044725011,1.0,0.0,0.0,0
33.56977661236645,0.0,3.0,0.7770450372868253,1.0,0.0,1.0,1
15.169091972315833,0.0,1.0,0.8427986133965107,1.0,1.0,0.0,0
88.72346166524818,0.0,1.0,0.709551092963765,0.0,1.0,0.0,1
30.45836536573551,1.0,1.0,0.6435461296593928,1.0,1.0,0.0,0
122.05924411486235,2.0,0.0,0.21544043261989199,1.0,0.0,0.0,1
62.56528110536304,5.0,0.0,0.24304991243399546,1.0,0.0,1.0,1
84.65697645369815,0.0,1.0,0.40040554317572125,0.0,0.0,0.0,1
0.0,0.0,0.0,0.5480568631757551,1.0,1.0,0.0,0
0.0,0.0,1.0,0.4744015366539952,1.0,1.0,0.0,0
0.0,0.0,0.0,0.7352449453713719,1.0,1.0,0.0,0
16.33628792442163,0.0,0.0,0.6563046579427853,1.0,0.0,0.0,0
18.762274323427178,0.0,0.0,0.31934942465093136,1.0,0.0,0.0,0
6.805380325474957,0.0,1.0,0.3532871303861758,1.0,1.0,1.0,0
3.406694706938462,0.0,0.0,0.35532393430694653,1.0,1.0,1.0,0
8.062676398508072,0.0,1.0,0.46768782705721174,1.0,0.0,0.0,0
94.01168291273669,0.0,1.0,0.19357376258690848,1.0,1.0,0.0,0
93.81490612578817,1.0,1.0,0.2058324666671609,0.0,0.0,1.0,1
0.0,0.0,1.0,0.23570959138866837,1.0,0.0,1.0,0
73.7968285026222,3.0,1.0,0.5048439359566389,1.0,0.0,0.0,1
14.784324172561679,0.0,0.0,0.6667767255759389,1.0,1.0,1.0,0
9.482169145838967,2.0,2.0,0.5615688310413577,1.0,1.0,1.0,0
36.62914479027461,0.0,2.0,0.7708584075517898,0.0,1.0,0.0,0
72.46510179355451,2.0,0.0,0.4995574820407533,1.0,1.0,0.0,1
54.75228370191008,0.0,5.0,0.8272052103079426,1.0,0.0,1.0,1
0.0,1.0,1.0,0.5791623060637096,1.0,1.0,0.0,0
75.75323661819891,1.0,3.0,0.15974298519122057,1.0,0.0,1.0,1
0.9923679348859373,0.0,2.0,0.6993561831235241,1.0,1.0,1.0,0
170.7802897262563,0.0,0.0,0.3132593045235006,1.0,1.0,0.0,1
18.223133488810117,2.0,1.0,0.8243703559850492,1.0,0.0,0.0,0
41.534055475118635,4.0,0.0,0.4256696681090202,1.0,1.0,1.0,1
0.0,2.0,2.0,0.4021396196015482,1.0,1.0,1.0,0
46.019232168173005,4.0,1.0,0.7707629888667328,1.0,0.0,1.0,1
9.858077469517818,0.0,2.0,0.5117597161856942,1.0,0.0,0.0,0
1.6811536201099493,1.0,0.0,0.6225169778654545,1.0,0.0,1.0,0
33.97373863699197,0.0,1.0,0.8047770020737257,1.0,0.0,0.0,0
12.829091086725654,0.0,1.0,0.687094842334001,1.0,1.0,0.0,0
0.0,3.0,0.0,0.9590353141113896,1.0,0.0,1.0,1
67.78667145040772,0.0,1.0,0.5631337624665743,1.0,1.0,0.0,0
21.62774238704401,3.0,2.0,0.1554806562867224,1.0,0.0,0.0,1
66.07465130064918,3.0,4.0,0.38820906699535085,1.0,1.0,0.0,1
25.35834820260601,0.0,1.0,0.739334953829717,1.0,1.0,0.0,0
159.10769967422794,0.0,1.0,0.7162665781997626,1.0,1.0,0.0,0
0.0,1.0,1.0,0.7138632321197639,1.0,0.0,0.0,0
0.0,1.0,0.0,0.4451458743181219,0.0,1.0,0.0,0
50.22166854389474,1.0,2.0,0.46698536164000176,1.0,0.0,1.0,1
10.40582703784815,3.0,1.0,0.4718887144886896,1.0,1.0,0.0,0
42.465826648727806,0.0,1.0,0.3954412719856007,1.0,0.0,0.0,0
34.22316748474945,1.0,1.0,0.5975091361656697,1.0,1.0,0.0,0
8.62527686304152,1.0,0.0,0.21171008228416105,1.0,0.0,1.0,0
6.256081090678201,1.0,2.0,0.6507286829654855,1.0,0.0,0.0,0
32.43368172849634,0.0,0.0,0.7215637651106076,1.0,0.0,1.0,0
30.96827910571845,0.0,1.0,0.8827183120516112,1.0,0.0,0.0,0
24.017866271326604,0.0,0.0,0.8453364495337614,1.0,1.0,0.0,0
38.25637111633293,4.0,2.0,0.3262623982530393,0.0,0.0,1.0,1
7.388973106820461,1.0,0.0,0.8378601403329426,1.0,1.0,0.0,0
25.982250939970072,2.0,0.0,0.6675651775951468,1.0,0.0,0.0,0
4.930994869507075,0.0,3.0,0.7760433264603405,1.0,0.0,0.0,1
16.00404381651827,0.0,0.0,0.7361548515997639,1.0,1.0,0.0,0
10.398404193094397,0.0,1.0,0.8042641181325156,1.0,0.0,1.0,0
67.772413627367,0.0,1.0,0.9249911441675212,0.0,1.0,0.0,1
7.632993814258779,2.0,3.0,0.8075032581765054,1.0,0.0,0.0,0
119.20985304793727,2.0,2.0,0.11711584096480104,1.0,0.0,1.0,1
28.0141862822561,1.0,0.0,0.7883701990127733,1.0,1.0,0.0,0
75.29892805072467,1.0,1.0,0.14624773187454518,1.0,0.0,1.0,1
10.132977597822677,0.0,0.0,0.619162442041057,1.0,1.0,1.0,0
31.47730836411128,2.0,1.0,0.43972875932681005,1.0,0.0,1.0,1
29.09167422537385,2.0,0.0,0.5165706494983717,1.0,0.0,0.0,0
19.26194877866438,0.0,0.0,0.5360904471596172,1.0,1.0,1.0,0
32.53058062206557,0.0,3.0,0.471004499631467,1.0,1.0,0.0,0
43.92661117843371,1.0,1.0,0.8643590450187594,1.0,1.0,1.0,0
104.85034260847698,0.0,2.0,0.26447829435961234,1.0,0.0,0.0,1
39.34450294899351,1.0,0.0,0.7235017706457246,1.0,1.0,0.0,1
40.88902352014836,1.0,3.0,0.6925241536558271,1.0,0.0,1.0,1
29.59760770030157,0.0,1.0,0.6715184396275017,1.0,0.0,1.0,0
26.13932146855322,0.0,0.0,0.46076994928447745,0.0,0.0,0.0,0
0.0,1.0,1.0,0.9381198864519594,1.0,0.0,1.0,0
25.538147784295,2.0,6.0,0.7328014297474164,0.0,0.0,1.0,1
68.56459325529465,3.0,0.0,0.30802481337269055,1.0,1.0,0.0,1
5.579596761712231,1.0,2.0,0.8762966990144951,1.0,1.0,0.0,0
5.636847561267834,0.0,0.0,0.7130844563348804,1.0,1.0,0.0,0
72.5948362415815,1.0,2.0,0.3130541857622193,1.0,0.0,1.0,1
42.09380798533134,2.0,1.0,0.8125999769043276,1.0,0.0,1.0,1
35.99040952489843,2.0,3.0,0.11994319387261199,1.0,0.0,1.0,0
92.16800193446178,2.0,2.0,0.15009275813095743,0.0,0.0,1.0,1
39.48510532922914,1.0,1.0,0.8333397141696416,1.0,0.0,1.0,0
27.163135524017214,1.0,0.0,0.5721493814858953,1.0,0.0,0.0,1
88.642365712767,1.0,1.0,0.5386575149692047,1.0,0.0,0.0,1
33.756254813389845,2.0,3.0,0.8799549788321591,1.0,0.0,1.0,1
61.825361461513424,0.0,2.0,0.6538056627055537,1.0,1.0,0.0,0
26.05167446394467,0.0,0.0,0.7384934885123766,1.0,1.0,0.0,0
13.436279055281446,0.0,1.0,0.5403152638336922,1.0,1.0,0.0,0
37.840513511508135,1.0,0.0,0.9286476660704782,0.0,0.0,1.0,0
6.768005916079918,0.0,1.0,0.7370283845492989,0.0,1.0,0.0,1
104.23865061069506,0.0,1.0,0.45524519544233905,1.0,1.0,0.0,0
15.015737850338722,1.0,0.0,0.3101356263227642,1.0,0.0,0.0,0
10.12509952471375,2.0,3.0,0.617622620024726,1.0,1.0,0.0,0
31.920961741050846,0.0,0.0,0.8116201991519868,1.0,1.0,0.0,0
0.0,2.0,0.0,0.6362997732769651,1.0,1.0,0.0,0
37.59527378786299,0.0,2.0,0.5783740454284563,1.0,0.0,0.0,1
78.32694654086143,7.0,3.0,0.5500987308533427,1.0,1.0,0.0,1
55.47099886869799,0.0,0.0,0.940366272774825,1.0,0.0,0.0,0
18.46302744690812,0.0,2.0,0.6667133807330873,1.0,1.0,0.0,0
0.0,1.0,0.0,0.19534206826916786,1.0,0.0,0.0,0
0.0,0.0,0.0,0.785875152670136,1.0,1.0,0.0,1
63.9522746904977,1.0,0.0,0.5558690763568145,1.0,1.0,0.0,1
33.385095949659444,0.0,2.0,0.5774269767709136,1.0,0.0,0.0,0
0.0,0.0,0.0,0.7226887620854086,1.0,0.0,0.0,0
80.19259318056422,0.0,1.0,0.34797177545764646,0.0,1.0,0.0,0
0.0,0.0,2.0,0.47528200781802826,0.0,1.0,1.0,0
23.99043653399155,0.0,0.0,0.2701893018513493,1.0,0.0,0.0,0
8.107805067306883,0.0,0.0,0.6900360271033571,1.0,1.0,0.0,0
44.24542034911923,2.0,0.0,0.16754180785647166,1.0,1.0,0.0,0
163.08013253430838,1.0,3.0,0.463778557942803,1.0,0.0,1.0,1
66.73055709849929,2.0,1.0,0.6440097085805067,1.0,0.0,1.0,0
4.45143302516149,0.0,3.0,0.7911490540408925,1.0,0.0,0.0,0
70.66289992982672,0.0,2.0,0.164084200785045,1.0,0.0,1.0,0
12.378436992470771,1.0,1.0,0.7471958760074997,0.0,1.0,0.0,0
75.83481800383966,0.0,0.0,0.8315794176875498,1.0,1.0,1.0,0
45.61058043500048,2.0,5.0,0.026181991423763,0.0,0.0,1.0,1
117.72369484923988,1.0,1.0,0.7200776465665586,1.0,0.0,0.0,0
0.0,0.0,3.0,0.6580717878142692,1.0,0.0,0.0,0
36.81888048434067,1.0,1.0,0.8291103099743113,1.0,1.0,1.0,1
0.0,0.0,2.0,0.45694363102351937,1.0,1.0,0.0,0
78.26838699631679,1.0,0.0,0.5312471035737324,1.0,0.0,1.0,1
0.0,0.0,0.0,0.6966434330084574,1.0,1.0,0.0,0
90.49535306757542,2.0,0.0,0.2609834522778501,1.0,0.0,0.0,1
43.18786163964704,4.0,1.0,0.053298159018460634,1.0,0.0,0.0,1
31.164969006602078,0.0,0.0,0.8021738374310203,1.0,1.0,0.0,1
18.284820508814228,2.0,0.0,0.7263857570709238,1.0,1.0,1.0,0
0.0,0.0,0.0,0.917052411846393,1.0,0.0,0.0,0
40.020175140378655,0.0,0.0,0.48757513010852616,1.0,1.0,0.0,0
1.7367959392981582,1.0,0.0,0.5748190376364254,1.0,0.0,1.0,1
38.54058702664774,0.0,0.0,0.43900602580817616,1.0,1.0,0.0,0
67.13256450112155,2.0,0.0,0.7799117372655352,1.0,0.0,0.0,0
38.23301323347275,1.0,1.0,0.5333652215312514,1.0,1.0,1.0,0
72.7235861339451,1.0,0.0,0.7101073548695604,1.0,1.0,1.0,0
0.0,0.0,0.0,0.671675537819988,1.0,0.0,1.0,1
28.59745575011128,2.0,1.0,0.6529041120769957,1.0,1.0,0.0,0
80.21053211947901,1.0,1.0,0.6372274822741476,1.0,1.0,0.0,0
99.38393349704509,0.0,1.0,0.7289663680522288,1.0,1.0,0.0,0
21.316297140524057,0.0,2.0,0.723207332405097,1.0,1.0,0.0,0
39.2669204108426,0.0,4.0,0.8131167066462882,1.0,1.0,0.0,1
0.0,0.0,2.0,0.21252311964505569,1.0,1.0,0.0,0
25.567310735156155,0.0,1.0,0.7589710388936571,1.0,0.0,0.0,0
11.112375230781184,0.0,2.0,0.9081510883525128,1.0,0.0,0.0,0
12.481411367719794,0.0,1.0,0.37371182556682897,1.0,0.0,1.0,0
11.881024797391746,1.0,0.0,0.8835790483633679,1.0,1.0,0.0,0
40.00241522512094,2.0,1.0,0.4856178253695065,1.0,1.0,0.0,0
52.97912630840163,0.0,0.0,0.7169936557233427,1.0,1.0,0.0,0
38.30419813853514,2.0,1.0,0.8750075577161052,1.0,1.0,1.0,0
7.17949682371315,1.0,0.0,0.45115966279388875,1.0,1.0,0.0,0
63.06513407221702,1.0,2.0,0.15549534519311006,1.0,1.0,1.0,1
83.43988316028772,3.0,2.0,0.4695096388999166,1.0,1.0,0.0,1
29.757374430208333,2.0,0.0,0.8483825103761145,0.0,0.0,0.0,0
28.45217000484403,1.0,3.0,0.6483856856093195,1.0,1.0,0.0,0
49.85152021177627,1.0,0.0,0.3321722584371616,1.0,1.0,0.0,0
67.52514957717214,1.0,2.0,0.187258236291886,1.0,0.0,0.0,1
20.756833521972585,0.0,1.0,0.9005921572997403,1.0,1.0,0.0,0
107.17905230495151,1.0,2.0,0.3170527654885172,1.0,0.0,1.0,1
0.0,2.0,0.0,0.7032325672371856,0.0,1.0,1.0,0
5.043483831790731,0.0,2.0,0.7750270341776814,1.0,1.0,1.0,0
18.1760062733391,1.0,1.0,0.7965520770228242,1.0,1.0,0.0,0
37.99553979919824,0.0,0.0,0.486027259926277,1.0,0.0,0.0,0
38.35055660608671,0.0,1.0,0.7004781457989382,1.0,0.0,0.0,0
13.37469864996519,0.0,1.0,0.23497263363661305,1.0,0.0,0.0,0
104.3531174832066,3.0,4.0,0.5131128186368877,1.0,1.0,0.0,1
65.40046650929509,0.0,1.0,0.7895119594344548,1.0,1.0,0.0,0
43.98282047732072,1.0,6.0,0.28621795705815034,1.0,0.0,0.0,0
0.0,0.0,0.0,0.8221241624888541,1.0,1.0,0.0,0
40.399874559152366,3.0,4.0,0.4287308640529206,1.0,1.0,0.0,0
7.5574739523528365,1.0,2.0,0.7282208730685341,1.0,0.0,1.0,1
7.293505921259317,0.0,0.0,0.801883207861087,1.0,1.0,1.0,0
0.0,0.0,1.0,0.7745032910620764,1.0,1.0,0.0,0
49.44983868797066,0.0,1.0,0.5323341399642925,1.0,0.0,0.0,0
0.0,0.0,2.0,0.6137723318608959,1.0,0.0,1.0,1
19.908977273869095,1.0,0.0,0.9810157569464275,1.0,0.0,0.0,0
0.0,0.0,0.0,0.5377246786970008,1.0,0.0,1.0,0
0.0,1.0,1.0,0.19432945314097366,1.0,0.0,0.0,1
107.62501342038546,2.0,2.0,0.5058489036222067,0.0,0.0,1.0,1
6.904457420382949,0.0,0.0,0.8692856703041787,1.0,0.0,1.0,0
62.830891771482186,0.0,0.0,0.6335375763097452,1.0,1.0,1.0,0
8.209861144998698,2.0,2.0,0.3746324577341607,1.0,1.0,0.0,0
3.962155603770551,0.0,0.0,0.9051616540890565,1.0,1.0,0.0,0
39.59438211762624,1.0,1.0,0.4917835447567652,1.0,0.0,0.0,0
25.45876565648838,1.0,5.0,0.7211245741223612,1.0,1.0,1.0,1
0.0,1.0,1.0,0.6124284632396396,1.0,1.0,1.0,0
44.8606293948769,0.0,0.0,0.7558487086098002,1.0,0.0,0.0,0
71.68576579059432,1.0,0.0,0.8786848682576228,1.0,0.0,0.0,1
12.084101783537651,1.0,2.0,0.4316339717061266,1.0,0.0,1.0,1
18.89586787142958,0.0,3.0,0.7348058437126006,1.0,0.0,1.0,1
52.708620260107324,0.0,0.0,0.45420963409727194,1.0,1.0,1.0,0
0.0,0.0,1.0,0.7119643990588406,1.0,1.0,0.0,0
59.86191598534912,1.0,1.0,0.5809573807574366,1.0,1.0,0.0,1
102.13803817632741,1.0,3.0,0.1404385598821949,0.0,0.0,0.0,1
0.0,2.0,2.0,0.3303314399929724,1.0,1.0,0.0,0
30.775592833183115,1.0,0.0,0.7192493924810885,1.0,0.0,0.0,0
0.0,1.0,1.0,0.70324053216513,1.0,1.0,0.0,0
27.862303800254626,1.0,1.0,0.3588186418442772,1.0,1.0,1.0,1
3.24237454279303,2.0,1.0,0.7781376510496787,1.0,1.0,1.0,1
33.83770466875199,3.0,3.0,0.2754359628062275,1.0,0.0,0.0,1
49.7000787688818,1.0,3.0,0.8175131730990816,1.0,0.0,1.0,1
23.097308366012356,1.0,3.0,0.8861380185499311,1.0,0.0,0.0,1
44.24024836233218,0.0,0.0,0.20843684508973415,0.0,1.0,1.0,1
0.0,0.0,3.0,0.5146450920545739,1.0,0.0,0.0,1
32.46943016651145,1.0,2.0,0.6607705567750333,1.0,1.0,0.0,0
17.90139483939086,1.0,3.0,0.1592211608292935,1.0,0.0,1.0,1
117.7259200684096,1.0,5.0,0.25520943163111637,1.0,0.0,0.0,1
17.154226106460143,1.0,1.0,0.7950262473622075,1.0,0.0,1.0,0
20.530477859988267,0.0,2.0,0.8674783452948759,1.0,0.0,0.0,0
63.890407907953545,4.0,1.0,0.5904534171087084,1.0,0.0,0.0,1
39.22081013762323,1.0,0.0,0.816527099354871,1.0,1.0,0.0,0
9.238470598052537,1.0,0.0,0.4342181625076701,1.0,1.0,0.0,0
13.066016787892925,1.0,2.0,0.5085322477443379,1.0,0.0,0.0,0
7.87618296972177,0.0,0.0,0.4513499945361017,1.0,1.0,0.0,0
31.044850162823085,2.0,1.0,0.826015131842396,1.0,0.0,1.0,0
9.768228105177178,1.0,0.0,0.6760826849172669,1.0,0.0,0.0,0
39.265804610243094,0.0,0.0,0.7189828388243376,1.0,0.0,0.0,0
35.50381809994981,0.0,0.0,0.7236534136244993,1.0,1.0,1.0,0
21.30550837057273,1.0,4.0,0.7825292311195363,1.0,0.0,0.0,1
116.90427658697287,1.0,2.0,0.4581212086879511,1.0,0.0,0.0,1
10.91531751745102,0.0,0.0,0.6397561822914251,1.0,0.0,0.0,0
0.0,1.0,0.0,0.7629261549858115,1.0,1.0,0.0,1
18.631245772776623,1.0,0.0,0.9072575289842857,1.0,1.0,1.0,0
19.241731379945897,0.0,0.0,0.9145924859353622,1.0,0.0,0.0,1
36.20011735438521,3.0,3.0,0.3442036686987302,1.0,0.0,1.0,0
63.105582680019985,2.0,1.0,0.28648676750860896,1.0,0.0,1.0,1
38.64821226719874,1.0,5.0,0.3432586365330979,1.0,0.0,1.0,1
43.85044305693328,0.0,0.0,0.8973007081899852,1.0,1.0,0.0,0
48.90350119486015,0.0,0.0,0.7820051122031505,1.0,0.0,1.0,0
0.0,0.0,1.0,0.47937599916186374,1.0,1.0,0.0,0
18.709731907860963,0.0,2.0,0.5395249899409948,1.0,1.0,0.0,0
35.19790288066391,0.0,0.0,0.8593970924169857,1.0,0.0,0.0,0
16.46016085903416,0.0,0.0,0.497128237171817,1.0,0.0,0.0,0
20.84439483425159,0.0,1.0,0.6991490350927083,0.0,0.0,0.0,0
21.89398725542218,1.0,0.0,0.546865966094638,1.0,0.0,0.0,0
0.0,2.0,0.0,0.18153383856605856,1.0,0.0,0.0,0
23.32128724480725,1.0,1.0,0.9187660415782246,1.0,0.0,1.0,1
8.285268026971547,0.0,2.0,0.26245515246582407,1.0,1.0,0.0,0
4.553410444644108,1.0,1.0,0.5103722195092225,0.0,1.0,0.0,1
23.230718312054634,0.0,0.0,0.9240574199340024,0.0,1.0,0.0,0
20.27891187751784,1.0,2.0,0.238785188645661,1.0,0.0,1.0,1
96.63907564518667,2.0,4.0,0.5509308000481403,1.0,1.0,1.0,1
75.13199492397328,2.0,2.0,0.32856952387678806,1.0,1.0,1.0,1
65.74080886388656,0.0,2.0,0.310478829713338,1.0,0.0,0.0,0
2.6868839282656194,0.0,1.0,0.9826291648867368,1.0,1.0,0.0,0
0.0,1.0,2.0,0.7815755432436065,1.0,0.0,0.0,0
62.228381336803174,1.0,2.0,0.5437249511476345,1.0,1.0,0.0,0
0.0,0.0,1.0,0.42546966358187244,1.0,1.0,1.0,0
23.719665190598764,2.0,2.0,0.5537462649279612,1.0,0.0,0.0,1
60.44536963239359,1.0,2.0,0.4366581256196943,1.0,0.0,1.0,0
19.084938748851194,0.0,1.0,0.5354462622011333,1.0,0.0,0.0,0
35.021929644831744,2.0,0.0,0.8014938249638751,1.0,1.0,1.0,1
0.0,0.0,0.0,0.6344508207029871,1.0,0.0,0.0,0
179.518980571263,1.0,1.0,0.5841423526887749,1.0,1.0,0.0,0
